split,label,patch_path,source_path,crop
train,bridge,E:\Xray\Xray\pcb_xray_annotation_workspace\bridge_roi_dataset\train\bridge\bridge_0006_b00_s0_j0.jpg,E:\Xray\Xray\pcb_xray_annotation_workspace\images\bridge\bridge_0006.jpg,"(57, 407, 398, 748)"
train,bridge,E:\Xray\Xray\pcb_xray_annotation_workspace\bridge_roi_dataset\train\bridge\bridge_0006_b00_s0_j1.jpg,E:\Xray\Xray\pcb_xray_annotation_workspace\images\bridge\bridge_0006.jpg,"(16, 407, 357, 748)"
train,bridge,E:\Xray\Xray\pcb_xray_annotation_workspace\bridge_roi_dataset\train\bridge\bridge_0006_b00_s0_j2.jpg,E:\Xray\Xray\pcb_xray_annotation_workspace\images\bridge\bridge_0006.jpg,"(98, 407, 439, 748)"
train,bridge,E:\Xray\Xray\pcb_xray_annotation_workspace\bridge_roi_dataset\train\bridge\bridge_0006_b00_s0_j3.jpg,E:\Xray\Xray\pcb_xray_annotation_workspace\images\bridge\bridge_0006.jpg,"(57, 367, 398, 708)"
train,bridge,E:\Xray\Xray\pcb_xray_annotation_workspace\bridge_roi_dataset\train\bridge\bridge_0006_b00_s0_j4.jpg,E:\Xray\Xray\pcb_xray_annotation_workspace\images\bridge\bridge_0006.jpg,"(57, 448, 398, 789)"
train,bridge,E:\Xray\Xray\pcb_xray_annotation_workspace\bridge_roi_dataset\train\bridge\bridge_0006_b00_s1_j0.jpg,E:\Xray\Xray\pcb_xray_annotation_workspace\images\bridge\bridge_0006.jpg,"(0, 350, 455, 805)"
train,bridge,E:\Xray\Xray\pcb_xray_annotation_workspace\bridge_roi_dataset\train\bridge\bridge_0006_b00_s1_j1.jpg,E:\Xray\Xray\pcb_xray_annotation_workspace\images\bridge\bridge_0006.jpg,"(0, 350, 455, 805)"
train,bridge,E:\Xray\Xray\pcb_xray_annotation_workspace\bridge_roi_dataset\train\bridge\bridge_0006_b00_s1_j2.jpg,E:\Xray\Xray\pcb_xray_annotation_workspace\images\bridge\bridge_0006.jpg,"(55, 350, 510, 805)"
train,bridge,E:\Xray\Xray\pcb_xray_annotation_workspace\bridge_roi_dataset\train\bridge\bridge_0006_b00_s1_j3.jpg,E:\Xray\Xray\pcb_xray_annotation_workspace\images\bridge\bridge_0006.jpg,"(0, 296, 455, 751)"
train,bridge,E:\Xray\Xray\pcb_xray_annotation_workspace\bridge_roi_dataset\train\bridge\bridge_0006_b00_s1_j4.jpg,E:\Xray\Xray\pcb_xray_annotation_workspace\images\bridge\bridge_0006.jpg,"(0, 405, 455, 860)"
train,bridge,E:\Xray\Xray\pcb_xray_annotation_workspace\bridge_roi_dataset\train\bridge\bridge_0006_b00_s2_j0.jpg,E:\Xray\Xray\pcb_xray_annotation_workspace\images\bridge\bridge_0006.jpg,"(0, 293, 569, 862)"
train,bridge,E:\Xray\Xray\pcb_xray_annotation_workspace\bridge_roi_dataset\train\bridge\bridge_0006_b00_s2_j1.jpg,E:\Xray\Xray\pcb_xray_annotation_workspace\images\bridge\bridge_0006.jpg,"(0, 293, 569, 862)"
train,bridge,E:\Xray\Xray\pcb_xray_annotation_workspace\bridge_roi_dataset\train\bridge\bridge_0006_b00_s2_j2.jpg,E:\Xray\Xray\pcb_xray_annotation_workspace\images\bridge\bridge_0006.jpg,"(12, 293, 581, 862)"
train,bridge,E:\Xray\Xray\pcb_xray_annotation_workspace\bridge_roi_dataset\train\bridge\bridge_0006_b00_s2_j3.jpg,E:\Xray\Xray\pcb_xray_annotation_workspace\images\bridge\bridge_0006.jpg,"(0, 225, 569, 794)"
train,bridge,E:\Xray\Xray\pcb_xray_annotation_workspace\bridge_roi_dataset\train\bridge\bridge_0006_b00_s2_j4.jpg,E:\Xray\Xray\pcb_xray_annotation_workspace\images\bridge\bridge_0006.jpg,"(0, 362, 569, 931)"
train,bridge,E:\Xray\Xray\pcb_xray_annotation_workspace\bridge_roi_dataset\train\bridge\bridge_0020_b00_s0_j0.jpg,E:\Xray\Xray\pcb_xray_annotation_workspace\images\bridge\bridge_0020.jpg,"(880, 133, 1104, 357)"
train,bridge,E:\Xray\Xray\pcb_xray_annotation_workspace\bridge_roi_dataset\train\bridge\bridge_0020_b00_s0_j1.jpg,E:\Xray\Xray\pcb_xray_annotation_workspace\images\bridge\bridge_0020.jpg,"(853, 133, 1077, 357)"
train,bridge,E:\Xray\Xray\pcb_xray_annotation_workspace\bridge_roi_dataset\train\bridge\bridge_0020_b00_s0_j2.jpg,E:\Xray\Xray\pcb_xray_annotation_workspace\images\bridge\bridge_0020.jpg,"(907, 133, 1131, 357)"
train,bridge,E:\Xray\Xray\pcb_xray_annotation_workspace\bridge_roi_dataset\train\bridge\bridge_0020_b00_s0_j3.jpg,E:\Xray\Xray\pcb_xray_annotation_workspace\images\bridge\bridge_0020.jpg,"(880, 106, 1104, 330)"
train,bridge,E:\Xray\Xray\pcb_xray_annotation_workspace\bridge_roi_dataset\train\bridge\bridge_0020_b00_s0_j4.jpg,E:\Xray\Xray\pcb_xray_annotation_workspace\images\bridge\bridge_0020.jpg,"(880, 160, 1104, 384)"
train,bridge,E:\Xray\Xray\pcb_xray_annotation_workspace\bridge_roi_dataset\train\bridge\bridge_0020_b00_s1_j0.jpg,E:\Xray\Xray\pcb_xray_annotation_workspace\images\bridge\bridge_0020.jpg,"(880, 133, 1104, 357)"
train,bridge,E:\Xray\Xray\pcb_xray_annotation_workspace\bridge_roi_dataset\train\bridge\bridge_0020_b00_s1_j1.jpg,E:\Xray\Xray\pcb_xray_annotation_workspace\images\bridge\bridge_0020.jpg,"(853, 133, 1077, 357)"
train,bridge,E:\Xray\Xray\pcb_xray_annotation_workspace\bridge_roi_dataset\train\bridge\bridge_0020_b00_s1_j2.jpg,E:\Xray\Xray\pcb_xray_annotation_workspace\images\bridge\bridge_0020.jpg,"(907, 133, 1131, 357)"
train,bridge,E:\Xray\Xray\pcb_xray_annotation_workspace\bridge_roi_dataset\train\bridge\bridge_0020_b00_s1_j3.jpg,E:\Xray\Xray\pcb_xray_annotation_workspace\images\bridge\bridge_0020.jpg,"(880, 106, 1104, 330)"
train,bridge,E:\Xray\Xray\pcb_xray_annotation_workspace\bridge_roi_dataset\train\bridge\bridge_0020_b00_s1_j4.jpg,E:\Xray\Xray\pcb_xray_annotation_workspace\images\bridge\bridge_0020.jpg,"(880, 160, 1104, 384)"
train,bridge,E:\Xray\Xray\pcb_xray_annotation_workspace\bridge_roi_dataset\train\bridge\bridge_0020_b00_s2_j0.jpg,E:\Xray\Xray\pcb_xray_annotation_workspace\images\bridge\bridge_0020.jpg,"(867, 120, 1117, 370)"
train,bridge,E:\Xray\Xray\pcb_xray_annotation_workspace\bridge_roi_dataset\train\bridge\bridge_0020_b00_s2_j1.jpg,E:\Xray\Xray\pcb_xray_annotation_workspace\images\bridge\bridge_0020.jpg,"(837, 120, 1087, 370)"
train,bridge,E:\Xray\Xray\pcb_xray_annotation_workspace\bridge_roi_dataset\train\bridge\bridge_0020_b00_s2_j2.jpg,E:\Xray\Xray\pcb_xray_annotation_workspace\images\bridge\bridge_0020.jpg,"(897, 120, 1147, 370)"
train,bridge,E:\Xray\Xray\pcb_xray_annotation_workspace\bridge_roi_dataset\train\bridge\bridge_0020_b00_s2_j3.jpg,E:\Xray\Xray\pcb_xray_annotation_workspace\images\bridge\bridge_0020.jpg,"(867, 90, 1117, 340)"
train,bridge,E:\Xray\Xray\pcb_xray_annotation_workspace\bridge_roi_dataset\train\bridge\bridge_0020_b00_s2_j4.jpg,E:\Xray\Xray\pcb_xray_annotation_workspace\images\bridge\bridge_0020.jpg,"(867, 150, 1117, 400)"
train,bridge,E:\Xray\Xray\pcb_xray_annotation_workspace\bridge_roi_dataset\train\bridge\bridge_0021_b00_s0_j0.jpg,E:\Xray\Xray\pcb_xray_annotation_workspace\images\bridge\bridge_0021.jpg,"(0, 568, 768, 1336)"
train,bridge,E:\Xray\Xray\pcb_xray_annotation_workspace\bridge_roi_dataset\train\bridge\bridge_0021_b00_s0_j1.jpg,E:\Xray\Xray\pcb_xray_annotation_workspace\images\bridge\bridge_0021.jpg,"(0, 568, 768, 1336)"
train,bridge,E:\Xray\Xray\pcb_xray_annotation_workspace\bridge_roi_dataset\train\bridge\bridge_0021_b00_s0_j2.jpg,E:\Xray\Xray\pcb_xray_annotation_workspace\images\bridge\bridge_0021.jpg,"(74, 568, 842, 1336)"
train,bridge,E:\Xray\Xray\pcb_xray_annotation_workspace\bridge_roi_dataset\train\bridge\bridge_0021_b00_s0_j3.jpg,E:\Xray\Xray\pcb_xray_annotation_workspace\images\bridge\bridge_0021.jpg,"(0, 476, 768, 1244)"
train,bridge,E:\Xray\Xray\pcb_xray_annotation_workspace\bridge_roi_dataset\train\bridge\bridge_0021_b00_s0_j4.jpg,E:\Xray\Xray\pcb_xray_annotation_workspace\images\bridge\bridge_0021.jpg,"(0, 661, 768, 1429)"
train,bridge,E:\Xray\Xray\pcb_xray_annotation_workspace\bridge_roi_dataset\train\bridge\bridge_0021_b00_s1_j0.jpg,E:\Xray\Xray\pcb_xray_annotation_workspace\images\bridge\bridge_0021.jpg,"(0, 568, 768, 1336)"
train,bridge,E:\Xray\Xray\pcb_xray_annotation_workspace\bridge_roi_dataset\train\bridge\bridge_0021_b00_s1_j1.jpg,E:\Xray\Xray\pcb_xray_annotation_workspace\images\bridge\bridge_0021.jpg,"(0, 568, 768, 1336)"
train,bridge,E:\Xray\Xray\pcb_xray_annotation_workspace\bridge_roi_dataset\train\bridge\bridge_0021_b00_s1_j2.jpg,E:\Xray\Xray\pcb_xray_annotation_workspace\images\bridge\bridge_0021.jpg,"(74, 568, 842, 1336)"
train,bridge,E:\Xray\Xray\pcb_xray_annotation_workspace\bridge_roi_dataset\train\bridge\bridge_0021_b00_s1_j3.jpg,E:\Xray\Xray\pcb_xray_annotation_workspace\images\bridge\bridge_0021.jpg,"(0, 476, 768, 1244)"
train,bridge,E:\Xray\Xray\pcb_xray_annotation_workspace\bridge_roi_dataset\train\bridge\bridge_0021_b00_s1_j4.jpg,E:\Xray\Xray\pcb_xray_annotation_workspace\images\bridge\bridge_0021.jpg,"(0, 661, 768, 1429)"
train,bridge,E:\Xray\Xray\pcb_xray_annotation_workspace\bridge_roi_dataset\train\bridge\bridge_0021_b00_s2_j0.jpg,E:\Xray\Xray\pcb_xray_annotation_workspace\images\bridge\bridge_0021.jpg,"(0, 568, 768, 1336)"
train,bridge,E:\Xray\Xray\pcb_xray_annotation_workspace\bridge_roi_dataset\train\bridge\bridge_0021_b00_s2_j1.jpg,E:\Xray\Xray\pcb_xray_annotation_workspace\images\bridge\bridge_0021.jpg,"(0, 568, 768, 1336)"
train,bridge,E:\Xray\Xray\pcb_xray_annotation_workspace\bridge_roi_dataset\train\bridge\bridge_0021_b00_s2_j2.jpg,E:\Xray\Xray\pcb_xray_annotation_workspace\images\bridge\bridge_0021.jpg,"(74, 568, 842, 1336)"
train,bridge,E:\Xray\Xray\pcb_xray_annotation_workspace\bridge_roi_dataset\train\bridge\bridge_0021_b00_s2_j3.jpg,E:\Xray\Xray\pcb_xray_annotation_workspace\images\bridge\bridge_0021.jpg,"(0, 476, 768, 1244)"
train,bridge,E:\Xray\Xray\pcb_xray_annotation_workspace\bridge_roi_dataset\train\bridge\bridge_0021_b00_s2_j4.jpg,E:\Xray\Xray\pcb_xray_annotation_workspace\images\bridge\bridge_0021.jpg,"(0, 661, 768, 1429)"
train,bridge,E:\Xray\Xray\pcb_xray_annotation_workspace\bridge_roi_dataset\train\bridge\bridge_0013_b00_s0_j0.jpg,E:\Xray\Xray\pcb_xray_annotation_workspace\images\bridge\bridge_0013.jpg,"(832, 449, 1056, 673)"
train,bridge,E:\Xray\Xray\pcb_xray_annotation_workspace\bridge_roi_dataset\train\bridge\bridge_0013_b00_s0_j1.jpg,E:\Xray\Xray\pcb_xray_annotation_workspace\images\bridge\bridge_0013.jpg,"(805, 449, 1029, 673)"
train,bridge,E:\Xray\Xray\pcb_xray_annotation_workspace\bridge_roi_dataset\train\bridge\bridge_0013_b00_s0_j2.jpg,E:\Xray\Xray\pcb_xray_annotation_workspace\images\bridge\bridge_0013.jpg,"(859, 449, 1083, 673)"
train,bridge,E:\Xray\Xray\pcb_xray_annotation_workspace\bridge_roi_dataset\train\bridge\bridge_0013_b00_s0_j3.jpg,E:\Xray\Xray\pcb_xray_annotation_workspace\images\bridge\bridge_0013.jpg,"(832, 422, 1056, 646)"
train,bridge,E:\Xray\Xray\pcb_xray_annotation_workspace\bridge_roi_dataset\train\bridge\bridge_0013_b00_s0_j4.jpg,E:\Xray\Xray\pcb_xray_annotation_workspace\images\bridge\bridge_0013.jpg,"(832, 476, 1056, 700)"
train,bridge,E:\Xray\Xray\pcb_xray_annotation_workspace\bridge_roi_dataset\train\bridge\bridge_0013_b00_s1_j0.jpg,E:\Xray\Xray\pcb_xray_annotation_workspace\images\bridge\bridge_0013.jpg,"(824, 441, 1064, 681)"
train,bridge,E:\Xray\Xray\pcb_xray_annotation_workspace\bridge_roi_dataset\train\bridge\bridge_0013_b00_s1_j1.jpg,E:\Xray\Xray\pcb_xray_annotation_workspace\images\bridge\bridge_0013.jpg,"(795, 441, 1035, 681)"
train,bridge,E:\Xray\Xray\pcb_xray_annotation_workspace\bridge_roi_dataset\train\bridge\bridge_0013_b00_s1_j2.jpg,E:\Xray\Xray\pcb_xray_annotation_workspace\images\bridge\bridge_0013.jpg,"(853, 441, 1093, 681)"
train,bridge,E:\Xray\Xray\pcb_xray_annotation_workspace\bridge_roi_dataset\train\bridge\bridge_0013_b00_s1_j3.jpg,E:\Xray\Xray\pcb_xray_annotation_workspace\images\bridge\bridge_0013.jpg,"(824, 412, 1064, 652)"
train,bridge,E:\Xray\Xray\pcb_xray_annotation_workspace\bridge_roi_dataset\train\bridge\bridge_0013_b00_s1_j4.jpg,E:\Xray\Xray\pcb_xray_annotation_workspace\images\bridge\bridge_0013.jpg,"(824, 470, 1064, 710)"
train,bridge,E:\Xray\Xray\pcb_xray_annotation_workspace\bridge_roi_dataset\train\bridge\bridge_0013_b00_s2_j0.jpg,E:\Xray\Xray\pcb_xray_annotation_workspace\images\bridge\bridge_0013.jpg,"(794, 411, 1094, 711)"
train,bridge,E:\Xray\Xray\pcb_xray_annotation_workspace\bridge_roi_dataset\train\bridge\bridge_0013_b00_s2_j1.jpg,E:\Xray\Xray\pcb_xray_annotation_workspace\images\bridge\bridge_0013.jpg,"(758, 411, 1058, 711)"
train,bridge,E:\Xray\Xray\pcb_xray_annotation_workspace\bridge_roi_dataset\train\bridge\bridge_0013_b00_s2_j2.jpg,E:\Xray\Xray\pcb_xray_annotation_workspace\images\bridge\bridge_0013.jpg,"(830, 411, 1130, 711)"
train,bridge,E:\Xray\Xray\pcb_xray_annotation_workspace\bridge_roi_dataset\train\bridge\bridge_0013_b00_s2_j3.jpg,E:\Xray\Xray\pcb_xray_annotation_workspace\images\bridge\bridge_0013.jpg,"(794, 375, 1094, 675)"
train,bridge,E:\Xray\Xray\pcb_xray_annotation_workspace\bridge_roi_dataset\train\bridge\bridge_0013_b00_s2_j4.jpg,E:\Xray\Xray\pcb_xray_annotation_workspace\images\bridge\bridge_0013.jpg,"(794, 447, 1094, 747)"
train,bridge,E:\Xray\Xray\pcb_xray_annotation_workspace\bridge_roi_dataset\train\bridge\bridge_0025_b00_s0_j0.jpg,E:\Xray\Xray\pcb_xray_annotation_workspace\images\bridge\bridge_0025.jpg,"(606, 798, 1059, 1251)"
train,bridge,E:\Xray\Xray\pcb_xray_annotation_workspace\bridge_roi_dataset\train\bridge\bridge_0025_b00_s0_j1.jpg,E:\Xray\Xray\pcb_xray_annotation_workspace\images\bridge\bridge_0025.jpg,"(552, 798, 1005, 1251)"
train,bridge,E:\Xray\Xray\pcb_xray_annotation_workspace\bridge_roi_dataset\train\bridge\bridge_0025_b00_s0_j2.jpg,E:\Xray\Xray\pcb_xray_annotation_workspace\images\bridge\bridge_0025.jpg,"(660, 798, 1113, 1251)"
train,bridge,E:\Xray\Xray\pcb_xray_annotation_workspace\bridge_roi_dataset\train\bridge\bridge_0025_b00_s0_j3.jpg,E:\Xray\Xray\pcb_xray_annotation_workspace\images\bridge\bridge_0025.jpg,"(606, 744, 1059, 1197)"
train,bridge,E:\Xray\Xray\pcb_xray_annotation_workspace\bridge_roi_dataset\train\bridge\bridge_0025_b00_s0_j4.jpg,E:\Xray\Xray\pcb_xray_annotation_workspace\images\bridge\bridge_0025.jpg,"(606, 852, 1059, 1305)"
train,bridge,E:\Xray\Xray\pcb_xray_annotation_workspace\bridge_roi_dataset\train\bridge\bridge_0025_b00_s1_j0.jpg,E:\Xray\Xray\pcb_xray_annotation_workspace\images\bridge\bridge_0025.jpg,"(531, 722, 1135, 1326)"
train,bridge,E:\Xray\Xray\pcb_xray_annotation_workspace\bridge_roi_dataset\train\bridge\bridge_0025_b00_s1_j1.jpg,E:\Xray\Xray\pcb_xray_annotation_workspace\images\bridge\bridge_0025.jpg,"(458, 722, 1062, 1326)"
train,bridge,E:\Xray\Xray\pcb_xray_annotation_workspace\bridge_roi_dataset\train\bridge\bridge_0025_b00_s1_j2.jpg,E:\Xray\Xray\pcb_xray_annotation_workspace\images\bridge\bridge_0025.jpg,"(603, 722, 1207, 1326)"
train,bridge,E:\Xray\Xray\pcb_xray_annotation_workspace\bridge_roi_dataset\train\bridge\bridge_0025_b00_s1_j3.jpg,E:\Xray\Xray\pcb_xray_annotation_workspace\images\bridge\bridge_0025.jpg,"(531, 650, 1135, 1254)"
train,bridge,E:\Xray\Xray\pcb_xray_annotation_workspace\bridge_roi_dataset\train\bridge\bridge_0025_b00_s1_j4.jpg,E:\Xray\Xray\pcb_xray_annotation_workspace\images\bridge\bridge_0025.jpg,"(531, 795, 1135, 1399)"
train,bridge,E:\Xray\Xray\pcb_xray_annotation_workspace\bridge_roi_dataset\train\bridge\bridge_0025_b00_s2_j0.jpg,E:\Xray\Xray\pcb_xray_annotation_workspace\images\bridge\bridge_0025.jpg,"(455, 647, 1210, 1402)"
train,bridge,E:\Xray\Xray\pcb_xray_annotation_workspace\bridge_roi_dataset\train\bridge\bridge_0025_b00_s2_j1.jpg,E:\Xray\Xray\pcb_xray_annotation_workspace\images\bridge\bridge_0025.jpg,"(364, 647, 1119, 1402)"
train,bridge,E:\Xray\Xray\pcb_xray_annotation_workspace\bridge_roi_dataset\train\bridge\bridge_0025_b00_s2_j2.jpg,E:\Xray\Xray\pcb_xray_annotation_workspace\images\bridge\bridge_0025.jpg,"(546, 647, 1301, 1402)"
train,bridge,E:\Xray\Xray\pcb_xray_annotation_workspace\bridge_roi_dataset\train\bridge\bridge_0025_b00_s2_j3.jpg,E:\Xray\Xray\pcb_xray_annotation_workspace\images\bridge\bridge_0025.jpg,"(455, 556, 1210, 1311)"
train,bridge,E:\Xray\Xray\pcb_xray_annotation_workspace\bridge_roi_dataset\train\bridge\bridge_0025_b00_s2_j4.jpg,E:\Xray\Xray\pcb_xray_annotation_workspace\images\bridge\bridge_0025.jpg,"(455, 738, 1210, 1493)"
train,bridge,E:\Xray\Xray\pcb_xray_annotation_workspace\bridge_roi_dataset\train\bridge\bridge_0029_b00_s0_j0.jpg,E:\Xray\Xray\pcb_xray_annotation_workspace\images\bridge\bridge_0029.jpg,"(602, 761, 1075, 1234)"
train,bridge,E:\Xray\Xray\pcb_xray_annotation_workspace\bridge_roi_dataset\train\bridge\bridge_0029_b00_s0_j1.jpg,E:\Xray\Xray\pcb_xray_annotation_workspace\images\bridge\bridge_0029.jpg,"(545, 761, 1018, 1234)"
train,bridge,E:\Xray\Xray\pcb_xray_annotation_workspace\bridge_roi_dataset\train\bridge\bridge_0029_b00_s0_j2.jpg,E:\Xray\Xray\pcb_xray_annotation_workspace\images\bridge\bridge_0029.jpg,"(659, 761, 1132, 1234)"
train,bridge,E:\Xray\Xray\pcb_xray_annotation_workspace\bridge_roi_dataset\train\bridge\bridge_0029_b00_s0_j3.jpg,E:\Xray\Xray\pcb_xray_annotation_workspace\images\bridge\bridge_0029.jpg,"(602, 704, 1075, 1177)"
train,bridge,E:\Xray\Xray\pcb_xray_annotation_workspace\bridge_roi_dataset\train\bridge\bridge_0029_b00_s0_j4.jpg,E:\Xray\Xray\pcb_xray_annotation_workspace\images\bridge\bridge_0029.jpg,"(602, 818, 1075, 1291)"
train,bridge,E:\Xray\Xray\pcb_xray_annotation_workspace\bridge_roi_dataset\train\bridge\bridge_0029_b00_s1_j0.jpg,E:\Xray\Xray\pcb_xray_annotation_workspace\images\bridge\bridge_0029.jpg,"(524, 682, 1154, 1312)"
train,bridge,E:\Xray\Xray\pcb_xray_annotation_workspace\bridge_roi_dataset\train\bridge\bridge_0029_b00_s1_j1.jpg,E:\Xray\Xray\pcb_xray_annotation_workspace\images\bridge\bridge_0029.jpg,"(448, 682, 1078, 1312)"
train,bridge,E:\Xray\Xray\pcb_xray_annotation_workspace\bridge_roi_dataset\train\bridge\bridge_0029_b00_s1_j2.jpg,E:\Xray\Xray\pcb_xray_annotation_workspace\images\bridge\bridge_0029.jpg,"(599, 682, 1229, 1312)"
train,bridge,E:\Xray\Xray\pcb_xray_annotation_workspace\bridge_roi_dataset\train\bridge\bridge_0029_b00_s1_j3.jpg,E:\Xray\Xray\pcb_xray_annotation_workspace\images\bridge\bridge_0029.jpg,"(524, 607, 1154, 1237)"
train,bridge,E:\Xray\Xray\pcb_xray_annotation_workspace\bridge_roi_dataset\train\bridge\bridge_0029_b00_s1_j4.jpg,E:\Xray\Xray\pcb_xray_annotation_workspace\images\bridge\bridge_0029.jpg,"(524, 758, 1154, 1388)"
train,bridge,E:\Xray\Xray\pcb_xray_annotation_workspace\bridge_roi_dataset\train\bridge\bridge_0029_b00_s2_j0.jpg,E:\Xray\Xray\pcb_xray_annotation_workspace\images\bridge\bridge_0029.jpg,"(455, 613, 1223, 1381)"
train,bridge,E:\Xray\Xray\pcb_xray_annotation_workspace\bridge_roi_dataset\train\bridge\bridge_0029_b00_s2_j1.jpg,E:\Xray\Xray\pcb_xray_annotation_workspace\images\bridge\bridge_0029.jpg,"(362, 613, 1130, 1381)"
train,bridge,E:\Xray\Xray\pcb_xray_annotation_workspace\bridge_roi_dataset\train\bridge\bridge_0029_b00_s2_j2.jpg,E:\Xray\Xray\pcb_xray_annotation_workspace\images\bridge\bridge_0029.jpg,"(547, 613, 1315, 1381)"
train,bridge,E:\Xray\Xray\pcb_xray_annotation_workspace\bridge_roi_dataset\train\bridge\bridge_0029_b00_s2_j3.jpg,E:\Xray\Xray\pcb_xray_annotation_workspace\images\bridge\bridge_0029.jpg,"(455, 521, 1223, 1289)"
train,bridge,E:\Xray\Xray\pcb_xray_annotation_workspace\bridge_roi_dataset\train\bridge\bridge_0029_b00_s2_j4.jpg,E:\Xray\Xray\pcb_xray_annotation_workspace\images\bridge\bridge_0029.jpg,"(455, 705, 1223, 1473)"
train,bridge,E:\Xray\Xray\pcb_xray_annotation_workspace\bridge_roi_dataset\train\bridge\bridge_0029_b01_s0_j0.jpg,E:\Xray\Xray\pcb_xray_annotation_workspace\images\bridge\bridge_0029.jpg,"(613, 869, 1149, 1405)"
train,bridge,E:\Xray\Xray\pcb_xray_annotation_workspace\bridge_roi_dataset\train\bridge\bridge_0029_b01_s0_j1.jpg,E:\Xray\Xray\pcb_xray_annotation_workspace\images\bridge\bridge_0029.jpg,"(549, 869, 1085, 1405)"
train,bridge,E:\Xray\Xray\pcb_xray_annotation_workspace\bridge_roi_dataset\train\bridge\bridge_0029_b01_s0_j2.jpg,E:\Xray\Xray\pcb_xray_annotation_workspace\images\bridge\bridge_0029.jpg,"(677, 869, 1213, 1405)"
train,bridge,E:\Xray\Xray\pcb_xray_annotation_workspace\bridge_roi_dataset\train\bridge\bridge_0029_b01_s0_j3.jpg,E:\Xray\Xray\pcb_xray_annotation_workspace\images\bridge\bridge_0029.jpg,"(613, 804, 1149, 1340)"
train,bridge,E:\Xray\Xray\pcb_xray_annotation_workspace\bridge_roi_dataset\train\bridge\bridge_0029_b01_s0_j4.jpg,E:\Xray\Xray\pcb_xray_annotation_workspace\images\bridge\bridge_0029.jpg,"(613, 933, 1149, 1469)"
train,bridge,E:\Xray\Xray\pcb_xray_annotation_workspace\bridge_roi_dataset\train\bridge\bridge_0029_b01_s1_j0.jpg,E:\Xray\Xray\pcb_xray_annotation_workspace\images\bridge\bridge_0029.jpg,"(523, 779, 1238, 1494)"
train,bridge,E:\Xray\Xray\pcb_xray_annotation_workspace\bridge_roi_dataset\train\bridge\bridge_0029_b01_s1_j1.jpg,E:\Xray\Xray\pcb_xray_annotation_workspace\images\bridge\bridge_0029.jpg,"(438, 779, 1153, 1494)"
train,bridge,E:\Xray\Xray\pcb_xray_annotation_workspace\bridge_roi_dataset\train\bridge\bridge_0029_b01_s1_j2.jpg,E:\Xray\Xray\pcb_xray_annotation_workspace\images\bridge\bridge_0029.jpg,"(609, 779, 1324, 1494)"
train,bridge,E:\Xray\Xray\pcb_xray_annotation_workspace\bridge_roi_dataset\train\bridge\bridge_0029_b01_s1_j3.jpg,E:\Xray\Xray\pcb_xray_annotation_workspace\images\bridge\bridge_0029.jpg,"(523, 693, 1238, 1408)"
train,bridge,E:\Xray\Xray\pcb_xray_annotation_workspace\bridge_roi_dataset\train\bridge\bridge_0029_b01_s1_j4.jpg,E:\Xray\Xray\pcb_xray_annotation_workspace\images\bridge\bridge_0029.jpg,"(523, 865, 1238, 1580)"
train,bridge,E:\Xray\Xray\pcb_xray_annotation_workspace\bridge_roi_dataset\train\bridge\bridge_0029_b01_s2_j0.jpg,E:\Xray\Xray\pcb_xray_annotation_workspace\images\bridge\bridge_0029.jpg,"(497, 753, 1265, 1521)"
train,bridge,E:\Xray\Xray\pcb_xray_annotation_workspace\bridge_roi_dataset\train\bridge\bridge_0029_b01_s2_j1.jpg,E:\Xray\Xray\pcb_xray_annotation_workspace\images\bridge\bridge_0029.jpg,"(405, 753, 1173, 1521)"
train,bridge,E:\Xray\Xray\pcb_xray_annotation_workspace\bridge_roi_dataset\train\bridge\bridge_0029_b01_s2_j2.jpg,E:\Xray\Xray\pcb_xray_annotation_workspace\images\bridge\bridge_0029.jpg,"(589, 753, 1357, 1521)"
train,bridge,E:\Xray\Xray\pcb_xray_annotation_workspace\bridge_roi_dataset\train\bridge\bridge_0029_b01_s2_j3.jpg,E:\Xray\Xray\pcb_xray_annotation_workspace\images\bridge\bridge_0029.jpg,"(497, 661, 1265, 1429)"
train,bridge,E:\Xray\Xray\pcb_xray_annotation_workspace\bridge_roi_dataset\train\bridge\bridge_0029_b01_s2_j4.jpg,E:\Xray\Xray\pcb_xray_annotation_workspace\images\bridge\bridge_0029.jpg,"(497, 845, 1265, 1613)"
train,bridge,E:\Xray\Xray\pcb_xray_annotation_workspace\bridge_roi_dataset\train\bridge\bridge_0016_b00_s0_j0.jpg,E:\Xray\Xray\pcb_xray_annotation_workspace\images\bridge\bridge_0016.jpg,"(491, 880, 715, 1104)"
train,bridge,E:\Xray\Xray\pcb_xray_annotation_workspace\bridge_roi_dataset\train\bridge\bridge_0016_b00_s0_j1.jpg,E:\Xray\Xray\pcb_xray_annotation_workspace\images\bridge\bridge_0016.jpg,"(464, 880, 688, 1104)"
train,bridge,E:\Xray\Xray\pcb_xray_annotation_workspace\bridge_roi_dataset\train\bridge\bridge_0016_b00_s0_j2.jpg,E:\Xray\Xray\pcb_xray_annotation_workspace\images\bridge\bridge_0016.jpg,"(518, 880, 742, 1104)"
train,bridge,E:\Xray\Xray\pcb_xray_annotation_workspace\bridge_roi_dataset\train\bridge\bridge_0016_b00_s0_j3.jpg,E:\Xray\Xray\pcb_xray_annotation_workspace\images\bridge\bridge_0016.jpg,"(491, 853, 715, 1077)"
train,bridge,E:\Xray\Xray\pcb_xray_annotation_workspace\bridge_roi_dataset\train\bridge\bridge_0016_b00_s0_j4.jpg,E:\Xray\Xray\pcb_xray_annotation_workspace\images\bridge\bridge_0016.jpg,"(491, 907, 715, 1131)"
train,bridge,E:\Xray\Xray\pcb_xray_annotation_workspace\bridge_roi_dataset\train\bridge\bridge_0016_b00_s1_j0.jpg,E:\Xray\Xray\pcb_xray_annotation_workspace\images\bridge\bridge_0016.jpg,"(481, 870, 725, 1114)"
train,bridge,E:\Xray\Xray\pcb_xray_annotation_workspace\bridge_roi_dataset\train\bridge\bridge_0016_b00_s1_j1.jpg,E:\Xray\Xray\pcb_xray_annotation_workspace\images\bridge\bridge_0016.jpg,"(452, 870, 696, 1114)"
train,bridge,E:\Xray\Xray\pcb_xray_annotation_workspace\bridge_roi_dataset\train\bridge\bridge_0016_b00_s1_j2.jpg,E:\Xray\Xray\pcb_xray_annotation_workspace\images\bridge\bridge_0016.jpg,"(511, 870, 755, 1114)"
train,bridge,E:\Xray\Xray\pcb_xray_annotation_workspace\bridge_roi_dataset\train\bridge\bridge_0016_b00_s1_j3.jpg,E:\Xray\Xray\pcb_xray_annotation_workspace\images\bridge\bridge_0016.jpg,"(481, 840, 725, 1084)"
train,bridge,E:\Xray\Xray\pcb_xray_annotation_workspace\bridge_roi_dataset\train\bridge\bridge_0016_b00_s1_j4.jpg,E:\Xray\Xray\pcb_xray_annotation_workspace\images\bridge\bridge_0016.jpg,"(481, 899, 725, 1143)"
train,bridge,E:\Xray\Xray\pcb_xray_annotation_workspace\bridge_roi_dataset\train\bridge\bridge_0016_b00_s2_j0.jpg,E:\Xray\Xray\pcb_xray_annotation_workspace\images\bridge\bridge_0016.jpg,"(451, 839, 756, 1144)"
train,bridge,E:\Xray\Xray\pcb_xray_annotation_workspace\bridge_roi_dataset\train\bridge\bridge_0016_b00_s2_j1.jpg,E:\Xray\Xray\pcb_xray_annotation_workspace\images\bridge\bridge_0016.jpg,"(414, 839, 719, 1144)"
train,bridge,E:\Xray\Xray\pcb_xray_annotation_workspace\bridge_roi_dataset\train\bridge\bridge_0016_b00_s2_j2.jpg,E:\Xray\Xray\pcb_xray_annotation_workspace\images\bridge\bridge_0016.jpg,"(487, 839, 792, 1144)"
train,bridge,E:\Xray\Xray\pcb_xray_annotation_workspace\bridge_roi_dataset\train\bridge\bridge_0016_b00_s2_j3.jpg,E:\Xray\Xray\pcb_xray_annotation_workspace\images\bridge\bridge_0016.jpg,"(451, 803, 756, 1108)"
train,bridge,E:\Xray\Xray\pcb_xray_annotation_workspace\bridge_roi_dataset\train\bridge\bridge_0016_b00_s2_j4.jpg,E:\Xray\Xray\pcb_xray_annotation_workspace\images\bridge\bridge_0016.jpg,"(451, 876, 756, 1181)"
train,bridge,E:\Xray\Xray\pcb_xray_annotation_workspace\bridge_roi_dataset\train\bridge\bridge_0011_b00_s0_j0.jpg,E:\Xray\Xray\pcb_xray_annotation_workspace\images\bridge\bridge_0011.jpg,"(384, 1042, 767, 1425)"
train,bridge,E:\Xray\Xray\pcb_xray_annotation_workspace\bridge_roi_dataset\train\bridge\bridge_0011_b00_s0_j1.jpg,E:\Xray\Xray\pcb_xray_annotation_workspace\images\bridge\bridge_0011.jpg,"(338, 1042, 721, 1425)"
train,bridge,E:\Xray\Xray\pcb_xray_annotation_workspace\bridge_roi_dataset\train\bridge\bridge_0011_b00_s0_j2.jpg,E:\Xray\Xray\pcb_xray_annotation_workspace\images\bridge\bridge_0011.jpg,"(430, 1042, 813, 1425)"
train,bridge,E:\Xray\Xray\pcb_xray_annotation_workspace\bridge_roi_dataset\train\bridge\bridge_0011_b00_s0_j3.jpg,E:\Xray\Xray\pcb_xray_annotation_workspace\images\bridge\bridge_0011.jpg,"(384, 996, 767, 1379)"
train,bridge,E:\Xray\Xray\pcb_xray_annotation_workspace\bridge_roi_dataset\train\bridge\bridge_0011_b00_s0_j4.jpg,E:\Xray\Xray\pcb_xray_annotation_workspace\images\bridge\bridge_0011.jpg,"(384, 1088, 767, 1471)"
train,bridge,E:\Xray\Xray\pcb_xray_annotation_workspace\bridge_roi_dataset\train\bridge\bridge_0011_b00_s1_j0.jpg,E:\Xray\Xray\pcb_xray_annotation_workspace\images\bridge\bridge_0011.jpg,"(320, 978, 831, 1489)"
train,bridge,E:\Xray\Xray\pcb_xray_annotation_workspace\bridge_roi_dataset\train\bridge\bridge_0011_b00_s1_j1.jpg,E:\Xray\Xray\pcb_xray_annotation_workspace\images\bridge\bridge_0011.jpg,"(259, 978, 770, 1489)"
train,bridge,E:\Xray\Xray\pcb_xray_annotation_workspace\bridge_roi_dataset\train\bridge\bridge_0011_b00_s1_j2.jpg,E:\Xray\Xray\pcb_xray_annotation_workspace\images\bridge\bridge_0011.jpg,"(381, 978, 892, 1489)"
train,bridge,E:\Xray\Xray\pcb_xray_annotation_workspace\bridge_roi_dataset\train\bridge\bridge_0011_b00_s1_j3.jpg,E:\Xray\Xray\pcb_xray_annotation_workspace\images\bridge\bridge_0011.jpg,"(320, 917, 831, 1428)"
train,bridge,E:\Xray\Xray\pcb_xray_annotation_workspace\bridge_roi_dataset\train\bridge\bridge_0011_b00_s1_j4.jpg,E:\Xray\Xray\pcb_xray_annotation_workspace\images\bridge\bridge_0011.jpg,"(320, 1040, 831, 1551)"
train,bridge,E:\Xray\Xray\pcb_xray_annotation_workspace\bridge_roi_dataset\train\bridge\bridge_0011_b00_s2_j0.jpg,E:\Xray\Xray\pcb_xray_annotation_workspace\images\bridge\bridge_0011.jpg,"(256, 914, 895, 1553)"
train,bridge,E:\Xray\Xray\pcb_xray_annotation_workspace\bridge_roi_dataset\train\bridge\bridge_0011_b00_s2_j1.jpg,E:\Xray\Xray\pcb_xray_annotation_workspace\images\bridge\bridge_0011.jpg,"(179, 914, 818, 1553)"
train,bridge,E:\Xray\Xray\pcb_xray_annotation_workspace\bridge_roi_dataset\train\bridge\bridge_0011_b00_s2_j2.jpg,E:\Xray\Xray\pcb_xray_annotation_workspace\images\bridge\bridge_0011.jpg,"(333, 914, 972, 1553)"
train,bridge,E:\Xray\Xray\pcb_xray_annotation_workspace\bridge_roi_dataset\train\bridge\bridge_0011_b00_s2_j3.jpg,E:\Xray\Xray\pcb_xray_annotation_workspace\images\bridge\bridge_0011.jpg,"(256, 838, 895, 1477)"
train,bridge,E:\Xray\Xray\pcb_xray_annotation_workspace\bridge_roi_dataset\train\bridge\bridge_0011_b00_s2_j4.jpg,E:\Xray\Xray\pcb_xray_annotation_workspace\images\bridge\bridge_0011.jpg,"(256, 991, 895, 1630)"
train,bridge,E:\Xray\Xray\pcb_xray_annotation_workspace\bridge_roi_dataset\train\bridge\bridge_0017_b00_s0_j0.jpg,E:\Xray\Xray\pcb_xray_annotation_workspace\images\bridge\bridge_0017.jpg,"(520, 1237, 876, 1593)"
train,bridge,E:\Xray\Xray\pcb_xray_annotation_workspace\bridge_roi_dataset\train\bridge\bridge_0017_b00_s0_j1.jpg,E:\Xray\Xray\pcb_xray_annotation_workspace\images\bridge\bridge_0017.jpg,"(477, 1237, 833, 1593)"
train,bridge,E:\Xray\Xray\pcb_xray_annotation_workspace\bridge_roi_dataset\train\bridge\bridge_0017_b00_s0_j2.jpg,E:\Xray\Xray\pcb_xray_annotation_workspace\images\bridge\bridge_0017.jpg,"(563, 1237, 919, 1593)"
train,bridge,E:\Xray\Xray\pcb_xray_annotation_workspace\bridge_roi_dataset\train\bridge\bridge_0017_b00_s0_j3.jpg,E:\Xray\Xray\pcb_xray_annotation_workspace\images\bridge\bridge_0017.jpg,"(520, 1194, 876, 1550)"
train,bridge,E:\Xray\Xray\pcb_xray_annotation_workspace\bridge_roi_dataset\train\bridge\bridge_0017_b00_s0_j4.jpg,E:\Xray\Xray\pcb_xray_annotation_workspace\images\bridge\bridge_0017.jpg,"(520, 1279, 876, 1635)"
train,bridge,E:\Xray\Xray\pcb_xray_annotation_workspace\bridge_roi_dataset\train\bridge\bridge_0017_b00_s1_j0.jpg,E:\Xray\Xray\pcb_xray_annotation_workspace\images\bridge\bridge_0017.jpg,"(460, 1177, 935, 1652)"
train,bridge,E:\Xray\Xray\pcb_xray_annotation_workspace\bridge_roi_dataset\train\bridge\bridge_0017_b00_s1_j1.jpg,E:\Xray\Xray\pcb_xray_annotation_workspace\images\bridge\bridge_0017.jpg,"(403, 1177, 878, 1652)"
train,bridge,E:\Xray\Xray\pcb_xray_annotation_workspace\bridge_roi_dataset\train\bridge\bridge_0017_b00_s1_j2.jpg,E:\Xray\Xray\pcb_xray_annotation_workspace\images\bridge\bridge_0017.jpg,"(517, 1177, 992, 1652)"
train,bridge,E:\Xray\Xray\pcb_xray_annotation_workspace\bridge_roi_dataset\train\bridge\bridge_0017_b00_s1_j3.jpg,E:\Xray\Xray\pcb_xray_annotation_workspace\images\bridge\bridge_0017.jpg,"(460, 1120, 935, 1595)"
train,bridge,E:\Xray\Xray\pcb_xray_annotation_workspace\bridge_roi_dataset\train\bridge\bridge_0017_b00_s1_j4.jpg,E:\Xray\Xray\pcb_xray_annotation_workspace\images\bridge\bridge_0017.jpg,"(460, 1234, 935, 1709)"
train,bridge,E:\Xray\Xray\pcb_xray_annotation_workspace\bridge_roi_dataset\train\bridge\bridge_0017_b00_s2_j0.jpg,E:\Xray\Xray\pcb_xray_annotation_workspace\images\bridge\bridge_0017.jpg,"(401, 1118, 994, 1711)"
train,bridge,E:\Xray\Xray\pcb_xray_annotation_workspace\bridge_roi_dataset\train\bridge\bridge_0017_b00_s2_j1.jpg,E:\Xray\Xray\pcb_xray_annotation_workspace\images\bridge\bridge_0017.jpg,"(330, 1118, 923, 1711)"
train,bridge,E:\Xray\Xray\pcb_xray_annotation_workspace\bridge_roi_dataset\train\bridge\bridge_0017_b00_s2_j2.jpg,E:\Xray\Xray\pcb_xray_annotation_workspace\images\bridge\bridge_0017.jpg,"(473, 1118, 1066, 1711)"
train,bridge,E:\Xray\Xray\pcb_xray_annotation_workspace\bridge_roi_dataset\train\bridge\bridge_0017_b00_s2_j3.jpg,E:\Xray\Xray\pcb_xray_annotation_workspace\images\bridge\bridge_0017.jpg,"(401, 1047, 994, 1640)"
train,bridge,E:\Xray\Xray\pcb_xray_annotation_workspace\bridge_roi_dataset\train\bridge\bridge_0017_b00_s2_j4.jpg,E:\Xray\Xray\pcb_xray_annotation_workspace\images\bridge\bridge_0017.jpg,"(401, 1189, 994, 1782)"
train,bridge,E:\Xray\Xray\pcb_xray_annotation_workspace\bridge_roi_dataset\train\bridge\bridge_0012_b00_s0_j0.jpg,E:\Xray\Xray\pcb_xray_annotation_workspace\images\bridge\bridge_0012.jpg,"(822, 1177, 1071, 1426)"
train,bridge,E:\Xray\Xray\pcb_xray_annotation_workspace\bridge_roi_dataset\train\bridge\bridge_0012_b00_s0_j1.jpg,E:\Xray\Xray\pcb_xray_annotation_workspace\images\bridge\bridge_0012.jpg,"(792, 1177, 1041, 1426)"
train,bridge,E:\Xray\Xray\pcb_xray_annotation_workspace\bridge_roi_dataset\train\bridge\bridge_0012_b00_s0_j2.jpg,E:\Xray\Xray\pcb_xray_annotation_workspace\images\bridge\bridge_0012.jpg,"(852, 1177, 1101, 1426)"
train,bridge,E:\Xray\Xray\pcb_xray_annotation_workspace\bridge_roi_dataset\train\bridge\bridge_0012_b00_s0_j3.jpg,E:\Xray\Xray\pcb_xray_annotation_workspace\images\bridge\bridge_0012.jpg,"(822, 1147, 1071, 1396)"
train,bridge,E:\Xray\Xray\pcb_xray_annotation_workspace\bridge_roi_dataset\train\bridge\bridge_0012_b00_s0_j4.jpg,E:\Xray\Xray\pcb_xray_annotation_workspace\images\bridge\bridge_0012.jpg,"(822, 1207, 1071, 1456)"
train,bridge,E:\Xray\Xray\pcb_xray_annotation_workspace\bridge_roi_dataset\train\bridge\bridge_0012_b00_s1_j0.jpg,E:\Xray\Xray\pcb_xray_annotation_workspace\images\bridge\bridge_0012.jpg,"(780, 1135, 1112, 1467)"
train,bridge,E:\Xray\Xray\pcb_xray_annotation_workspace\bridge_roi_dataset\train\bridge\bridge_0012_b00_s1_j1.jpg,E:\Xray\Xray\pcb_xray_annotation_workspace\images\bridge\bridge_0012.jpg,"(740, 1135, 1072, 1467)"
train,bridge,E:\Xray\Xray\pcb_xray_annotation_workspace\bridge_roi_dataset\train\bridge\bridge_0012_b00_s1_j2.jpg,E:\Xray\Xray\pcb_xray_annotation_workspace\images\bridge\bridge_0012.jpg,"(820, 1135, 1152, 1467)"
train,bridge,E:\Xray\Xray\pcb_xray_annotation_workspace\bridge_roi_dataset\train\bridge\bridge_0012_b00_s1_j3.jpg,E:\Xray\Xray\pcb_xray_annotation_workspace\images\bridge\bridge_0012.jpg,"(780, 1095, 1112, 1427)"
train,bridge,E:\Xray\Xray\pcb_xray_annotation_workspace\bridge_roi_dataset\train\bridge\bridge_0012_b00_s1_j4.jpg,E:\Xray\Xray\pcb_xray_annotation_workspace\images\bridge\bridge_0012.jpg,"(780, 1175, 1112, 1507)"
train,bridge,E:\Xray\Xray\pcb_xray_annotation_workspace\bridge_roi_dataset\train\bridge\bridge_0012_b00_s2_j0.jpg,E:\Xray\Xray\pcb_xray_annotation_workspace\images\bridge\bridge_0012.jpg,"(739, 1094, 1154, 1509)"
train,bridge,E:\Xray\Xray\pcb_xray_annotation_workspace\bridge_roi_dataset\train\bridge\bridge_0012_b00_s2_j1.jpg,E:\Xray\Xray\pcb_xray_annotation_workspace\images\bridge\bridge_0012.jpg,"(689, 1094, 1104, 1509)"
train,bridge,E:\Xray\Xray\pcb_xray_annotation_workspace\bridge_roi_dataset\train\bridge\bridge_0012_b00_s2_j2.jpg,E:\Xray\Xray\pcb_xray_annotation_workspace\images\bridge\bridge_0012.jpg,"(788, 1094, 1203, 1509)"
train,bridge,E:\Xray\Xray\pcb_xray_annotation_workspace\bridge_roi_dataset\train\bridge\bridge_0012_b00_s2_j3.jpg,E:\Xray\Xray\pcb_xray_annotation_workspace\images\bridge\bridge_0012.jpg,"(739, 1044, 1154, 1459)"
train,bridge,E:\Xray\Xray\pcb_xray_annotation_workspace\bridge_roi_dataset\train\bridge\bridge_0012_b00_s2_j4.jpg,E:\Xray\Xray\pcb_xray_annotation_workspace\images\bridge\bridge_0012.jpg,"(739, 1144, 1154, 1559)"
train,bridge,E:\Xray\Xray\pcb_xray_annotation_workspace\bridge_roi_dataset\train\bridge\bridge_0027_b00_s0_j0.jpg,E:\Xray\Xray\pcb_xray_annotation_workspace\images\bridge\bridge_0027.jpg,"(784, 497, 1130, 843)"
train,bridge,E:\Xray\Xray\pcb_xray_annotation_workspace\bridge_roi_dataset\train\bridge\bridge_0027_b00_s0_j1.jpg,E:\Xray\Xray\pcb_xray_annotation_workspace\images\bridge\bridge_0027.jpg,"(743, 497, 1089, 843)"
train,bridge,E:\Xray\Xray\pcb_xray_annotation_workspace\bridge_roi_dataset\train\bridge\bridge_0027_b00_s0_j2.jpg,E:\Xray\Xray\pcb_xray_annotation_workspace\images\bridge\bridge_0027.jpg,"(826, 497, 1172, 843)"
train,bridge,E:\Xray\Xray\pcb_xray_annotation_workspace\bridge_roi_dataset\train\bridge\bridge_0027_b00_s0_j3.jpg,E:\Xray\Xray\pcb_xray_annotation_workspace\images\bridge\bridge_0027.jpg,"(784, 456, 1130, 802)"
train,bridge,E:\Xray\Xray\pcb_xray_annotation_workspace\bridge_roi_dataset\train\bridge\bridge_0027_b00_s0_j4.jpg,E:\Xray\Xray\pcb_xray_annotation_workspace\images\bridge\bridge_0027.jpg,"(784, 539, 1130, 885)"
train,bridge,E:\Xray\Xray\pcb_xray_annotation_workspace\bridge_roi_dataset\train\bridge\bridge_0027_b00_s1_j0.jpg,E:\Xray\Xray\pcb_xray_annotation_workspace\images\bridge\bridge_0027.jpg,"(727, 440, 1188, 901)"
train,bridge,E:\Xray\Xray\pcb_xray_annotation_workspace\bridge_roi_dataset\train\bridge\bridge_0027_b00_s1_j1.jpg,E:\Xray\Xray\pcb_xray_annotation_workspace\images\bridge\bridge_0027.jpg,"(672, 440, 1133, 901)"
train,bridge,E:\Xray\Xray\pcb_xray_annotation_workspace\bridge_roi_dataset\train\bridge\bridge_0027_b00_s1_j2.jpg,E:\Xray\Xray\pcb_xray_annotation_workspace\images\bridge\bridge_0027.jpg,"(782, 440, 1243, 901)"
train,bridge,E:\Xray\Xray\pcb_xray_annotation_workspace\bridge_roi_dataset\train\bridge\bridge_0027_b00_s1_j3.jpg,E:\Xray\Xray\pcb_xray_annotation_workspace\images\bridge\bridge_0027.jpg,"(727, 384, 1188, 845)"
train,bridge,E:\Xray\Xray\pcb_xray_annotation_workspace\bridge_roi_dataset\train\bridge\bridge_0027_b00_s1_j4.jpg,E:\Xray\Xray\pcb_xray_annotation_workspace\images\bridge\bridge_0027.jpg,"(727, 495, 1188, 956)"
train,bridge,E:\Xray\Xray\pcb_xray_annotation_workspace\bridge_roi_dataset\train\bridge\bridge_0027_b00_s2_j0.jpg,E:\Xray\Xray\pcb_xray_annotation_workspace\images\bridge\bridge_0027.jpg,"(669, 382, 1245, 958)"
train,bridge,E:\Xray\Xray\pcb_xray_annotation_workspace\bridge_roi_dataset\train\bridge\bridge_0027_b00_s2_j1.jpg,E:\Xray\Xray\pcb_xray_annotation_workspace\images\bridge\bridge_0027.jpg,"(600, 382, 1176, 958)"
train,bridge,E:\Xray\Xray\pcb_xray_annotation_workspace\bridge_roi_dataset\train\bridge\bridge_0027_b00_s2_j2.jpg,E:\Xray\Xray\pcb_xray_annotation_workspace\images\bridge\bridge_0027.jpg,"(739, 382, 1315, 958)"
train,bridge,E:\Xray\Xray\pcb_xray_annotation_workspace\bridge_roi_dataset\train\bridge\bridge_0027_b00_s2_j3.jpg,E:\Xray\Xray\pcb_xray_annotation_workspace\images\bridge\bridge_0027.jpg,"(669, 313, 1245, 889)"
train,bridge,E:\Xray\Xray\pcb_xray_annotation_workspace\bridge_roi_dataset\train\bridge\bridge_0027_b00_s2_j4.jpg,E:\Xray\Xray\pcb_xray_annotation_workspace\images\bridge\bridge_0027.jpg,"(669, 451, 1245, 1027)"
train,bridge,E:\Xray\Xray\pcb_xray_annotation_workspace\bridge_roi_dataset\train\bridge\bridge_0015_b00_s0_j0.jpg,E:\Xray\Xray\pcb_xray_annotation_workspace\images\bridge\bridge_0015.jpg,"(391, 730, 670, 1009)"
train,bridge,E:\Xray\Xray\pcb_xray_annotation_workspace\bridge_roi_dataset\train\bridge\bridge_0015_b00_s0_j1.jpg,E:\Xray\Xray\pcb_xray_annotation_workspace\images\bridge\bridge_0015.jpg,"(357, 730, 636, 1009)"
train,bridge,E:\Xray\Xray\pcb_xray_annotation_workspace\bridge_roi_dataset\train\bridge\bridge_0015_b00_s0_j2.jpg,E:\Xray\Xray\pcb_xray_annotation_workspace\images\bridge\bridge_0015.jpg,"(424, 730, 703, 1009)"
train,bridge,E:\Xray\Xray\pcb_xray_annotation_workspace\bridge_roi_dataset\train\bridge\bridge_0015_b00_s0_j3.jpg,E:\Xray\Xray\pcb_xray_annotation_workspace\images\bridge\bridge_0015.jpg,"(391, 696, 670, 975)"
train,bridge,E:\Xray\Xray\pcb_xray_annotation_workspace\bridge_roi_dataset\train\bridge\bridge_0015_b00_s0_j4.jpg,E:\Xray\Xray\pcb_xray_annotation_workspace\images\bridge\bridge_0015.jpg,"(391, 763, 670, 1042)"
train,bridge,E:\Xray\Xray\pcb_xray_annotation_workspace\bridge_roi_dataset\train\bridge\bridge_0015_b00_s1_j0.jpg,E:\Xray\Xray\pcb_xray_annotation_workspace\images\bridge\bridge_0015.jpg,"(344, 683, 716, 1055)"
train,bridge,E:\Xray\Xray\pcb_xray_annotation_workspace\bridge_roi_dataset\train\bridge\bridge_0015_b00_s1_j1.jpg,E:\Xray\Xray\pcb_xray_annotation_workspace\images\bridge\bridge_0015.jpg,"(300, 683, 672, 1055)"
train,bridge,E:\Xray\Xray\pcb_xray_annotation_workspace\bridge_roi_dataset\train\bridge\bridge_0015_b00_s1_j2.jpg,E:\Xray\Xray\pcb_xray_annotation_workspace\images\bridge\bridge_0015.jpg,"(389, 683, 761, 1055)"
train,bridge,E:\Xray\Xray\pcb_xray_annotation_workspace\bridge_roi_dataset\train\bridge\bridge_0015_b00_s1_j3.jpg,E:\Xray\Xray\pcb_xray_annotation_workspace\images\bridge\bridge_0015.jpg,"(344, 639, 716, 1011)"
train,bridge,E:\Xray\Xray\pcb_xray_annotation_workspace\bridge_roi_dataset\train\bridge\bridge_0015_b00_s1_j4.jpg,E:\Xray\Xray\pcb_xray_annotation_workspace\images\bridge\bridge_0015.jpg,"(344, 728, 716, 1100)"
train,bridge,E:\Xray\Xray\pcb_xray_annotation_workspace\bridge_roi_dataset\train\bridge\bridge_0015_b00_s2_j0.jpg,E:\Xray\Xray\pcb_xray_annotation_workspace\images\bridge\bridge_0015.jpg,"(298, 637, 763, 1102)"
train,bridge,E:\Xray\Xray\pcb_xray_annotation_workspace\bridge_roi_dataset\train\bridge\bridge_0015_b00_s2_j1.jpg,E:\Xray\Xray\pcb_xray_annotation_workspace\images\bridge\bridge_0015.jpg,"(242, 637, 707, 1102)"
train,bridge,E:\Xray\Xray\pcb_xray_annotation_workspace\bridge_roi_dataset\train\bridge\bridge_0015_b00_s2_j2.jpg,E:\Xray\Xray\pcb_xray_annotation_workspace\images\bridge\bridge_0015.jpg,"(354, 637, 819, 1102)"
train,bridge,E:\Xray\Xray\pcb_xray_annotation_workspace\bridge_roi_dataset\train\bridge\bridge_0015_b00_s2_j3.jpg,E:\Xray\Xray\pcb_xray_annotation_workspace\images\bridge\bridge_0015.jpg,"(298, 581, 763, 1046)"
train,bridge,E:\Xray\Xray\pcb_xray_annotation_workspace\bridge_roi_dataset\train\bridge\bridge_0015_b00_s2_j4.jpg,E:\Xray\Xray\pcb_xray_annotation_workspace\images\bridge\bridge_0015.jpg,"(298, 693, 763, 1158)"
train,bridge,E:\Xray\Xray\pcb_xray_annotation_workspace\bridge_roi_dataset\train\bridge\bridge_0026_b00_s0_j0.jpg,E:\Xray\Xray\pcb_xray_annotation_workspace\images\bridge\bridge_0026.jpg,"(326, 194, 990, 858)"
train,bridge,E:\Xray\Xray\pcb_xray_annotation_workspace\bridge_roi_dataset\train\bridge\bridge_0026_b00_s0_j1.jpg,E:\Xray\Xray\pcb_xray_annotation_workspace\images\bridge\bridge_0026.jpg,"(246, 194, 910, 858)"
train,bridge,E:\Xray\Xray\pcb_xray_annotation_workspace\bridge_roi_dataset\train\bridge\bridge_0026_b00_s0_j2.jpg,E:\Xray\Xray\pcb_xray_annotation_workspace\images\bridge\bridge_0026.jpg,"(405, 194, 1069, 858)"
train,bridge,E:\Xray\Xray\pcb_xray_annotation_workspace\bridge_roi_dataset\train\bridge\bridge_0026_b00_s0_j3.jpg,E:\Xray\Xray\pcb_xray_annotation_workspace\images\bridge\bridge_0026.jpg,"(326, 115, 990, 779)"
train,bridge,E:\Xray\Xray\pcb_xray_annotation_workspace\bridge_roi_dataset\train\bridge\bridge_0026_b00_s0_j4.jpg,E:\Xray\Xray\pcb_xray_annotation_workspace\images\bridge\bridge_0026.jpg,"(326, 274, 990, 938)"
train,bridge,E:\Xray\Xray\pcb_xray_annotation_workspace\bridge_roi_dataset\train\bridge\bridge_0026_b00_s1_j0.jpg,E:\Xray\Xray\pcb_xray_annotation_workspace\images\bridge\bridge_0026.jpg,"(274, 142, 1042, 910)"
train,bridge,E:\Xray\Xray\pcb_xray_annotation_workspace\bridge_roi_dataset\train\bridge\bridge_0026_b00_s1_j1.jpg,E:\Xray\Xray\pcb_xray_annotation_workspace\images\bridge\bridge_0026.jpg,"(182, 142, 950, 910)"
train,bridge,E:\Xray\Xray\pcb_xray_annotation_workspace\bridge_roi_dataset\train\bridge\bridge_0026_b00_s1_j2.jpg,E:\Xray\Xray\pcb_xray_annotation_workspace\images\bridge\bridge_0026.jpg,"(366, 142, 1134, 910)"
train,bridge,E:\Xray\Xray\pcb_xray_annotation_workspace\bridge_roi_dataset\train\bridge\bridge_0026_b00_s1_j3.jpg,E:\Xray\Xray\pcb_xray_annotation_workspace\images\bridge\bridge_0026.jpg,"(274, 50, 1042, 818)"
train,bridge,E:\Xray\Xray\pcb_xray_annotation_workspace\bridge_roi_dataset\train\bridge\bridge_0026_b00_s1_j4.jpg,E:\Xray\Xray\pcb_xray_annotation_workspace\images\bridge\bridge_0026.jpg,"(274, 235, 1042, 1003)"
train,bridge,E:\Xray\Xray\pcb_xray_annotation_workspace\bridge_roi_dataset\train\bridge\bridge_0026_b00_s2_j0.jpg,E:\Xray\Xray\pcb_xray_annotation_workspace\images\bridge\bridge_0026.jpg,"(274, 142, 1042, 910)"
train,bridge,E:\Xray\Xray\pcb_xray_annotation_workspace\bridge_roi_dataset\train\bridge\bridge_0026_b00_s2_j1.jpg,E:\Xray\Xray\pcb_xray_annotation_workspace\images\bridge\bridge_0026.jpg,"(182, 142, 950, 910)"
train,bridge,E:\Xray\Xray\pcb_xray_annotation_workspace\bridge_roi_dataset\train\bridge\bridge_0026_b00_s2_j2.jpg,E:\Xray\Xray\pcb_xray_annotation_workspace\images\bridge\bridge_0026.jpg,"(366, 142, 1134, 910)"
train,bridge,E:\Xray\Xray\pcb_xray_annotation_workspace\bridge_roi_dataset\train\bridge\bridge_0026_b00_s2_j3.jpg,E:\Xray\Xray\pcb_xray_annotation_workspace\images\bridge\bridge_0026.jpg,"(274, 50, 1042, 818)"
train,bridge,E:\Xray\Xray\pcb_xray_annotation_workspace\bridge_roi_dataset\train\bridge\bridge_0026_b00_s2_j4.jpg,E:\Xray\Xray\pcb_xray_annotation_workspace\images\bridge\bridge_0026.jpg,"(274, 235, 1042, 1003)"
train,bridge,E:\Xray\Xray\pcb_xray_annotation_workspace\bridge_roi_dataset\train\bridge\bridge_0010_b00_s0_j0.jpg,E:\Xray\Xray\pcb_xray_annotation_workspace\images\bridge\bridge_0010.jpg,"(809, 532, 1577, 1300)"
train,bridge,E:\Xray\Xray\pcb_xray_annotation_workspace\bridge_roi_dataset\train\bridge\bridge_0010_b00_s0_j1.jpg,E:\Xray\Xray\pcb_xray_annotation_workspace\images\bridge\bridge_0010.jpg,"(717, 532, 1485, 1300)"
train,bridge,E:\Xray\Xray\pcb_xray_annotation_workspace\bridge_roi_dataset\train\bridge\bridge_0010_b00_s0_j2.jpg,E:\Xray\Xray\pcb_xray_annotation_workspace\images\bridge\bridge_0010.jpg,"(901, 532, 1669, 1300)"
train,bridge,E:\Xray\Xray\pcb_xray_annotation_workspace\bridge_roi_dataset\train\bridge\bridge_0010_b00_s0_j3.jpg,E:\Xray\Xray\pcb_xray_annotation_workspace\images\bridge\bridge_0010.jpg,"(809, 440, 1577, 1208)"
train,bridge,E:\Xray\Xray\pcb_xray_annotation_workspace\bridge_roi_dataset\train\bridge\bridge_0010_b00_s0_j4.jpg,E:\Xray\Xray\pcb_xray_annotation_workspace\images\bridge\bridge_0010.jpg,"(809, 624, 1577, 1392)"
train,bridge,E:\Xray\Xray\pcb_xray_annotation_workspace\bridge_roi_dataset\train\bridge\bridge_0010_b00_s1_j0.jpg,E:\Xray\Xray\pcb_xray_annotation_workspace\images\bridge\bridge_0010.jpg,"(809, 532, 1577, 1300)"
train,bridge,E:\Xray\Xray\pcb_xray_annotation_workspace\bridge_roi_dataset\train\bridge\bridge_0010_b00_s1_j1.jpg,E:\Xray\Xray\pcb_xray_annotation_workspace\images\bridge\bridge_0010.jpg,"(717, 532, 1485, 1300)"
train,bridge,E:\Xray\Xray\pcb_xray_annotation_workspace\bridge_roi_dataset\train\bridge\bridge_0010_b00_s1_j2.jpg,E:\Xray\Xray\pcb_xray_annotation_workspace\images\bridge\bridge_0010.jpg,"(901, 532, 1669, 1300)"
train,bridge,E:\Xray\Xray\pcb_xray_annotation_workspace\bridge_roi_dataset\train\bridge\bridge_0010_b00_s1_j3.jpg,E:\Xray\Xray\pcb_xray_annotation_workspace\images\bridge\bridge_0010.jpg,"(809, 440, 1577, 1208)"
train,bridge,E:\Xray\Xray\pcb_xray_annotation_workspace\bridge_roi_dataset\train\bridge\bridge_0010_b00_s1_j4.jpg,E:\Xray\Xray\pcb_xray_annotation_workspace\images\bridge\bridge_0010.jpg,"(809, 624, 1577, 1392)"
train,bridge,E:\Xray\Xray\pcb_xray_annotation_workspace\bridge_roi_dataset\train\bridge\bridge_0010_b00_s2_j0.jpg,E:\Xray\Xray\pcb_xray_annotation_workspace\images\bridge\bridge_0010.jpg,"(809, 532, 1577, 1300)"
train,bridge,E:\Xray\Xray\pcb_xray_annotation_workspace\bridge_roi_dataset\train\bridge\bridge_0010_b00_s2_j1.jpg,E:\Xray\Xray\pcb_xray_annotation_workspace\images\bridge\bridge_0010.jpg,"(717, 532, 1485, 1300)"
train,bridge,E:\Xray\Xray\pcb_xray_annotation_workspace\bridge_roi_dataset\train\bridge\bridge_0010_b00_s2_j2.jpg,E:\Xray\Xray\pcb_xray_annotation_workspace\images\bridge\bridge_0010.jpg,"(901, 532, 1669, 1300)"
train,bridge,E:\Xray\Xray\pcb_xray_annotation_workspace\bridge_roi_dataset\train\bridge\bridge_0010_b00_s2_j3.jpg,E:\Xray\Xray\pcb_xray_annotation_workspace\images\bridge\bridge_0010.jpg,"(809, 440, 1577, 1208)"
train,bridge,E:\Xray\Xray\pcb_xray_annotation_workspace\bridge_roi_dataset\train\bridge\bridge_0010_b00_s2_j4.jpg,E:\Xray\Xray\pcb_xray_annotation_workspace\images\bridge\bridge_0010.jpg,"(809, 624, 1577, 1392)"
train,bridge,E:\Xray\Xray\pcb_xray_annotation_workspace\bridge_roi_dataset\train\bridge\bridge_0009_b00_s0_j0.jpg,E:\Xray\Xray\pcb_xray_annotation_workspace\images\bridge\bridge_0009.jpg,"(677, 251, 935, 509)"
train,bridge,E:\Xray\Xray\pcb_xray_annotation_workspace\bridge_roi_dataset\train\bridge\bridge_0009_b00_s0_j1.jpg,E:\Xray\Xray\pcb_xray_annotation_workspace\images\bridge\bridge_0009.jpg,"(646, 251, 904, 509)"
train,bridge,E:\Xray\Xray\pcb_xray_annotation_workspace\bridge_roi_dataset\train\bridge\bridge_0009_b00_s0_j2.jpg,E:\Xray\Xray\pcb_xray_annotation_workspace\images\bridge\bridge_0009.jpg,"(708, 251, 966, 509)"
train,bridge,E:\Xray\Xray\pcb_xray_annotation_workspace\bridge_roi_dataset\train\bridge\bridge_0009_b00_s0_j3.jpg,E:\Xray\Xray\pcb_xray_annotation_workspace\images\bridge\bridge_0009.jpg,"(677, 220, 935, 478)"
train,bridge,E:\Xray\Xray\pcb_xray_annotation_workspace\bridge_roi_dataset\train\bridge\bridge_0009_b00_s0_j4.jpg,E:\Xray\Xray\pcb_xray_annotation_workspace\images\bridge\bridge_0009.jpg,"(677, 282, 935, 540)"
train,bridge,E:\Xray\Xray\pcb_xray_annotation_workspace\bridge_roi_dataset\train\bridge\bridge_0009_b00_s1_j0.jpg,E:\Xray\Xray\pcb_xray_annotation_workspace\images\bridge\bridge_0009.jpg,"(634, 208, 978, 552)"
train,bridge,E:\Xray\Xray\pcb_xray_annotation_workspace\bridge_roi_dataset\train\bridge\bridge_0009_b00_s1_j1.jpg,E:\Xray\Xray\pcb_xray_annotation_workspace\images\bridge\bridge_0009.jpg,"(593, 208, 937, 552)"
train,bridge,E:\Xray\Xray\pcb_xray_annotation_workspace\bridge_roi_dataset\train\bridge\bridge_0009_b00_s1_j2.jpg,E:\Xray\Xray\pcb_xray_annotation_workspace\images\bridge\bridge_0009.jpg,"(675, 208, 1019, 552)"
train,bridge,E:\Xray\Xray\pcb_xray_annotation_workspace\bridge_roi_dataset\train\bridge\bridge_0009_b00_s1_j3.jpg,E:\Xray\Xray\pcb_xray_annotation_workspace\images\bridge\bridge_0009.jpg,"(634, 167, 978, 511)"
train,bridge,E:\Xray\Xray\pcb_xray_annotation_workspace\bridge_roi_dataset\train\bridge\bridge_0009_b00_s1_j4.jpg,E:\Xray\Xray\pcb_xray_annotation_workspace\images\bridge\bridge_0009.jpg,"(634, 250, 978, 594)"
train,bridge,E:\Xray\Xray\pcb_xray_annotation_workspace\bridge_roi_dataset\train\bridge\bridge_0009_b00_s2_j0.jpg,E:\Xray\Xray\pcb_xray_annotation_workspace\images\bridge\bridge_0009.jpg,"(591, 165, 1021, 595)"
train,bridge,E:\Xray\Xray\pcb_xray_annotation_workspace\bridge_roi_dataset\train\bridge\bridge_0009_b00_s2_j1.jpg,E:\Xray\Xray\pcb_xray_annotation_workspace\images\bridge\bridge_0009.jpg,"(539, 165, 969, 595)"
train,bridge,E:\Xray\Xray\pcb_xray_annotation_workspace\bridge_roi_dataset\train\bridge\bridge_0009_b00_s2_j2.jpg,E:\Xray\Xray\pcb_xray_annotation_workspace\images\bridge\bridge_0009.jpg,"(642, 165, 1072, 595)"
train,bridge,E:\Xray\Xray\pcb_xray_annotation_workspace\bridge_roi_dataset\train\bridge\bridge_0009_b00_s2_j3.jpg,E:\Xray\Xray\pcb_xray_annotation_workspace\images\bridge\bridge_0009.jpg,"(591, 114, 1021, 544)"
train,bridge,E:\Xray\Xray\pcb_xray_annotation_workspace\bridge_roi_dataset\train\bridge\bridge_0009_b00_s2_j4.jpg,E:\Xray\Xray\pcb_xray_annotation_workspace\images\bridge\bridge_0009.jpg,"(591, 217, 1021, 647)"
train,bridge,E:\Xray\Xray\pcb_xray_annotation_workspace\bridge_roi_dataset\train\bridge\bridge_0030_b00_s0_j0.jpg,E:\Xray\Xray\pcb_xray_annotation_workspace\images\bridge\bridge_0030.jpg,"(967, 731, 1659, 1423)"
train,bridge,E:\Xray\Xray\pcb_xray_annotation_workspace\bridge_roi_dataset\train\bridge\bridge_0030_b00_s0_j1.jpg,E:\Xray\Xray\pcb_xray_annotation_workspace\images\bridge\bridge_0030.jpg,"(884, 731, 1576, 1423)"
train,bridge,E:\Xray\Xray\pcb_xray_annotation_workspace\bridge_roi_dataset\train\bridge\bridge_0030_b00_s0_j2.jpg,E:\Xray\Xray\pcb_xray_annotation_workspace\images\bridge\bridge_0030.jpg,"(1050, 731, 1742, 1423)"
train,bridge,E:\Xray\Xray\pcb_xray_annotation_workspace\bridge_roi_dataset\train\bridge\bridge_0030_b00_s0_j3.jpg,E:\Xray\Xray\pcb_xray_annotation_workspace\images\bridge\bridge_0030.jpg,"(967, 648, 1659, 1340)"
train,bridge,E:\Xray\Xray\pcb_xray_annotation_workspace\bridge_roi_dataset\train\bridge\bridge_0030_b00_s0_j4.jpg,E:\Xray\Xray\pcb_xray_annotation_workspace\images\bridge\bridge_0030.jpg,"(967, 814, 1659, 1506)"
train,bridge,E:\Xray\Xray\pcb_xray_annotation_workspace\bridge_roi_dataset\train\bridge\bridge_0030_b00_s1_j0.jpg,E:\Xray\Xray\pcb_xray_annotation_workspace\images\bridge\bridge_0030.jpg,"(929, 693, 1697, 1461)"
train,bridge,E:\Xray\Xray\pcb_xray_annotation_workspace\bridge_roi_dataset\train\bridge\bridge_0030_b00_s1_j1.jpg,E:\Xray\Xray\pcb_xray_annotation_workspace\images\bridge\bridge_0030.jpg,"(837, 693, 1605, 1461)"
train,bridge,E:\Xray\Xray\pcb_xray_annotation_workspace\bridge_roi_dataset\train\bridge\bridge_0030_b00_s1_j2.jpg,E:\Xray\Xray\pcb_xray_annotation_workspace\images\bridge\bridge_0030.jpg,"(1021, 693, 1789, 1461)"
train,bridge,E:\Xray\Xray\pcb_xray_annotation_workspace\bridge_roi_dataset\train\bridge\bridge_0030_b00_s1_j3.jpg,E:\Xray\Xray\pcb_xray_annotation_workspace\images\bridge\bridge_0030.jpg,"(929, 601, 1697, 1369)"
train,bridge,E:\Xray\Xray\pcb_xray_annotation_workspace\bridge_roi_dataset\train\bridge\bridge_0030_b00_s1_j4.jpg,E:\Xray\Xray\pcb_xray_annotation_workspace\images\bridge\bridge_0030.jpg,"(929, 785, 1697, 1553)"
train,bridge,E:\Xray\Xray\pcb_xray_annotation_workspace\bridge_roi_dataset\train\bridge\bridge_0030_b00_s2_j0.jpg,E:\Xray\Xray\pcb_xray_annotation_workspace\images\bridge\bridge_0030.jpg,"(929, 693, 1697, 1461)"
train,bridge,E:\Xray\Xray\pcb_xray_annotation_workspace\bridge_roi_dataset\train\bridge\bridge_0030_b00_s2_j1.jpg,E:\Xray\Xray\pcb_xray_annotation_workspace\images\bridge\bridge_0030.jpg,"(837, 693, 1605, 1461)"
train,bridge,E:\Xray\Xray\pcb_xray_annotation_workspace\bridge_roi_dataset\train\bridge\bridge_0030_b00_s2_j2.jpg,E:\Xray\Xray\pcb_xray_annotation_workspace\images\bridge\bridge_0030.jpg,"(1021, 693, 1789, 1461)"
train,bridge,E:\Xray\Xray\pcb_xray_annotation_workspace\bridge_roi_dataset\train\bridge\bridge_0030_b00_s2_j3.jpg,E:\Xray\Xray\pcb_xray_annotation_workspace\images\bridge\bridge_0030.jpg,"(929, 601, 1697, 1369)"
train,bridge,E:\Xray\Xray\pcb_xray_annotation_workspace\bridge_roi_dataset\train\bridge\bridge_0030_b00_s2_j4.jpg,E:\Xray\Xray\pcb_xray_annotation_workspace\images\bridge\bridge_0030.jpg,"(929, 785, 1697, 1553)"
train,bridge,E:\Xray\Xray\pcb_xray_annotation_workspace\bridge_roi_dataset\train\bridge\bridge_0007_b00_s0_j0.jpg,E:\Xray\Xray\pcb_xray_annotation_workspace\images\bridge\bridge_0007.jpg,"(643, 514, 998, 869)"
train,bridge,E:\Xray\Xray\pcb_xray_annotation_workspace\bridge_roi_dataset\train\bridge\bridge_0007_b00_s0_j1.jpg,E:\Xray\Xray\pcb_xray_annotation_workspace\images\bridge\bridge_0007.jpg,"(600, 514, 955, 869)"
train,bridge,E:\Xray\Xray\pcb_xray_annotation_workspace\bridge_roi_dataset\train\bridge\bridge_0007_b00_s0_j2.jpg,E:\Xray\Xray\pcb_xray_annotation_workspace\images\bridge\bridge_0007.jpg,"(685, 514, 1040, 869)"
train,bridge,E:\Xray\Xray\pcb_xray_annotation_workspace\bridge_roi_dataset\train\bridge\bridge_0007_b00_s0_j3.jpg,E:\Xray\Xray\pcb_xray_annotation_workspace\images\bridge\bridge_0007.jpg,"(643, 472, 998, 827)"
train,bridge,E:\Xray\Xray\pcb_xray_annotation_workspace\bridge_roi_dataset\train\bridge\bridge_0007_b00_s0_j4.jpg,E:\Xray\Xray\pcb_xray_annotation_workspace\images\bridge\bridge_0007.jpg,"(643, 557, 998, 912)"
train,bridge,E:\Xray\Xray\pcb_xray_annotation_workspace\bridge_roi_dataset\train\bridge\bridge_0007_b00_s1_j0.jpg,E:\Xray\Xray\pcb_xray_annotation_workspace\images\bridge\bridge_0007.jpg,"(583, 455, 1057, 929)"
train,bridge,E:\Xray\Xray\pcb_xray_annotation_workspace\bridge_roi_dataset\train\bridge\bridge_0007_b00_s1_j1.jpg,E:\Xray\Xray\pcb_xray_annotation_workspace\images\bridge\bridge_0007.jpg,"(526, 455, 1000, 929)"
train,bridge,E:\Xray\Xray\pcb_xray_annotation_workspace\bridge_roi_dataset\train\bridge\bridge_0007_b00_s1_j2.jpg,E:\Xray\Xray\pcb_xray_annotation_workspace\images\bridge\bridge_0007.jpg,"(640, 455, 1114, 929)"
train,bridge,E:\Xray\Xray\pcb_xray_annotation_workspace\bridge_roi_dataset\train\bridge\bridge_0007_b00_s1_j3.jpg,E:\Xray\Xray\pcb_xray_annotation_workspace\images\bridge\bridge_0007.jpg,"(583, 398, 1057, 872)"
train,bridge,E:\Xray\Xray\pcb_xray_annotation_workspace\bridge_roi_dataset\train\bridge\bridge_0007_b00_s1_j4.jpg,E:\Xray\Xray\pcb_xray_annotation_workspace\images\bridge\bridge_0007.jpg,"(583, 512, 1057, 986)"
train,bridge,E:\Xray\Xray\pcb_xray_annotation_workspace\bridge_roi_dataset\train\bridge\bridge_0007_b00_s2_j0.jpg,E:\Xray\Xray\pcb_xray_annotation_workspace\images\bridge\bridge_0007.jpg,"(524, 395, 1117, 988)"
train,bridge,E:\Xray\Xray\pcb_xray_annotation_workspace\bridge_roi_dataset\train\bridge\bridge_0007_b00_s2_j1.jpg,E:\Xray\Xray\pcb_xray_annotation_workspace\images\bridge\bridge_0007.jpg,"(452, 395, 1045, 988)"
train,bridge,E:\Xray\Xray\pcb_xray_annotation_workspace\bridge_roi_dataset\train\bridge\bridge_0007_b00_s2_j2.jpg,E:\Xray\Xray\pcb_xray_annotation_workspace\images\bridge\bridge_0007.jpg,"(595, 395, 1188, 988)"
train,bridge,E:\Xray\Xray\pcb_xray_annotation_workspace\bridge_roi_dataset\train\bridge\bridge_0007_b00_s2_j3.jpg,E:\Xray\Xray\pcb_xray_annotation_workspace\images\bridge\bridge_0007.jpg,"(524, 324, 1117, 917)"
train,bridge,E:\Xray\Xray\pcb_xray_annotation_workspace\bridge_roi_dataset\train\bridge\bridge_0007_b00_s2_j4.jpg,E:\Xray\Xray\pcb_xray_annotation_workspace\images\bridge\bridge_0007.jpg,"(524, 467, 1117, 1060)"
train,bridge,E:\Xray\Xray\pcb_xray_annotation_workspace\bridge_roi_dataset\train\bridge\bridge_0023_b00_s0_j0.jpg,E:\Xray\Xray\pcb_xray_annotation_workspace\images\bridge\bridge_0023.jpg,"(545, 480, 773, 708)"
train,bridge,E:\Xray\Xray\pcb_xray_annotation_workspace\bridge_roi_dataset\train\bridge\bridge_0023_b00_s0_j1.jpg,E:\Xray\Xray\pcb_xray_annotation_workspace\images\bridge\bridge_0023.jpg,"(517, 480, 745, 708)"
train,bridge,E:\Xray\Xray\pcb_xray_annotation_workspace\bridge_roi_dataset\train\bridge\bridge_0023_b00_s0_j2.jpg,E:\Xray\Xray\pcb_xray_annotation_workspace\images\bridge\bridge_0023.jpg,"(572, 480, 800, 708)"
train,bridge,E:\Xray\Xray\pcb_xray_annotation_workspace\bridge_roi_dataset\train\bridge\bridge_0023_b00_s0_j3.jpg,E:\Xray\Xray\pcb_xray_annotation_workspace\images\bridge\bridge_0023.jpg,"(545, 453, 773, 681)"
train,bridge,E:\Xray\Xray\pcb_xray_annotation_workspace\bridge_roi_dataset\train\bridge\bridge_0023_b00_s0_j4.jpg,E:\Xray\Xray\pcb_xray_annotation_workspace\images\bridge\bridge_0023.jpg,"(545, 508, 773, 736)"
train,bridge,E:\Xray\Xray\pcb_xray_annotation_workspace\bridge_roi_dataset\train\bridge\bridge_0023_b00_s1_j0.jpg,E:\Xray\Xray\pcb_xray_annotation_workspace\images\bridge\bridge_0023.jpg,"(506, 442, 811, 747)"
train,bridge,E:\Xray\Xray\pcb_xray_annotation_workspace\bridge_roi_dataset\train\bridge\bridge_0023_b00_s1_j1.jpg,E:\Xray\Xray\pcb_xray_annotation_workspace\images\bridge\bridge_0023.jpg,"(469, 442, 774, 747)"
train,bridge,E:\Xray\Xray\pcb_xray_annotation_workspace\bridge_roi_dataset\train\bridge\bridge_0023_b00_s1_j2.jpg,E:\Xray\Xray\pcb_xray_annotation_workspace\images\bridge\bridge_0023.jpg,"(543, 442, 848, 747)"
train,bridge,E:\Xray\Xray\pcb_xray_annotation_workspace\bridge_roi_dataset\train\bridge\bridge_0023_b00_s1_j3.jpg,E:\Xray\Xray\pcb_xray_annotation_workspace\images\bridge\bridge_0023.jpg,"(506, 405, 811, 710)"
train,bridge,E:\Xray\Xray\pcb_xray_annotation_workspace\bridge_roi_dataset\train\bridge\bridge_0023_b00_s1_j4.jpg,E:\Xray\Xray\pcb_xray_annotation_workspace\images\bridge\bridge_0023.jpg,"(506, 478, 811, 783)"
train,bridge,E:\Xray\Xray\pcb_xray_annotation_workspace\bridge_roi_dataset\train\bridge\bridge_0023_b00_s2_j0.jpg,E:\Xray\Xray\pcb_xray_annotation_workspace\images\bridge\bridge_0023.jpg,"(468, 404, 849, 785)"
train,bridge,E:\Xray\Xray\pcb_xray_annotation_workspace\bridge_roi_dataset\train\bridge\bridge_0023_b00_s2_j1.jpg,E:\Xray\Xray\pcb_xray_annotation_workspace\images\bridge\bridge_0023.jpg,"(422, 404, 803, 785)"
train,bridge,E:\Xray\Xray\pcb_xray_annotation_workspace\bridge_roi_dataset\train\bridge\bridge_0023_b00_s2_j2.jpg,E:\Xray\Xray\pcb_xray_annotation_workspace\images\bridge\bridge_0023.jpg,"(514, 404, 895, 785)"
train,bridge,E:\Xray\Xray\pcb_xray_annotation_workspace\bridge_roi_dataset\train\bridge\bridge_0023_b00_s2_j3.jpg,E:\Xray\Xray\pcb_xray_annotation_workspace\images\bridge\bridge_0023.jpg,"(468, 358, 849, 739)"
train,bridge,E:\Xray\Xray\pcb_xray_annotation_workspace\bridge_roi_dataset\train\bridge\bridge_0023_b00_s2_j4.jpg,E:\Xray\Xray\pcb_xray_annotation_workspace\images\bridge\bridge_0023.jpg,"(468, 450, 849, 831)"
train,bridge,E:\Xray\Xray\pcb_xray_annotation_workspace\bridge_roi_dataset\train\bridge\bridge_0001_b00_s0_j0.jpg,E:\Xray\Xray\pcb_xray_annotation_workspace\images\bridge\bridge_0001.jpg,"(138, 55, 715, 632)"
train,bridge,E:\Xray\Xray\pcb_xray_annotation_workspace\bridge_roi_dataset\train\bridge\bridge_0001_b00_s0_j1.jpg,E:\Xray\Xray\pcb_xray_annotation_workspace\images\bridge\bridge_0001.jpg,"(69, 55, 646, 632)"
train,bridge,E:\Xray\Xray\pcb_xray_annotation_workspace\bridge_roi_dataset\train\bridge\bridge_0001_b00_s0_j2.jpg,E:\Xray\Xray\pcb_xray_annotation_workspace\images\bridge\bridge_0001.jpg,"(207, 55, 784, 632)"
train,bridge,E:\Xray\Xray\pcb_xray_annotation_workspace\bridge_roi_dataset\train\bridge\bridge_0001_b00_s0_j3.jpg,E:\Xray\Xray\pcb_xray_annotation_workspace\images\bridge\bridge_0001.jpg,"(138, 0, 715, 577)"
train,bridge,E:\Xray\Xray\pcb_xray_annotation_workspace\bridge_roi_dataset\train\bridge\bridge_0001_b00_s0_j4.jpg,E:\Xray\Xray\pcb_xray_annotation_workspace\images\bridge\bridge_0001.jpg,"(138, 124, 715, 701)"
train,bridge,E:\Xray\Xray\pcb_xray_annotation_workspace\bridge_roi_dataset\train\bridge\bridge_0001_b00_s1_j0.jpg,E:\Xray\Xray\pcb_xray_annotation_workspace\images\bridge\bridge_0001.jpg,"(43, 0, 811, 768)"
train,bridge,E:\Xray\Xray\pcb_xray_annotation_workspace\bridge_roi_dataset\train\bridge\bridge_0001_b00_s1_j1.jpg,E:\Xray\Xray\pcb_xray_annotation_workspace\images\bridge\bridge_0001.jpg,"(0, 0, 768, 768)"
train,bridge,E:\Xray\Xray\pcb_xray_annotation_workspace\bridge_roi_dataset\train\bridge\bridge_0001_b00_s1_j2.jpg,E:\Xray\Xray\pcb_xray_annotation_workspace\images\bridge\bridge_0001.jpg,"(135, 0, 903, 768)"
train,bridge,E:\Xray\Xray\pcb_xray_annotation_workspace\bridge_roi_dataset\train\bridge\bridge_0001_b00_s1_j3.jpg,E:\Xray\Xray\pcb_xray_annotation_workspace\images\bridge\bridge_0001.jpg,"(43, 0, 811, 768)"
train,bridge,E:\Xray\Xray\pcb_xray_annotation_workspace\bridge_roi_dataset\train\bridge\bridge_0001_b00_s1_j4.jpg,E:\Xray\Xray\pcb_xray_annotation_workspace\images\bridge\bridge_0001.jpg,"(43, 51, 811, 819)"
train,bridge,E:\Xray\Xray\pcb_xray_annotation_workspace\bridge_roi_dataset\train\bridge\bridge_0001_b00_s2_j0.jpg,E:\Xray\Xray\pcb_xray_annotation_workspace\images\bridge\bridge_0001.jpg,"(43, 0, 811, 768)"
train,bridge,E:\Xray\Xray\pcb_xray_annotation_workspace\bridge_roi_dataset\train\bridge\bridge_0001_b00_s2_j1.jpg,E:\Xray\Xray\pcb_xray_annotation_workspace\images\bridge\bridge_0001.jpg,"(0, 0, 768, 768)"
train,bridge,E:\Xray\Xray\pcb_xray_annotation_workspace\bridge_roi_dataset\train\bridge\bridge_0001_b00_s2_j2.jpg,E:\Xray\Xray\pcb_xray_annotation_workspace\images\bridge\bridge_0001.jpg,"(135, 0, 903, 768)"
train,bridge,E:\Xray\Xray\pcb_xray_annotation_workspace\bridge_roi_dataset\train\bridge\bridge_0001_b00_s2_j3.jpg,E:\Xray\Xray\pcb_xray_annotation_workspace\images\bridge\bridge_0001.jpg,"(43, 0, 811, 768)"
train,bridge,E:\Xray\Xray\pcb_xray_annotation_workspace\bridge_roi_dataset\train\bridge\bridge_0001_b00_s2_j4.jpg,E:\Xray\Xray\pcb_xray_annotation_workspace\images\bridge\bridge_0001.jpg,"(43, 51, 811, 819)"
train,bridge,E:\Xray\Xray\pcb_xray_annotation_workspace\bridge_roi_dataset\train\bridge\bridge_0001_b01_s0_j0.jpg,E:\Xray\Xray\pcb_xray_annotation_workspace\images\bridge\bridge_0001.jpg,"(544, 211, 784, 451)"
train,bridge,E:\Xray\Xray\pcb_xray_annotation_workspace\bridge_roi_dataset\train\bridge\bridge_0001_b01_s0_j1.jpg,E:\Xray\Xray\pcb_xray_annotation_workspace\images\bridge\bridge_0001.jpg,"(515, 211, 755, 451)"
train,bridge,E:\Xray\Xray\pcb_xray_annotation_workspace\bridge_roi_dataset\train\bridge\bridge_0001_b01_s0_j2.jpg,E:\Xray\Xray\pcb_xray_annotation_workspace\images\bridge\bridge_0001.jpg,"(573, 211, 813, 451)"
train,bridge,E:\Xray\Xray\pcb_xray_annotation_workspace\bridge_roi_dataset\train\bridge\bridge_0001_b01_s0_j3.jpg,E:\Xray\Xray\pcb_xray_annotation_workspace\images\bridge\bridge_0001.jpg,"(544, 182, 784, 422)"
train,bridge,E:\Xray\Xray\pcb_xray_annotation_workspace\bridge_roi_dataset\train\bridge\bridge_0001_b01_s0_j4.jpg,E:\Xray\Xray\pcb_xray_annotation_workspace\images\bridge\bridge_0001.jpg,"(544, 240, 784, 480)"
train,bridge,E:\Xray\Xray\pcb_xray_annotation_workspace\bridge_roi_dataset\train\bridge\bridge_0001_b01_s1_j0.jpg,E:\Xray\Xray\pcb_xray_annotation_workspace\images\bridge\bridge_0001.jpg,"(504, 171, 824, 491)"
train,bridge,E:\Xray\Xray\pcb_xray_annotation_workspace\bridge_roi_dataset\train\bridge\bridge_0001_b01_s1_j1.jpg,E:\Xray\Xray\pcb_xray_annotation_workspace\images\bridge\bridge_0001.jpg,"(466, 171, 786, 491)"
train,bridge,E:\Xray\Xray\pcb_xray_annotation_workspace\bridge_roi_dataset\train\bridge\bridge_0001_b01_s1_j2.jpg,E:\Xray\Xray\pcb_xray_annotation_workspace\images\bridge\bridge_0001.jpg,"(543, 171, 863, 491)"
train,bridge,E:\Xray\Xray\pcb_xray_annotation_workspace\bridge_roi_dataset\train\bridge\bridge_0001_b01_s1_j3.jpg,E:\Xray\Xray\pcb_xray_annotation_workspace\images\bridge\bridge_0001.jpg,"(504, 133, 824, 453)"
train,bridge,E:\Xray\Xray\pcb_xray_annotation_workspace\bridge_roi_dataset\train\bridge\bridge_0001_b01_s1_j4.jpg,E:\Xray\Xray\pcb_xray_annotation_workspace\images\bridge\bridge_0001.jpg,"(504, 210, 824, 530)"
train,bridge,E:\Xray\Xray\pcb_xray_annotation_workspace\bridge_roi_dataset\train\bridge\bridge_0001_b01_s2_j0.jpg,E:\Xray\Xray\pcb_xray_annotation_workspace\images\bridge\bridge_0001.jpg,"(464, 131, 864, 531)"
train,bridge,E:\Xray\Xray\pcb_xray_annotation_workspace\bridge_roi_dataset\train\bridge\bridge_0001_b01_s2_j1.jpg,E:\Xray\Xray\pcb_xray_annotation_workspace\images\bridge\bridge_0001.jpg,"(416, 131, 816, 531)"
train,bridge,E:\Xray\Xray\pcb_xray_annotation_workspace\bridge_roi_dataset\train\bridge\bridge_0001_b01_s2_j2.jpg,E:\Xray\Xray\pcb_xray_annotation_workspace\images\bridge\bridge_0001.jpg,"(512, 131, 912, 531)"
train,bridge,E:\Xray\Xray\pcb_xray_annotation_workspace\bridge_roi_dataset\train\bridge\bridge_0001_b01_s2_j3.jpg,E:\Xray\Xray\pcb_xray_annotation_workspace\images\bridge\bridge_0001.jpg,"(464, 83, 864, 483)"
train,bridge,E:\Xray\Xray\pcb_xray_annotation_workspace\bridge_roi_dataset\train\bridge\bridge_0001_b01_s2_j4.jpg,E:\Xray\Xray\pcb_xray_annotation_workspace\images\bridge\bridge_0001.jpg,"(464, 179, 864, 579)"
train,bridge,E:\Xray\Xray\pcb_xray_annotation_workspace\bridge_roi_dataset\train\bridge\bridge_0033_b00_s0_j0.jpg,E:\Xray\Xray\pcb_xray_annotation_workspace\images\bridge\bridge_0033.jpg,"(340, 70, 754, 484)"
train,bridge,E:\Xray\Xray\pcb_xray_annotation_workspace\bridge_roi_dataset\train\bridge\bridge_0033_b00_s0_j1.jpg,E:\Xray\Xray\pcb_xray_annotation_workspace\images\bridge\bridge_0033.jpg,"(291, 70, 705, 484)"
train,bridge,E:\Xray\Xray\pcb_xray_annotation_workspace\bridge_roi_dataset\train\bridge\bridge_0033_b00_s0_j2.jpg,E:\Xray\Xray\pcb_xray_annotation_workspace\images\bridge\bridge_0033.jpg,"(390, 70, 804, 484)"
train,bridge,E:\Xray\Xray\pcb_xray_annotation_workspace\bridge_roi_dataset\train\bridge\bridge_0033_b00_s0_j3.jpg,E:\Xray\Xray\pcb_xray_annotation_workspace\images\bridge\bridge_0033.jpg,"(340, 20, 754, 434)"
train,bridge,E:\Xray\Xray\pcb_xray_annotation_workspace\bridge_roi_dataset\train\bridge\bridge_0033_b00_s0_j4.jpg,E:\Xray\Xray\pcb_xray_annotation_workspace\images\bridge\bridge_0033.jpg,"(340, 119, 754, 533)"
train,bridge,E:\Xray\Xray\pcb_xray_annotation_workspace\bridge_roi_dataset\train\bridge\bridge_0033_b00_s1_j0.jpg,E:\Xray\Xray\pcb_xray_annotation_workspace\images\bridge\bridge_0033.jpg,"(272, 0, 824, 552)"
train,bridge,E:\Xray\Xray\pcb_xray_annotation_workspace\bridge_roi_dataset\train\bridge\bridge_0033_b00_s1_j1.jpg,E:\Xray\Xray\pcb_xray_annotation_workspace\images\bridge\bridge_0033.jpg,"(205, 0, 757, 552)"
train,bridge,E:\Xray\Xray\pcb_xray_annotation_workspace\bridge_roi_dataset\train\bridge\bridge_0033_b00_s1_j2.jpg,E:\Xray\Xray\pcb_xray_annotation_workspace\images\bridge\bridge_0033.jpg,"(338, 0, 890, 552)"
train,bridge,E:\Xray\Xray\pcb_xray_annotation_workspace\bridge_roi_dataset\train\bridge\bridge_0033_b00_s1_j3.jpg,E:\Xray\Xray\pcb_xray_annotation_workspace\images\bridge\bridge_0033.jpg,"(272, 0, 824, 552)"
train,bridge,E:\Xray\Xray\pcb_xray_annotation_workspace\bridge_roi_dataset\train\bridge\bridge_0033_b00_s1_j4.jpg,E:\Xray\Xray\pcb_xray_annotation_workspace\images\bridge\bridge_0033.jpg,"(272, 67, 824, 619)"
train,bridge,E:\Xray\Xray\pcb_xray_annotation_workspace\bridge_roi_dataset\train\bridge\bridge_0033_b00_s2_j0.jpg,E:\Xray\Xray\pcb_xray_annotation_workspace\images\bridge\bridge_0033.jpg,"(238, 0, 858, 620)"
train,bridge,E:\Xray\Xray\pcb_xray_annotation_workspace\bridge_roi_dataset\train\bridge\bridge_0033_b00_s2_j1.jpg,E:\Xray\Xray\pcb_xray_annotation_workspace\images\bridge\bridge_0033.jpg,"(163, 0, 783, 620)"
train,bridge,E:\Xray\Xray\pcb_xray_annotation_workspace\bridge_roi_dataset\train\bridge\bridge_0033_b00_s2_j2.jpg,E:\Xray\Xray\pcb_xray_annotation_workspace\images\bridge\bridge_0033.jpg,"(312, 0, 932, 620)"
train,bridge,E:\Xray\Xray\pcb_xray_annotation_workspace\bridge_roi_dataset\train\bridge\bridge_0033_b00_s2_j3.jpg,E:\Xray\Xray\pcb_xray_annotation_workspace\images\bridge\bridge_0033.jpg,"(238, 0, 858, 620)"
train,bridge,E:\Xray\Xray\pcb_xray_annotation_workspace\bridge_roi_dataset\train\bridge\bridge_0033_b00_s2_j4.jpg,E:\Xray\Xray\pcb_xray_annotation_workspace\images\bridge\bridge_0033.jpg,"(238, 0, 858, 620)"
train,bridge,E:\Xray\Xray\pcb_xray_annotation_workspace\bridge_roi_dataset\train\bridge\bridge_0014_b00_s0_j0.jpg,E:\Xray\Xray\pcb_xray_annotation_workspace\images\bridge\bridge_0014.jpg,"(886, 287, 1110, 511)"
train,bridge,E:\Xray\Xray\pcb_xray_annotation_workspace\bridge_roi_dataset\train\bridge\bridge_0014_b00_s0_j1.jpg,E:\Xray\Xray\pcb_xray_annotation_workspace\images\bridge\bridge_0014.jpg,"(859, 287, 1083, 511)"
train,bridge,E:\Xray\Xray\pcb_xray_annotation_workspace\bridge_roi_dataset\train\bridge\bridge_0014_b00_s0_j2.jpg,E:\Xray\Xray\pcb_xray_annotation_workspace\images\bridge\bridge_0014.jpg,"(913, 287, 1137, 511)"
train,bridge,E:\Xray\Xray\pcb_xray_annotation_workspace\bridge_roi_dataset\train\bridge\bridge_0014_b00_s0_j3.jpg,E:\Xray\Xray\pcb_xray_annotation_workspace\images\bridge\bridge_0014.jpg,"(886, 260, 1110, 484)"
train,bridge,E:\Xray\Xray\pcb_xray_annotation_workspace\bridge_roi_dataset\train\bridge\bridge_0014_b00_s0_j4.jpg,E:\Xray\Xray\pcb_xray_annotation_workspace\images\bridge\bridge_0014.jpg,"(886, 314, 1110, 538)"
train,bridge,E:\Xray\Xray\pcb_xray_annotation_workspace\bridge_roi_dataset\train\bridge\bridge_0014_b00_s1_j0.jpg,E:\Xray\Xray\pcb_xray_annotation_workspace\images\bridge\bridge_0014.jpg,"(849, 250, 1146, 547)"
train,bridge,E:\Xray\Xray\pcb_xray_annotation_workspace\bridge_roi_dataset\train\bridge\bridge_0014_b00_s1_j1.jpg,E:\Xray\Xray\pcb_xray_annotation_workspace\images\bridge\bridge_0014.jpg,"(814, 250, 1111, 547)"
train,bridge,E:\Xray\Xray\pcb_xray_annotation_workspace\bridge_roi_dataset\train\bridge\bridge_0014_b00_s1_j2.jpg,E:\Xray\Xray\pcb_xray_annotation_workspace\images\bridge\bridge_0014.jpg,"(885, 250, 1182, 547)"
train,bridge,E:\Xray\Xray\pcb_xray_annotation_workspace\bridge_roi_dataset\train\bridge\bridge_0014_b00_s1_j3.jpg,E:\Xray\Xray\pcb_xray_annotation_workspace\images\bridge\bridge_0014.jpg,"(849, 215, 1146, 512)"
train,bridge,E:\Xray\Xray\pcb_xray_annotation_workspace\bridge_roi_dataset\train\bridge\bridge_0014_b00_s1_j4.jpg,E:\Xray\Xray\pcb_xray_annotation_workspace\images\bridge\bridge_0014.jpg,"(849, 286, 1146, 583)"
train,bridge,E:\Xray\Xray\pcb_xray_annotation_workspace\bridge_roi_dataset\train\bridge\bridge_0014_b00_s2_j0.jpg,E:\Xray\Xray\pcb_xray_annotation_workspace\images\bridge\bridge_0014.jpg,"(812, 213, 1184, 585)"
train,bridge,E:\Xray\Xray\pcb_xray_annotation_workspace\bridge_roi_dataset\train\bridge\bridge_0014_b00_s2_j1.jpg,E:\Xray\Xray\pcb_xray_annotation_workspace\images\bridge\bridge_0014.jpg,"(767, 213, 1139, 585)"
train,bridge,E:\Xray\Xray\pcb_xray_annotation_workspace\bridge_roi_dataset\train\bridge\bridge_0014_b00_s2_j2.jpg,E:\Xray\Xray\pcb_xray_annotation_workspace\images\bridge\bridge_0014.jpg,"(856, 213, 1228, 585)"
train,bridge,E:\Xray\Xray\pcb_xray_annotation_workspace\bridge_roi_dataset\train\bridge\bridge_0014_b00_s2_j3.jpg,E:\Xray\Xray\pcb_xray_annotation_workspace\images\bridge\bridge_0014.jpg,"(812, 168, 1184, 540)"
train,bridge,E:\Xray\Xray\pcb_xray_annotation_workspace\bridge_roi_dataset\train\bridge\bridge_0014_b00_s2_j4.jpg,E:\Xray\Xray\pcb_xray_annotation_workspace\images\bridge\bridge_0014.jpg,"(812, 258, 1184, 630)"
train,bridge,E:\Xray\Xray\pcb_xray_annotation_workspace\bridge_roi_dataset\train\bridge\bridge_0019_b00_s0_j0.jpg,E:\Xray\Xray\pcb_xray_annotation_workspace\images\bridge\bridge_0019.jpg,"(562, 857, 850, 1145)"
train,bridge,E:\Xray\Xray\pcb_xray_annotation_workspace\bridge_roi_dataset\train\bridge\bridge_0019_b00_s0_j1.jpg,E:\Xray\Xray\pcb_xray_annotation_workspace\images\bridge\bridge_0019.jpg,"(527, 857, 815, 1145)"
train,bridge,E:\Xray\Xray\pcb_xray_annotation_workspace\bridge_roi_dataset\train\bridge\bridge_0019_b00_s0_j2.jpg,E:\Xray\Xray\pcb_xray_annotation_workspace\images\bridge\bridge_0019.jpg,"(597, 857, 885, 1145)"
train,bridge,E:\Xray\Xray\pcb_xray_annotation_workspace\bridge_roi_dataset\train\bridge\bridge_0019_b00_s0_j3.jpg,E:\Xray\Xray\pcb_xray_annotation_workspace\images\bridge\bridge_0019.jpg,"(562, 823, 850, 1111)"
train,bridge,E:\Xray\Xray\pcb_xray_annotation_workspace\bridge_roi_dataset\train\bridge\bridge_0019_b00_s0_j4.jpg,E:\Xray\Xray\pcb_xray_annotation_workspace\images\bridge\bridge_0019.jpg,"(562, 892, 850, 1180)"
train,bridge,E:\Xray\Xray\pcb_xray_annotation_workspace\bridge_roi_dataset\train\bridge\bridge_0019_b00_s1_j0.jpg,E:\Xray\Xray\pcb_xray_annotation_workspace\images\bridge\bridge_0019.jpg,"(514, 809, 899, 1194)"
train,bridge,E:\Xray\Xray\pcb_xray_annotation_workspace\bridge_roi_dataset\train\bridge\bridge_0019_b00_s1_j1.jpg,E:\Xray\Xray\pcb_xray_annotation_workspace\images\bridge\bridge_0019.jpg,"(467, 809, 852, 1194)"
train,bridge,E:\Xray\Xray\pcb_xray_annotation_workspace\bridge_roi_dataset\train\bridge\bridge_0019_b00_s1_j2.jpg,E:\Xray\Xray\pcb_xray_annotation_workspace\images\bridge\bridge_0019.jpg,"(560, 809, 945, 1194)"
train,bridge,E:\Xray\Xray\pcb_xray_annotation_workspace\bridge_roi_dataset\train\bridge\bridge_0019_b00_s1_j3.jpg,E:\Xray\Xray\pcb_xray_annotation_workspace\images\bridge\bridge_0019.jpg,"(514, 763, 899, 1148)"
train,bridge,E:\Xray\Xray\pcb_xray_annotation_workspace\bridge_roi_dataset\train\bridge\bridge_0019_b00_s1_j4.jpg,E:\Xray\Xray\pcb_xray_annotation_workspace\images\bridge\bridge_0019.jpg,"(514, 855, 899, 1240)"
train,bridge,E:\Xray\Xray\pcb_xray_annotation_workspace\bridge_roi_dataset\train\bridge\bridge_0019_b00_s2_j0.jpg,E:\Xray\Xray\pcb_xray_annotation_workspace\images\bridge\bridge_0019.jpg,"(466, 761, 947, 1242)"
train,bridge,E:\Xray\Xray\pcb_xray_annotation_workspace\bridge_roi_dataset\train\bridge\bridge_0019_b00_s2_j1.jpg,E:\Xray\Xray\pcb_xray_annotation_workspace\images\bridge\bridge_0019.jpg,"(408, 761, 889, 1242)"
train,bridge,E:\Xray\Xray\pcb_xray_annotation_workspace\bridge_roi_dataset\train\bridge\bridge_0019_b00_s2_j2.jpg,E:\Xray\Xray\pcb_xray_annotation_workspace\images\bridge\bridge_0019.jpg,"(523, 761, 1004, 1242)"
train,bridge,E:\Xray\Xray\pcb_xray_annotation_workspace\bridge_roi_dataset\train\bridge\bridge_0019_b00_s2_j3.jpg,E:\Xray\Xray\pcb_xray_annotation_workspace\images\bridge\bridge_0019.jpg,"(466, 703, 947, 1184)"
train,bridge,E:\Xray\Xray\pcb_xray_annotation_workspace\bridge_roi_dataset\train\bridge\bridge_0019_b00_s2_j4.jpg,E:\Xray\Xray\pcb_xray_annotation_workspace\images\bridge\bridge_0019.jpg,"(466, 818, 947, 1299)"
train,bridge,E:\Xray\Xray\pcb_xray_annotation_workspace\bridge_roi_dataset\train\bridge\bridge_0003_b00_s0_j0.jpg,E:\Xray\Xray\pcb_xray_annotation_workspace\images\bridge\bridge_0003.jpg,"(509, 216, 753, 460)"
train,bridge,E:\Xray\Xray\pcb_xray_annotation_workspace\bridge_roi_dataset\train\bridge\bridge_0003_b00_s0_j1.jpg,E:\Xray\Xray\pcb_xray_annotation_workspace\images\bridge\bridge_0003.jpg,"(480, 216, 724, 460)"
train,bridge,E:\Xray\Xray\pcb_xray_annotation_workspace\bridge_roi_dataset\train\bridge\bridge_0003_b00_s0_j2.jpg,E:\Xray\Xray\pcb_xray_annotation_workspace\images\bridge\bridge_0003.jpg,"(538, 216, 782, 460)"
train,bridge,E:\Xray\Xray\pcb_xray_annotation_workspace\bridge_roi_dataset\train\bridge\bridge_0003_b00_s0_j3.jpg,E:\Xray\Xray\pcb_xray_annotation_workspace\images\bridge\bridge_0003.jpg,"(509, 187, 753, 431)"
train,bridge,E:\Xray\Xray\pcb_xray_annotation_workspace\bridge_roi_dataset\train\bridge\bridge_0003_b00_s0_j4.jpg,E:\Xray\Xray\pcb_xray_annotation_workspace\images\bridge\bridge_0003.jpg,"(509, 246, 753, 490)"
train,bridge,E:\Xray\Xray\pcb_xray_annotation_workspace\bridge_roi_dataset\train\bridge\bridge_0003_b00_s1_j0.jpg,E:\Xray\Xray\pcb_xray_annotation_workspace\images\bridge\bridge_0003.jpg,"(469, 176, 794, 501)"
train,bridge,E:\Xray\Xray\pcb_xray_annotation_workspace\bridge_roi_dataset\train\bridge\bridge_0003_b00_s1_j1.jpg,E:\Xray\Xray\pcb_xray_annotation_workspace\images\bridge\bridge_0003.jpg,"(430, 176, 755, 501)"
train,bridge,E:\Xray\Xray\pcb_xray_annotation_workspace\bridge_roi_dataset\train\bridge\bridge_0003_b00_s1_j2.jpg,E:\Xray\Xray\pcb_xray_annotation_workspace\images\bridge\bridge_0003.jpg,"(508, 176, 833, 501)"
train,bridge,E:\Xray\Xray\pcb_xray_annotation_workspace\bridge_roi_dataset\train\bridge\bridge_0003_b00_s1_j3.jpg,E:\Xray\Xray\pcb_xray_annotation_workspace\images\bridge\bridge_0003.jpg,"(469, 137, 794, 462)"
train,bridge,E:\Xray\Xray\pcb_xray_annotation_workspace\bridge_roi_dataset\train\bridge\bridge_0003_b00_s1_j4.jpg,E:\Xray\Xray\pcb_xray_annotation_workspace\images\bridge\bridge_0003.jpg,"(469, 215, 794, 540)"
train,bridge,E:\Xray\Xray\pcb_xray_annotation_workspace\bridge_roi_dataset\train\bridge\bridge_0003_b00_s2_j0.jpg,E:\Xray\Xray\pcb_xray_annotation_workspace\images\bridge\bridge_0003.jpg,"(428, 135, 834, 541)"
train,bridge,E:\Xray\Xray\pcb_xray_annotation_workspace\bridge_roi_dataset\train\bridge\bridge_0003_b00_s2_j1.jpg,E:\Xray\Xray\pcb_xray_annotation_workspace\images\bridge\bridge_0003.jpg,"(379, 135, 785, 541)"
train,bridge,E:\Xray\Xray\pcb_xray_annotation_workspace\bridge_roi_dataset\train\bridge\bridge_0003_b00_s2_j2.jpg,E:\Xray\Xray\pcb_xray_annotation_workspace\images\bridge\bridge_0003.jpg,"(477, 135, 883, 541)"
train,bridge,E:\Xray\Xray\pcb_xray_annotation_workspace\bridge_roi_dataset\train\bridge\bridge_0003_b00_s2_j3.jpg,E:\Xray\Xray\pcb_xray_annotation_workspace\images\bridge\bridge_0003.jpg,"(428, 87, 834, 493)"
train,bridge,E:\Xray\Xray\pcb_xray_annotation_workspace\bridge_roi_dataset\train\bridge\bridge_0003_b00_s2_j4.jpg,E:\Xray\Xray\pcb_xray_annotation_workspace\images\bridge\bridge_0003.jpg,"(428, 184, 834, 590)"
train,bridge,E:\Xray\Xray\pcb_xray_annotation_workspace\bridge_roi_dataset\train\bridge\bridge_0003_b01_s0_j0.jpg,E:\Xray\Xray\pcb_xray_annotation_workspace\images\bridge\bridge_0003.jpg,"(477, 251, 741, 515)"
train,bridge,E:\Xray\Xray\pcb_xray_annotation_workspace\bridge_roi_dataset\train\bridge\bridge_0003_b01_s0_j1.jpg,E:\Xray\Xray\pcb_xray_annotation_workspace\images\bridge\bridge_0003.jpg,"(445, 251, 709, 515)"
train,bridge,E:\Xray\Xray\pcb_xray_annotation_workspace\bridge_roi_dataset\train\bridge\bridge_0003_b01_s0_j2.jpg,E:\Xray\Xray\pcb_xray_annotation_workspace\images\bridge\bridge_0003.jpg,"(509, 251, 773, 515)"
train,bridge,E:\Xray\Xray\pcb_xray_annotation_workspace\bridge_roi_dataset\train\bridge\bridge_0003_b01_s0_j3.jpg,E:\Xray\Xray\pcb_xray_annotation_workspace\images\bridge\bridge_0003.jpg,"(477, 220, 741, 484)"
train,bridge,E:\Xray\Xray\pcb_xray_annotation_workspace\bridge_roi_dataset\train\bridge\bridge_0003_b01_s0_j4.jpg,E:\Xray\Xray\pcb_xray_annotation_workspace\images\bridge\bridge_0003.jpg,"(477, 283, 741, 547)"
train,bridge,E:\Xray\Xray\pcb_xray_annotation_workspace\bridge_roi_dataset\train\bridge\bridge_0003_b01_s1_j0.jpg,E:\Xray\Xray\pcb_xray_annotation_workspace\images\bridge\bridge_0003.jpg,"(433, 207, 785, 559)"
train,bridge,E:\Xray\Xray\pcb_xray_annotation_workspace\bridge_roi_dataset\train\bridge\bridge_0003_b01_s1_j1.jpg,E:\Xray\Xray\pcb_xray_annotation_workspace\images\bridge\bridge_0003.jpg,"(391, 207, 743, 559)"
train,bridge,E:\Xray\Xray\pcb_xray_annotation_workspace\bridge_roi_dataset\train\bridge\bridge_0003_b01_s1_j2.jpg,E:\Xray\Xray\pcb_xray_annotation_workspace\images\bridge\bridge_0003.jpg,"(475, 207, 827, 559)"
train,bridge,E:\Xray\Xray\pcb_xray_annotation_workspace\bridge_roi_dataset\train\bridge\bridge_0003_b01_s1_j3.jpg,E:\Xray\Xray\pcb_xray_annotation_workspace\images\bridge\bridge_0003.jpg,"(433, 165, 785, 517)"
train,bridge,E:\Xray\Xray\pcb_xray_annotation_workspace\bridge_roi_dataset\train\bridge\bridge_0003_b01_s1_j4.jpg,E:\Xray\Xray\pcb_xray_annotation_workspace\images\bridge\bridge_0003.jpg,"(433, 250, 785, 602)"
train,bridge,E:\Xray\Xray\pcb_xray_annotation_workspace\bridge_roi_dataset\train\bridge\bridge_0003_b01_s2_j0.jpg,E:\Xray\Xray\pcb_xray_annotation_workspace\images\bridge\bridge_0003.jpg,"(389, 163, 829, 603)"
train,bridge,E:\Xray\Xray\pcb_xray_annotation_workspace\bridge_roi_dataset\train\bridge\bridge_0003_b01_s2_j1.jpg,E:\Xray\Xray\pcb_xray_annotation_workspace\images\bridge\bridge_0003.jpg,"(336, 163, 776, 603)"
train,bridge,E:\Xray\Xray\pcb_xray_annotation_workspace\bridge_roi_dataset\train\bridge\bridge_0003_b01_s2_j2.jpg,E:\Xray\Xray\pcb_xray_annotation_workspace\images\bridge\bridge_0003.jpg,"(442, 163, 882, 603)"
train,bridge,E:\Xray\Xray\pcb_xray_annotation_workspace\bridge_roi_dataset\train\bridge\bridge_0003_b01_s2_j3.jpg,E:\Xray\Xray\pcb_xray_annotation_workspace\images\bridge\bridge_0003.jpg,"(389, 111, 829, 551)"
train,bridge,E:\Xray\Xray\pcb_xray_annotation_workspace\bridge_roi_dataset\train\bridge\bridge_0003_b01_s2_j4.jpg,E:\Xray\Xray\pcb_xray_annotation_workspace\images\bridge\bridge_0003.jpg,"(389, 216, 829, 656)"
val,bridge,E:\Xray\Xray\pcb_xray_annotation_workspace\bridge_roi_dataset\val\bridge\bridge_0032_b00_s0_j0.jpg,E:\Xray\Xray\pcb_xray_annotation_workspace\images\bridge\bridge_0032.jpg,"(164, 72, 815, 723)"
val,bridge,E:\Xray\Xray\pcb_xray_annotation_workspace\bridge_roi_dataset\val\bridge\bridge_0032_b00_s0_j1.jpg,E:\Xray\Xray\pcb_xray_annotation_workspace\images\bridge\bridge_0032.jpg,"(86, 72, 737, 723)"
val,bridge,E:\Xray\Xray\pcb_xray_annotation_workspace\bridge_roi_dataset\val\bridge\bridge_0032_b00_s0_j2.jpg,E:\Xray\Xray\pcb_xray_annotation_workspace\images\bridge\bridge_0032.jpg,"(242, 72, 893, 723)"
val,bridge,E:\Xray\Xray\pcb_xray_annotation_workspace\bridge_roi_dataset\val\bridge\bridge_0032_b00_s0_j3.jpg,E:\Xray\Xray\pcb_xray_annotation_workspace\images\bridge\bridge_0032.jpg,"(164, 0, 815, 651)"
val,bridge,E:\Xray\Xray\pcb_xray_annotation_workspace\bridge_roi_dataset\val\bridge\bridge_0032_b00_s0_j4.jpg,E:\Xray\Xray\pcb_xray_annotation_workspace\images\bridge\bridge_0032.jpg,"(164, 150, 815, 801)"
val,bridge,E:\Xray\Xray\pcb_xray_annotation_workspace\bridge_roi_dataset\val\bridge\bridge_0032_b00_s1_j0.jpg,E:\Xray\Xray\pcb_xray_annotation_workspace\images\bridge\bridge_0032.jpg,"(105, 14, 873, 782)"
val,bridge,E:\Xray\Xray\pcb_xray_annotation_workspace\bridge_roi_dataset\val\bridge\bridge_0032_b00_s1_j1.jpg,E:\Xray\Xray\pcb_xray_annotation_workspace\images\bridge\bridge_0032.jpg,"(13, 14, 781, 782)"
val,bridge,E:\Xray\Xray\pcb_xray_annotation_workspace\bridge_roi_dataset\val\bridge\bridge_0032_b00_s1_j2.jpg,E:\Xray\Xray\pcb_xray_annotation_workspace\images\bridge\bridge_0032.jpg,"(197, 14, 965, 782)"
val,bridge,E:\Xray\Xray\pcb_xray_annotation_workspace\bridge_roi_dataset\val\bridge\bridge_0032_b00_s1_j3.jpg,E:\Xray\Xray\pcb_xray_annotation_workspace\images\bridge\bridge_0032.jpg,"(105, 0, 873, 768)"
val,bridge,E:\Xray\Xray\pcb_xray_annotation_workspace\bridge_roi_dataset\val\bridge\bridge_0032_b00_s1_j4.jpg,E:\Xray\Xray\pcb_xray_annotation_workspace\images\bridge\bridge_0032.jpg,"(105, 106, 873, 874)"
val,bridge,E:\Xray\Xray\pcb_xray_annotation_workspace\bridge_roi_dataset\val\bridge\bridge_0032_b00_s2_j0.jpg,E:\Xray\Xray\pcb_xray_annotation_workspace\images\bridge\bridge_0032.jpg,"(105, 14, 873, 782)"
val,bridge,E:\Xray\Xray\pcb_xray_annotation_workspace\bridge_roi_dataset\val\bridge\bridge_0032_b00_s2_j1.jpg,E:\Xray\Xray\pcb_xray_annotation_workspace\images\bridge\bridge_0032.jpg,"(13, 14, 781, 782)"
val,bridge,E:\Xray\Xray\pcb_xray_annotation_workspace\bridge_roi_dataset\val\bridge\bridge_0032_b00_s2_j2.jpg,E:\Xray\Xray\pcb_xray_annotation_workspace\images\bridge\bridge_0032.jpg,"(197, 14, 965, 782)"
val,bridge,E:\Xray\Xray\pcb_xray_annotation_workspace\bridge_roi_dataset\val\bridge\bridge_0032_b00_s2_j3.jpg,E:\Xray\Xray\pcb_xray_annotation_workspace\images\bridge\bridge_0032.jpg,"(105, 0, 873, 768)"
val,bridge,E:\Xray\Xray\pcb_xray_annotation_workspace\bridge_roi_dataset\val\bridge\bridge_0032_b00_s2_j4.jpg,E:\Xray\Xray\pcb_xray_annotation_workspace\images\bridge\bridge_0032.jpg,"(105, 106, 873, 874)"
val,bridge,E:\Xray\Xray\pcb_xray_annotation_workspace\bridge_roi_dataset\val\bridge\bridge_0028_b00_s0_j0.jpg,E:\Xray\Xray\pcb_xray_annotation_workspace\images\bridge\bridge_0028.jpg,"(0, 548, 768, 1316)"
val,bridge,E:\Xray\Xray\pcb_xray_annotation_workspace\bridge_roi_dataset\val\bridge\bridge_0028_b00_s0_j1.jpg,E:\Xray\Xray\pcb_xray_annotation_workspace\images\bridge\bridge_0028.jpg,"(0, 548, 768, 1316)"
val,bridge,E:\Xray\Xray\pcb_xray_annotation_workspace\bridge_roi_dataset\val\bridge\bridge_0028_b00_s0_j2.jpg,E:\Xray\Xray\pcb_xray_annotation_workspace\images\bridge\bridge_0028.jpg,"(73, 548, 841, 1316)"
val,bridge,E:\Xray\Xray\pcb_xray_annotation_workspace\bridge_roi_dataset\val\bridge\bridge_0028_b00_s0_j3.jpg,E:\Xray\Xray\pcb_xray_annotation_workspace\images\bridge\bridge_0028.jpg,"(0, 455, 768, 1223)"
val,bridge,E:\Xray\Xray\pcb_xray_annotation_workspace\bridge_roi_dataset\val\bridge\bridge_0028_b00_s0_j4.jpg,E:\Xray\Xray\pcb_xray_annotation_workspace\images\bridge\bridge_0028.jpg,"(0, 640, 768, 1408)"
val,bridge,E:\Xray\Xray\pcb_xray_annotation_workspace\bridge_roi_dataset\val\bridge\bridge_0028_b00_s1_j0.jpg,E:\Xray\Xray\pcb_xray_annotation_workspace\images\bridge\bridge_0028.jpg,"(0, 548, 768, 1316)"
val,bridge,E:\Xray\Xray\pcb_xray_annotation_workspace\bridge_roi_dataset\val\bridge\bridge_0028_b00_s1_j1.jpg,E:\Xray\Xray\pcb_xray_annotation_workspace\images\bridge\bridge_0028.jpg,"(0, 548, 768, 1316)"
val,bridge,E:\Xray\Xray\pcb_xray_annotation_workspace\bridge_roi_dataset\val\bridge\bridge_0028_b00_s1_j2.jpg,E:\Xray\Xray\pcb_xray_annotation_workspace\images\bridge\bridge_0028.jpg,"(73, 548, 841, 1316)"
val,bridge,E:\Xray\Xray\pcb_xray_annotation_workspace\bridge_roi_dataset\val\bridge\bridge_0028_b00_s1_j3.jpg,E:\Xray\Xray\pcb_xray_annotation_workspace\images\bridge\bridge_0028.jpg,"(0, 455, 768, 1223)"
val,bridge,E:\Xray\Xray\pcb_xray_annotation_workspace\bridge_roi_dataset\val\bridge\bridge_0028_b00_s1_j4.jpg,E:\Xray\Xray\pcb_xray_annotation_workspace\images\bridge\bridge_0028.jpg,"(0, 640, 768, 1408)"
val,bridge,E:\Xray\Xray\pcb_xray_annotation_workspace\bridge_roi_dataset\val\bridge\bridge_0028_b00_s2_j0.jpg,E:\Xray\Xray\pcb_xray_annotation_workspace\images\bridge\bridge_0028.jpg,"(0, 548, 768, 1316)"
val,bridge,E:\Xray\Xray\pcb_xray_annotation_workspace\bridge_roi_dataset\val\bridge\bridge_0028_b00_s2_j1.jpg,E:\Xray\Xray\pcb_xray_annotation_workspace\images\bridge\bridge_0028.jpg,"(0, 548, 768, 1316)"
val,bridge,E:\Xray\Xray\pcb_xray_annotation_workspace\bridge_roi_dataset\val\bridge\bridge_0028_b00_s2_j2.jpg,E:\Xray\Xray\pcb_xray_annotation_workspace\images\bridge\bridge_0028.jpg,"(73, 548, 841, 1316)"
val,bridge,E:\Xray\Xray\pcb_xray_annotation_workspace\bridge_roi_dataset\val\bridge\bridge_0028_b00_s2_j3.jpg,E:\Xray\Xray\pcb_xray_annotation_workspace\images\bridge\bridge_0028.jpg,"(0, 455, 768, 1223)"
val,bridge,E:\Xray\Xray\pcb_xray_annotation_workspace\bridge_roi_dataset\val\bridge\bridge_0028_b00_s2_j4.jpg,E:\Xray\Xray\pcb_xray_annotation_workspace\images\bridge\bridge_0028.jpg,"(0, 640, 768, 1408)"
val,bridge,E:\Xray\Xray\pcb_xray_annotation_workspace\bridge_roi_dataset\val\bridge\bridge_0028_b01_s0_j0.jpg,E:\Xray\Xray\pcb_xray_annotation_workspace\images\bridge\bridge_0028.jpg,"(120, 946, 888, 1714)"
val,bridge,E:\Xray\Xray\pcb_xray_annotation_workspace\bridge_roi_dataset\val\bridge\bridge_0028_b01_s0_j1.jpg,E:\Xray\Xray\pcb_xray_annotation_workspace\images\bridge\bridge_0028.jpg,"(28, 946, 796, 1714)"
val,bridge,E:\Xray\Xray\pcb_xray_annotation_workspace\bridge_roi_dataset\val\bridge\bridge_0028_b01_s0_j2.jpg,E:\Xray\Xray\pcb_xray_annotation_workspace\images\bridge\bridge_0028.jpg,"(212, 946, 980, 1714)"
val,bridge,E:\Xray\Xray\pcb_xray_annotation_workspace\bridge_roi_dataset\val\bridge\bridge_0028_b01_s0_j3.jpg,E:\Xray\Xray\pcb_xray_annotation_workspace\images\bridge\bridge_0028.jpg,"(120, 854, 888, 1622)"
val,bridge,E:\Xray\Xray\pcb_xray_annotation_workspace\bridge_roi_dataset\val\bridge\bridge_0028_b01_s0_j4.jpg,E:\Xray\Xray\pcb_xray_annotation_workspace\images\bridge\bridge_0028.jpg,"(120, 967, 888, 1735)"
val,bridge,E:\Xray\Xray\pcb_xray_annotation_workspace\bridge_roi_dataset\val\bridge\bridge_0028_b01_s1_j0.jpg,E:\Xray\Xray\pcb_xray_annotation_workspace\images\bridge\bridge_0028.jpg,"(120, 946, 888, 1714)"
val,bridge,E:\Xray\Xray\pcb_xray_annotation_workspace\bridge_roi_dataset\val\bridge\bridge_0028_b01_s1_j1.jpg,E:\Xray\Xray\pcb_xray_annotation_workspace\images\bridge\bridge_0028.jpg,"(28, 946, 796, 1714)"
val,bridge,E:\Xray\Xray\pcb_xray_annotation_workspace\bridge_roi_dataset\val\bridge\bridge_0028_b01_s1_j2.jpg,E:\Xray\Xray\pcb_xray_annotation_workspace\images\bridge\bridge_0028.jpg,"(212, 946, 980, 1714)"
val,bridge,E:\Xray\Xray\pcb_xray_annotation_workspace\bridge_roi_dataset\val\bridge\bridge_0028_b01_s1_j3.jpg,E:\Xray\Xray\pcb_xray_annotation_workspace\images\bridge\bridge_0028.jpg,"(120, 854, 888, 1622)"
val,bridge,E:\Xray\Xray\pcb_xray_annotation_workspace\bridge_roi_dataset\val\bridge\bridge_0028_b01_s1_j4.jpg,E:\Xray\Xray\pcb_xray_annotation_workspace\images\bridge\bridge_0028.jpg,"(120, 967, 888, 1735)"
val,bridge,E:\Xray\Xray\pcb_xray_annotation_workspace\bridge_roi_dataset\val\bridge\bridge_0028_b01_s2_j0.jpg,E:\Xray\Xray\pcb_xray_annotation_workspace\images\bridge\bridge_0028.jpg,"(120, 946, 888, 1714)"
val,bridge,E:\Xray\Xray\pcb_xray_annotation_workspace\bridge_roi_dataset\val\bridge\bridge_0028_b01_s2_j1.jpg,E:\Xray\Xray\pcb_xray_annotation_workspace\images\bridge\bridge_0028.jpg,"(28, 946, 796, 1714)"
val,bridge,E:\Xray\Xray\pcb_xray_annotation_workspace\bridge_roi_dataset\val\bridge\bridge_0028_b01_s2_j2.jpg,E:\Xray\Xray\pcb_xray_annotation_workspace\images\bridge\bridge_0028.jpg,"(212, 946, 980, 1714)"
val,bridge,E:\Xray\Xray\pcb_xray_annotation_workspace\bridge_roi_dataset\val\bridge\bridge_0028_b01_s2_j3.jpg,E:\Xray\Xray\pcb_xray_annotation_workspace\images\bridge\bridge_0028.jpg,"(120, 854, 888, 1622)"
val,bridge,E:\Xray\Xray\pcb_xray_annotation_workspace\bridge_roi_dataset\val\bridge\bridge_0028_b01_s2_j4.jpg,E:\Xray\Xray\pcb_xray_annotation_workspace\images\bridge\bridge_0028.jpg,"(120, 967, 888, 1735)"
val,bridge,E:\Xray\Xray\pcb_xray_annotation_workspace\bridge_roi_dataset\val\bridge\bridge_0022_b00_s0_j0.jpg,E:\Xray\Xray\pcb_xray_annotation_workspace\images\bridge\bridge_0022.jpg,"(746, 583, 1004, 841)"
val,bridge,E:\Xray\Xray\pcb_xray_annotation_workspace\bridge_roi_dataset\val\bridge\bridge_0022_b00_s0_j1.jpg,E:\Xray\Xray\pcb_xray_annotation_workspace\images\bridge\bridge_0022.jpg,"(715, 583, 973, 841)"
val,bridge,E:\Xray\Xray\pcb_xray_annotation_workspace\bridge_roi_dataset\val\bridge\bridge_0022_b00_s0_j2.jpg,E:\Xray\Xray\pcb_xray_annotation_workspace\images\bridge\bridge_0022.jpg,"(777, 583, 1035, 841)"
val,bridge,E:\Xray\Xray\pcb_xray_annotation_workspace\bridge_roi_dataset\val\bridge\bridge_0022_b00_s0_j3.jpg,E:\Xray\Xray\pcb_xray_annotation_workspace\images\bridge\bridge_0022.jpg,"(746, 552, 1004, 810)"
val,bridge,E:\Xray\Xray\pcb_xray_annotation_workspace\bridge_roi_dataset\val\bridge\bridge_0022_b00_s0_j4.jpg,E:\Xray\Xray\pcb_xray_annotation_workspace\images\bridge\bridge_0022.jpg,"(746, 614, 1004, 872)"
val,bridge,E:\Xray\Xray\pcb_xray_annotation_workspace\bridge_roi_dataset\val\bridge\bridge_0022_b00_s1_j0.jpg,E:\Xray\Xray\pcb_xray_annotation_workspace\images\bridge\bridge_0022.jpg,"(703, 540, 1047, 884)"
val,bridge,E:\Xray\Xray\pcb_xray_annotation_workspace\bridge_roi_dataset\val\bridge\bridge_0022_b00_s1_j1.jpg,E:\Xray\Xray\pcb_xray_annotation_workspace\images\bridge\bridge_0022.jpg,"(662, 540, 1006, 884)"
val,bridge,E:\Xray\Xray\pcb_xray_annotation_workspace\bridge_roi_dataset\val\bridge\bridge_0022_b00_s1_j2.jpg,E:\Xray\Xray\pcb_xray_annotation_workspace\images\bridge\bridge_0022.jpg,"(745, 540, 1089, 884)"
val,bridge,E:\Xray\Xray\pcb_xray_annotation_workspace\bridge_roi_dataset\val\bridge\bridge_0022_b00_s1_j3.jpg,E:\Xray\Xray\pcb_xray_annotation_workspace\images\bridge\bridge_0022.jpg,"(703, 499, 1047, 843)"
val,bridge,E:\Xray\Xray\pcb_xray_annotation_workspace\bridge_roi_dataset\val\bridge\bridge_0022_b00_s1_j4.jpg,E:\Xray\Xray\pcb_xray_annotation_workspace\images\bridge\bridge_0022.jpg,"(703, 581, 1047, 925)"
val,bridge,E:\Xray\Xray\pcb_xray_annotation_workspace\bridge_roi_dataset\val\bridge\bridge_0022_b00_s2_j0.jpg,E:\Xray\Xray\pcb_xray_annotation_workspace\images\bridge\bridge_0022.jpg,"(660, 497, 1090, 927)"
val,bridge,E:\Xray\Xray\pcb_xray_annotation_workspace\bridge_roi_dataset\val\bridge\bridge_0022_b00_s2_j1.jpg,E:\Xray\Xray\pcb_xray_annotation_workspace\images\bridge\bridge_0022.jpg,"(609, 497, 1039, 927)"
val,bridge,E:\Xray\Xray\pcb_xray_annotation_workspace\bridge_roi_dataset\val\bridge\bridge_0022_b00_s2_j2.jpg,E:\Xray\Xray\pcb_xray_annotation_workspace\images\bridge\bridge_0022.jpg,"(712, 497, 1142, 927)"
val,bridge,E:\Xray\Xray\pcb_xray_annotation_workspace\bridge_roi_dataset\val\bridge\bridge_0022_b00_s2_j3.jpg,E:\Xray\Xray\pcb_xray_annotation_workspace\images\bridge\bridge_0022.jpg,"(660, 445, 1090, 875)"
val,bridge,E:\Xray\Xray\pcb_xray_annotation_workspace\bridge_roi_dataset\val\bridge\bridge_0022_b00_s2_j4.jpg,E:\Xray\Xray\pcb_xray_annotation_workspace\images\bridge\bridge_0022.jpg,"(660, 549, 1090, 979)"
val,bridge,E:\Xray\Xray\pcb_xray_annotation_workspace\bridge_roi_dataset\val\bridge\bridge_0022_b01_s0_j0.jpg,E:\Xray\Xray\pcb_xray_annotation_workspace\images\bridge\bridge_0022.jpg,"(795, 491, 1062, 758)"
val,bridge,E:\Xray\Xray\pcb_xray_annotation_workspace\bridge_roi_dataset\val\bridge\bridge_0022_b01_s0_j1.jpg,E:\Xray\Xray\pcb_xray_annotation_workspace\images\bridge\bridge_0022.jpg,"(763, 491, 1030, 758)"
val,bridge,E:\Xray\Xray\pcb_xray_annotation_workspace\bridge_roi_dataset\val\bridge\bridge_0022_b01_s0_j2.jpg,E:\Xray\Xray\pcb_xray_annotation_workspace\images\bridge\bridge_0022.jpg,"(827, 491, 1094, 758)"
val,bridge,E:\Xray\Xray\pcb_xray_annotation_workspace\bridge_roi_dataset\val\bridge\bridge_0022_b01_s0_j3.jpg,E:\Xray\Xray\pcb_xray_annotation_workspace\images\bridge\bridge_0022.jpg,"(795, 459, 1062, 726)"
val,bridge,E:\Xray\Xray\pcb_xray_annotation_workspace\bridge_roi_dataset\val\bridge\bridge_0022_b01_s0_j4.jpg,E:\Xray\Xray\pcb_xray_annotation_workspace\images\bridge\bridge_0022.jpg,"(795, 523, 1062, 790)"
val,bridge,E:\Xray\Xray\pcb_xray_annotation_workspace\bridge_roi_dataset\val\bridge\bridge_0022_b01_s1_j0.jpg,E:\Xray\Xray\pcb_xray_annotation_workspace\images\bridge\bridge_0022.jpg,"(750, 446, 1106, 802)"
val,bridge,E:\Xray\Xray\pcb_xray_annotation_workspace\bridge_roi_dataset\val\bridge\bridge_0022_b01_s1_j1.jpg,E:\Xray\Xray\pcb_xray_annotation_workspace\images\bridge\bridge_0022.jpg,"(708, 446, 1064, 802)"
val,bridge,E:\Xray\Xray\pcb_xray_annotation_workspace\bridge_roi_dataset\val\bridge\bridge_0022_b01_s1_j2.jpg,E:\Xray\Xray\pcb_xray_annotation_workspace\images\bridge\bridge_0022.jpg,"(793, 446, 1149, 802)"
val,bridge,E:\Xray\Xray\pcb_xray_annotation_workspace\bridge_roi_dataset\val\bridge\bridge_0022_b01_s1_j3.jpg,E:\Xray\Xray\pcb_xray_annotation_workspace\images\bridge\bridge_0022.jpg,"(750, 404, 1106, 760)"
val,bridge,E:\Xray\Xray\pcb_xray_annotation_workspace\bridge_roi_dataset\val\bridge\bridge_0022_b01_s1_j4.jpg,E:\Xray\Xray\pcb_xray_annotation_workspace\images\bridge\bridge_0022.jpg,"(750, 489, 1106, 845)"
val,bridge,E:\Xray\Xray\pcb_xray_annotation_workspace\bridge_roi_dataset\val\bridge\bridge_0022_b01_s2_j0.jpg,E:\Xray\Xray\pcb_xray_annotation_workspace\images\bridge\bridge_0022.jpg,"(705, 401, 1151, 847)"
val,bridge,E:\Xray\Xray\pcb_xray_annotation_workspace\bridge_roi_dataset\val\bridge\bridge_0022_b01_s2_j1.jpg,E:\Xray\Xray\pcb_xray_annotation_workspace\images\bridge\bridge_0022.jpg,"(652, 401, 1098, 847)"
val,bridge,E:\Xray\Xray\pcb_xray_annotation_workspace\bridge_roi_dataset\val\bridge\bridge_0022_b01_s2_j2.jpg,E:\Xray\Xray\pcb_xray_annotation_workspace\images\bridge\bridge_0022.jpg,"(759, 401, 1205, 847)"
val,bridge,E:\Xray\Xray\pcb_xray_annotation_workspace\bridge_roi_dataset\val\bridge\bridge_0022_b01_s2_j3.jpg,E:\Xray\Xray\pcb_xray_annotation_workspace\images\bridge\bridge_0022.jpg,"(705, 348, 1151, 794)"
val,bridge,E:\Xray\Xray\pcb_xray_annotation_workspace\bridge_roi_dataset\val\bridge\bridge_0022_b01_s2_j4.jpg,E:\Xray\Xray\pcb_xray_annotation_workspace\images\bridge\bridge_0022.jpg,"(705, 455, 1151, 901)"
val,bridge,E:\Xray\Xray\pcb_xray_annotation_workspace\bridge_roi_dataset\val\bridge\bridge_0022_b02_s0_j0.jpg,E:\Xray\Xray\pcb_xray_annotation_workspace\images\bridge\bridge_0022.jpg,"(1173, 462, 1537, 826)"
val,bridge,E:\Xray\Xray\pcb_xray_annotation_workspace\bridge_roi_dataset\val\bridge\bridge_0022_b02_s0_j1.jpg,E:\Xray\Xray\pcb_xray_annotation_workspace\images\bridge\bridge_0022.jpg,"(1129, 462, 1493, 826)"
val,bridge,E:\Xray\Xray\pcb_xray_annotation_workspace\bridge_roi_dataset\val\bridge\bridge_0022_b02_s0_j2.jpg,E:\Xray\Xray\pcb_xray_annotation_workspace\images\bridge\bridge_0022.jpg,"(1216, 462, 1580, 826)"
val,bridge,E:\Xray\Xray\pcb_xray_annotation_workspace\bridge_roi_dataset\val\bridge\bridge_0022_b02_s0_j3.jpg,E:\Xray\Xray\pcb_xray_annotation_workspace\images\bridge\bridge_0022.jpg,"(1173, 418, 1537, 782)"
val,bridge,E:\Xray\Xray\pcb_xray_annotation_workspace\bridge_roi_dataset\val\bridge\bridge_0022_b02_s0_j4.jpg,E:\Xray\Xray\pcb_xray_annotation_workspace\images\bridge\bridge_0022.jpg,"(1173, 505, 1537, 869)"
val,bridge,E:\Xray\Xray\pcb_xray_annotation_workspace\bridge_roi_dataset\val\bridge\bridge_0022_b02_s1_j0.jpg,E:\Xray\Xray\pcb_xray_annotation_workspace\images\bridge\bridge_0022.jpg,"(1112, 401, 1598, 887)"
val,bridge,E:\Xray\Xray\pcb_xray_annotation_workspace\bridge_roi_dataset\val\bridge\bridge_0022_b02_s1_j1.jpg,E:\Xray\Xray\pcb_xray_annotation_workspace\images\bridge\bridge_0022.jpg,"(1053, 401, 1539, 887)"
val,bridge,E:\Xray\Xray\pcb_xray_annotation_workspace\bridge_roi_dataset\val\bridge\bridge_0022_b02_s1_j2.jpg,E:\Xray\Xray\pcb_xray_annotation_workspace\images\bridge\bridge_0022.jpg,"(1170, 401, 1656, 887)"
val,bridge,E:\Xray\Xray\pcb_xray_annotation_workspace\bridge_roi_dataset\val\bridge\bridge_0022_b02_s1_j3.jpg,E:\Xray\Xray\pcb_xray_annotation_workspace\images\bridge\bridge_0022.jpg,"(1112, 342, 1598, 828)"
val,bridge,E:\Xray\Xray\pcb_xray_annotation_workspace\bridge_roi_dataset\val\bridge\bridge_0022_b02_s1_j4.jpg,E:\Xray\Xray\pcb_xray_annotation_workspace\images\bridge\bridge_0022.jpg,"(1112, 459, 1598, 945)"
val,bridge,E:\Xray\Xray\pcb_xray_annotation_workspace\bridge_roi_dataset\val\bridge\bridge_0022_b02_s2_j0.jpg,E:\Xray\Xray\pcb_xray_annotation_workspace\images\bridge\bridge_0022.jpg,"(1051, 340, 1658, 947)"
val,bridge,E:\Xray\Xray\pcb_xray_annotation_workspace\bridge_roi_dataset\val\bridge\bridge_0022_b02_s2_j1.jpg,E:\Xray\Xray\pcb_xray_annotation_workspace\images\bridge\bridge_0022.jpg,"(978, 340, 1585, 947)"
val,bridge,E:\Xray\Xray\pcb_xray_annotation_workspace\bridge_roi_dataset\val\bridge\bridge_0022_b02_s2_j2.jpg,E:\Xray\Xray\pcb_xray_annotation_workspace\images\bridge\bridge_0022.jpg,"(1124, 340, 1731, 947)"
val,bridge,E:\Xray\Xray\pcb_xray_annotation_workspace\bridge_roi_dataset\val\bridge\bridge_0022_b02_s2_j3.jpg,E:\Xray\Xray\pcb_xray_annotation_workspace\images\bridge\bridge_0022.jpg,"(1051, 267, 1658, 874)"
val,bridge,E:\Xray\Xray\pcb_xray_annotation_workspace\bridge_roi_dataset\val\bridge\bridge_0022_b02_s2_j4.jpg,E:\Xray\Xray\pcb_xray_annotation_workspace\images\bridge\bridge_0022.jpg,"(1051, 413, 1658, 1020)"
val,bridge,E:\Xray\Xray\pcb_xray_annotation_workspace\bridge_roi_dataset\val\bridge\bridge_0022_b03_s0_j0.jpg,E:\Xray\Xray\pcb_xray_annotation_workspace\images\bridge\bridge_0022.jpg,"(1510, 581, 1763, 834)"
val,bridge,E:\Xray\Xray\pcb_xray_annotation_workspace\bridge_roi_dataset\val\bridge\bridge_0022_b03_s0_j1.jpg,E:\Xray\Xray\pcb_xray_annotation_workspace\images\bridge\bridge_0022.jpg,"(1479, 581, 1732, 834)"
val,bridge,E:\Xray\Xray\pcb_xray_annotation_workspace\bridge_roi_dataset\val\bridge\bridge_0022_b03_s0_j2.jpg,E:\Xray\Xray\pcb_xray_annotation_workspace\images\bridge\bridge_0022.jpg,"(1540, 581, 1793, 834)"
val,bridge,E:\Xray\Xray\pcb_xray_annotation_workspace\bridge_roi_dataset\val\bridge\bridge_0022_b03_s0_j3.jpg,E:\Xray\Xray\pcb_xray_annotation_workspace\images\bridge\bridge_0022.jpg,"(1510, 551, 1763, 804)"
val,bridge,E:\Xray\Xray\pcb_xray_annotation_workspace\bridge_roi_dataset\val\bridge\bridge_0022_b03_s0_j4.jpg,E:\Xray\Xray\pcb_xray_annotation_workspace\images\bridge\bridge_0022.jpg,"(1510, 611, 1763, 864)"
val,bridge,E:\Xray\Xray\pcb_xray_annotation_workspace\bridge_roi_dataset\val\bridge\bridge_0022_b03_s1_j0.jpg,E:\Xray\Xray\pcb_xray_annotation_workspace\images\bridge\bridge_0022.jpg,"(1467, 538, 1805, 876)"
val,bridge,E:\Xray\Xray\pcb_xray_annotation_workspace\bridge_roi_dataset\val\bridge\bridge_0022_b03_s1_j1.jpg,E:\Xray\Xray\pcb_xray_annotation_workspace\images\bridge\bridge_0022.jpg,"(1427, 538, 1765, 876)"
val,bridge,E:\Xray\Xray\pcb_xray_annotation_workspace\bridge_roi_dataset\val\bridge\bridge_0022_b03_s1_j2.jpg,E:\Xray\Xray\pcb_xray_annotation_workspace\images\bridge\bridge_0022.jpg,"(1508, 538, 1846, 876)"
val,bridge,E:\Xray\Xray\pcb_xray_annotation_workspace\bridge_roi_dataset\val\bridge\bridge_0022_b03_s1_j3.jpg,E:\Xray\Xray\pcb_xray_annotation_workspace\images\bridge\bridge_0022.jpg,"(1467, 498, 1805, 836)"
val,bridge,E:\Xray\Xray\pcb_xray_annotation_workspace\bridge_roi_dataset\val\bridge\bridge_0022_b03_s1_j4.jpg,E:\Xray\Xray\pcb_xray_annotation_workspace\images\bridge\bridge_0022.jpg,"(1467, 579, 1805, 917)"
val,bridge,E:\Xray\Xray\pcb_xray_annotation_workspace\bridge_roi_dataset\val\bridge\bridge_0022_b03_s2_j0.jpg,E:\Xray\Xray\pcb_xray_annotation_workspace\images\bridge\bridge_0022.jpg,"(1425, 496, 1848, 919)"
val,bridge,E:\Xray\Xray\pcb_xray_annotation_workspace\bridge_roi_dataset\val\bridge\bridge_0022_b03_s2_j1.jpg,E:\Xray\Xray\pcb_xray_annotation_workspace\images\bridge\bridge_0022.jpg,"(1374, 496, 1797, 919)"
val,bridge,E:\Xray\Xray\pcb_xray_annotation_workspace\bridge_roi_dataset\val\bridge\bridge_0022_b03_s2_j2.jpg,E:\Xray\Xray\pcb_xray_annotation_workspace\images\bridge\bridge_0022.jpg,"(1475, 496, 1898, 919)"
val,bridge,E:\Xray\Xray\pcb_xray_annotation_workspace\bridge_roi_dataset\val\bridge\bridge_0022_b03_s2_j3.jpg,E:\Xray\Xray\pcb_xray_annotation_workspace\images\bridge\bridge_0022.jpg,"(1425, 445, 1848, 868)"
val,bridge,E:\Xray\Xray\pcb_xray_annotation_workspace\bridge_roi_dataset\val\bridge\bridge_0022_b03_s2_j4.jpg,E:\Xray\Xray\pcb_xray_annotation_workspace\images\bridge\bridge_0022.jpg,"(1425, 547, 1848, 970)"
val,bridge,E:\Xray\Xray\pcb_xray_annotation_workspace\bridge_roi_dataset\val\bridge\bridge_0004_b00_s0_j0.jpg,E:\Xray\Xray\pcb_xray_annotation_workspace\images\bridge\bridge_0004.jpg,"(552, 394, 806, 648)"
val,bridge,E:\Xray\Xray\pcb_xray_annotation_workspace\bridge_roi_dataset\val\bridge\bridge_0004_b00_s0_j1.jpg,E:\Xray\Xray\pcb_xray_annotation_workspace\images\bridge\bridge_0004.jpg,"(521, 394, 775, 648)"
val,bridge,E:\Xray\Xray\pcb_xray_annotation_workspace\bridge_roi_dataset\val\bridge\bridge_0004_b00_s0_j2.jpg,E:\Xray\Xray\pcb_xray_annotation_workspace\images\bridge\bridge_0004.jpg,"(582, 394, 836, 648)"
val,bridge,E:\Xray\Xray\pcb_xray_annotation_workspace\bridge_roi_dataset\val\bridge\bridge_0004_b00_s0_j3.jpg,E:\Xray\Xray\pcb_xray_annotation_workspace\images\bridge\bridge_0004.jpg,"(552, 363, 806, 617)"
val,bridge,E:\Xray\Xray\pcb_xray_annotation_workspace\bridge_roi_dataset\val\bridge\bridge_0004_b00_s0_j4.jpg,E:\Xray\Xray\pcb_xray_annotation_workspace\images\bridge\bridge_0004.jpg,"(552, 424, 806, 678)"
val,bridge,E:\Xray\Xray\pcb_xray_annotation_workspace\bridge_roi_dataset\val\bridge\bridge_0004_b00_s1_j0.jpg,E:\Xray\Xray\pcb_xray_annotation_workspace\images\bridge\bridge_0004.jpg,"(510, 352, 848, 690)"
val,bridge,E:\Xray\Xray\pcb_xray_annotation_workspace\bridge_roi_dataset\val\bridge\bridge_0004_b00_s1_j1.jpg,E:\Xray\Xray\pcb_xray_annotation_workspace\images\bridge\bridge_0004.jpg,"(469, 352, 807, 690)"
val,bridge,E:\Xray\Xray\pcb_xray_annotation_workspace\bridge_roi_dataset\val\bridge\bridge_0004_b00_s1_j2.jpg,E:\Xray\Xray\pcb_xray_annotation_workspace\images\bridge\bridge_0004.jpg,"(550, 352, 888, 690)"
val,bridge,E:\Xray\Xray\pcb_xray_annotation_workspace\bridge_roi_dataset\val\bridge\bridge_0004_b00_s1_j3.jpg,E:\Xray\Xray\pcb_xray_annotation_workspace\images\bridge\bridge_0004.jpg,"(510, 311, 848, 649)"
val,bridge,E:\Xray\Xray\pcb_xray_annotation_workspace\bridge_roi_dataset\val\bridge\bridge_0004_b00_s1_j4.jpg,E:\Xray\Xray\pcb_xray_annotation_workspace\images\bridge\bridge_0004.jpg,"(510, 392, 848, 730)"
val,bridge,E:\Xray\Xray\pcb_xray_annotation_workspace\bridge_roi_dataset\val\bridge\bridge_0004_b00_s2_j0.jpg,E:\Xray\Xray\pcb_xray_annotation_workspace\images\bridge\bridge_0004.jpg,"(467, 309, 890, 732)"
val,bridge,E:\Xray\Xray\pcb_xray_annotation_workspace\bridge_roi_dataset\val\bridge\bridge_0004_b00_s2_j1.jpg,E:\Xray\Xray\pcb_xray_annotation_workspace\images\bridge\bridge_0004.jpg,"(416, 309, 839, 732)"
val,bridge,E:\Xray\Xray\pcb_xray_annotation_workspace\bridge_roi_dataset\val\bridge\bridge_0004_b00_s2_j2.jpg,E:\Xray\Xray\pcb_xray_annotation_workspace\images\bridge\bridge_0004.jpg,"(518, 309, 941, 732)"
val,bridge,E:\Xray\Xray\pcb_xray_annotation_workspace\bridge_roi_dataset\val\bridge\bridge_0004_b00_s2_j3.jpg,E:\Xray\Xray\pcb_xray_annotation_workspace\images\bridge\bridge_0004.jpg,"(467, 258, 890, 681)"
val,bridge,E:\Xray\Xray\pcb_xray_annotation_workspace\bridge_roi_dataset\val\bridge\bridge_0004_b00_s2_j4.jpg,E:\Xray\Xray\pcb_xray_annotation_workspace\images\bridge\bridge_0004.jpg,"(467, 360, 890, 783)"
val,bridge,E:\Xray\Xray\pcb_xray_annotation_workspace\bridge_roi_dataset\val\bridge\bridge_0024_b00_s0_j0.jpg,E:\Xray\Xray\pcb_xray_annotation_workspace\images\bridge\bridge_0024.jpg,"(714, 643, 1482, 1411)"
val,bridge,E:\Xray\Xray\pcb_xray_annotation_workspace\bridge_roi_dataset\val\bridge\bridge_0024_b00_s0_j1.jpg,E:\Xray\Xray\pcb_xray_annotation_workspace\images\bridge\bridge_0024.jpg,"(622, 643, 1390, 1411)"
val,bridge,E:\Xray\Xray\pcb_xray_annotation_workspace\bridge_roi_dataset\val\bridge\bridge_0024_b00_s0_j2.jpg,E:\Xray\Xray\pcb_xray_annotation_workspace\images\bridge\bridge_0024.jpg,"(806, 643, 1574, 1411)"
val,bridge,E:\Xray\Xray\pcb_xray_annotation_workspace\bridge_roi_dataset\val\bridge\bridge_0024_b00_s0_j3.jpg,E:\Xray\Xray\pcb_xray_annotation_workspace\images\bridge\bridge_0024.jpg,"(714, 551, 1482, 1319)"
val,bridge,E:\Xray\Xray\pcb_xray_annotation_workspace\bridge_roi_dataset\val\bridge\bridge_0024_b00_s0_j4.jpg,E:\Xray\Xray\pcb_xray_annotation_workspace\images\bridge\bridge_0024.jpg,"(714, 735, 1482, 1503)"
val,bridge,E:\Xray\Xray\pcb_xray_annotation_workspace\bridge_roi_dataset\val\bridge\bridge_0024_b00_s1_j0.jpg,E:\Xray\Xray\pcb_xray_annotation_workspace\images\bridge\bridge_0024.jpg,"(714, 643, 1482, 1411)"
val,bridge,E:\Xray\Xray\pcb_xray_annotation_workspace\bridge_roi_dataset\val\bridge\bridge_0024_b00_s1_j1.jpg,E:\Xray\Xray\pcb_xray_annotation_workspace\images\bridge\bridge_0024.jpg,"(622, 643, 1390, 1411)"
val,bridge,E:\Xray\Xray\pcb_xray_annotation_workspace\bridge_roi_dataset\val\bridge\bridge_0024_b00_s1_j2.jpg,E:\Xray\Xray\pcb_xray_annotation_workspace\images\bridge\bridge_0024.jpg,"(806, 643, 1574, 1411)"
val,bridge,E:\Xray\Xray\pcb_xray_annotation_workspace\bridge_roi_dataset\val\bridge\bridge_0024_b00_s1_j3.jpg,E:\Xray\Xray\pcb_xray_annotation_workspace\images\bridge\bridge_0024.jpg,"(714, 551, 1482, 1319)"
val,bridge,E:\Xray\Xray\pcb_xray_annotation_workspace\bridge_roi_dataset\val\bridge\bridge_0024_b00_s1_j4.jpg,E:\Xray\Xray\pcb_xray_annotation_workspace\images\bridge\bridge_0024.jpg,"(714, 735, 1482, 1503)"
val,bridge,E:\Xray\Xray\pcb_xray_annotation_workspace\bridge_roi_dataset\val\bridge\bridge_0024_b00_s2_j0.jpg,E:\Xray\Xray\pcb_xray_annotation_workspace\images\bridge\bridge_0024.jpg,"(714, 643, 1482, 1411)"
val,bridge,E:\Xray\Xray\pcb_xray_annotation_workspace\bridge_roi_dataset\val\bridge\bridge_0024_b00_s2_j1.jpg,E:\Xray\Xray\pcb_xray_annotation_workspace\images\bridge\bridge_0024.jpg,"(622, 643, 1390, 1411)"
val,bridge,E:\Xray\Xray\pcb_xray_annotation_workspace\bridge_roi_dataset\val\bridge\bridge_0024_b00_s2_j2.jpg,E:\Xray\Xray\pcb_xray_annotation_workspace\images\bridge\bridge_0024.jpg,"(806, 643, 1574, 1411)"
val,bridge,E:\Xray\Xray\pcb_xray_annotation_workspace\bridge_roi_dataset\val\bridge\bridge_0024_b00_s2_j3.jpg,E:\Xray\Xray\pcb_xray_annotation_workspace\images\bridge\bridge_0024.jpg,"(714, 551, 1482, 1319)"
val,bridge,E:\Xray\Xray\pcb_xray_annotation_workspace\bridge_roi_dataset\val\bridge\bridge_0024_b00_s2_j4.jpg,E:\Xray\Xray\pcb_xray_annotation_workspace\images\bridge\bridge_0024.jpg,"(714, 735, 1482, 1503)"
val,bridge,E:\Xray\Xray\pcb_xray_annotation_workspace\bridge_roi_dataset\val\bridge\bridge_0005_b00_s0_j0.jpg,E:\Xray\Xray\pcb_xray_annotation_workspace\images\bridge\bridge_0005.jpg,"(1425, 47, 1745, 367)"
val,bridge,E:\Xray\Xray\pcb_xray_annotation_workspace\bridge_roi_dataset\val\bridge\bridge_0005_b00_s0_j1.jpg,E:\Xray\Xray\pcb_xray_annotation_workspace\images\bridge\bridge_0005.jpg,"(1386, 47, 1706, 367)"
val,bridge,E:\Xray\Xray\pcb_xray_annotation_workspace\bridge_roi_dataset\val\bridge\bridge_0005_b00_s0_j2.jpg,E:\Xray\Xray\pcb_xray_annotation_workspace\images\bridge\bridge_0005.jpg,"(1463, 47, 1783, 367)"
val,bridge,E:\Xray\Xray\pcb_xray_annotation_workspace\bridge_roi_dataset\val\bridge\bridge_0005_b00_s0_j3.jpg,E:\Xray\Xray\pcb_xray_annotation_workspace\images\bridge\bridge_0005.jpg,"(1425, 9, 1745, 329)"
val,bridge,E:\Xray\Xray\pcb_xray_annotation_workspace\bridge_roi_dataset\val\bridge\bridge_0005_b00_s0_j4.jpg,E:\Xray\Xray\pcb_xray_annotation_workspace\images\bridge\bridge_0005.jpg,"(1425, 85, 1745, 405)"
val,bridge,E:\Xray\Xray\pcb_xray_annotation_workspace\bridge_roi_dataset\val\bridge\bridge_0005_b00_s1_j0.jpg,E:\Xray\Xray\pcb_xray_annotation_workspace\images\bridge\bridge_0005.jpg,"(1371, 0, 1798, 427)"
val,bridge,E:\Xray\Xray\pcb_xray_annotation_workspace\bridge_roi_dataset\val\bridge\bridge_0005_b00_s1_j1.jpg,E:\Xray\Xray\pcb_xray_annotation_workspace\images\bridge\bridge_0005.jpg,"(1320, 0, 1747, 427)"
val,bridge,E:\Xray\Xray\pcb_xray_annotation_workspace\bridge_roi_dataset\val\bridge\bridge_0005_b00_s1_j2.jpg,E:\Xray\Xray\pcb_xray_annotation_workspace\images\bridge\bridge_0005.jpg,"(1423, 0, 1850, 427)"
val,bridge,E:\Xray\Xray\pcb_xray_annotation_workspace\bridge_roi_dataset\val\bridge\bridge_0005_b00_s1_j3.jpg,E:\Xray\Xray\pcb_xray_annotation_workspace\images\bridge\bridge_0005.jpg,"(1371, 0, 1798, 427)"
val,bridge,E:\Xray\Xray\pcb_xray_annotation_workspace\bridge_roi_dataset\val\bridge\bridge_0005_b00_s1_j4.jpg,E:\Xray\Xray\pcb_xray_annotation_workspace\images\bridge\bridge_0005.jpg,"(1371, 45, 1798, 472)"
val,bridge,E:\Xray\Xray\pcb_xray_annotation_workspace\bridge_roi_dataset\val\bridge\bridge_0005_b00_s2_j0.jpg,E:\Xray\Xray\pcb_xray_annotation_workspace\images\bridge\bridge_0005.jpg,"(1318, 0, 1852, 534)"
val,bridge,E:\Xray\Xray\pcb_xray_annotation_workspace\bridge_roi_dataset\val\bridge\bridge_0005_b00_s2_j1.jpg,E:\Xray\Xray\pcb_xray_annotation_workspace\images\bridge\bridge_0005.jpg,"(1254, 0, 1788, 534)"
val,bridge,E:\Xray\Xray\pcb_xray_annotation_workspace\bridge_roi_dataset\val\bridge\bridge_0005_b00_s2_j2.jpg,E:\Xray\Xray\pcb_xray_annotation_workspace\images\bridge\bridge_0005.jpg,"(1382, 0, 1916, 534)"
val,bridge,E:\Xray\Xray\pcb_xray_annotation_workspace\bridge_roi_dataset\val\bridge\bridge_0005_b00_s2_j3.jpg,E:\Xray\Xray\pcb_xray_annotation_workspace\images\bridge\bridge_0005.jpg,"(1318, 0, 1852, 534)"
val,bridge,E:\Xray\Xray\pcb_xray_annotation_workspace\bridge_roi_dataset\val\bridge\bridge_0005_b00_s2_j4.jpg,E:\Xray\Xray\pcb_xray_annotation_workspace\images\bridge\bridge_0005.jpg,"(1318, 4, 1852, 538)"
val,bridge,E:\Xray\Xray\pcb_xray_annotation_workspace\bridge_roi_dataset\val\bridge\bridge_0005_b01_s0_j0.jpg,E:\Xray\Xray\pcb_xray_annotation_workspace\images\bridge\bridge_0005.jpg,"(1235, 5, 1611, 381)"
val,bridge,E:\Xray\Xray\pcb_xray_annotation_workspace\bridge_roi_dataset\val\bridge\bridge_0005_b01_s0_j1.jpg,E:\Xray\Xray\pcb_xray_annotation_workspace\images\bridge\bridge_0005.jpg,"(1190, 5, 1566, 381)"
val,bridge,E:\Xray\Xray\pcb_xray_annotation_workspace\bridge_roi_dataset\val\bridge\bridge_0005_b01_s0_j2.jpg,E:\Xray\Xray\pcb_xray_annotation_workspace\images\bridge\bridge_0005.jpg,"(1280, 5, 1656, 381)"
val,bridge,E:\Xray\Xray\pcb_xray_annotation_workspace\bridge_roi_dataset\val\bridge\bridge_0005_b01_s0_j3.jpg,E:\Xray\Xray\pcb_xray_annotation_workspace\images\bridge\bridge_0005.jpg,"(1235, 0, 1611, 376)"
val,bridge,E:\Xray\Xray\pcb_xray_annotation_workspace\bridge_roi_dataset\val\bridge\bridge_0005_b01_s0_j4.jpg,E:\Xray\Xray\pcb_xray_annotation_workspace\images\bridge\bridge_0005.jpg,"(1235, 50, 1611, 426)"
val,bridge,E:\Xray\Xray\pcb_xray_annotation_workspace\bridge_roi_dataset\val\bridge\bridge_0005_b01_s1_j0.jpg,E:\Xray\Xray\pcb_xray_annotation_workspace\images\bridge\bridge_0005.jpg,"(1172, 0, 1674, 502)"
val,bridge,E:\Xray\Xray\pcb_xray_annotation_workspace\bridge_roi_dataset\val\bridge\bridge_0005_b01_s1_j1.jpg,E:\Xray\Xray\pcb_xray_annotation_workspace\images\bridge\bridge_0005.jpg,"(1112, 0, 1614, 502)"
val,bridge,E:\Xray\Xray\pcb_xray_annotation_workspace\bridge_roi_dataset\val\bridge\bridge_0005_b01_s1_j2.jpg,E:\Xray\Xray\pcb_xray_annotation_workspace\images\bridge\bridge_0005.jpg,"(1232, 0, 1734, 502)"
val,bridge,E:\Xray\Xray\pcb_xray_annotation_workspace\bridge_roi_dataset\val\bridge\bridge_0005_b01_s1_j3.jpg,E:\Xray\Xray\pcb_xray_annotation_workspace\images\bridge\bridge_0005.jpg,"(1172, 0, 1674, 502)"
val,bridge,E:\Xray\Xray\pcb_xray_annotation_workspace\bridge_roi_dataset\val\bridge\bridge_0005_b01_s1_j4.jpg,E:\Xray\Xray\pcb_xray_annotation_workspace\images\bridge\bridge_0005.jpg,"(1172, 2, 1674, 504)"
val,bridge,E:\Xray\Xray\pcb_xray_annotation_workspace\bridge_roi_dataset\val\bridge\bridge_0005_b01_s2_j0.jpg,E:\Xray\Xray\pcb_xray_annotation_workspace\images\bridge\bridge_0005.jpg,"(1110, 0, 1737, 627)"
val,bridge,E:\Xray\Xray\pcb_xray_annotation_workspace\bridge_roi_dataset\val\bridge\bridge_0005_b01_s2_j1.jpg,E:\Xray\Xray\pcb_xray_annotation_workspace\images\bridge\bridge_0005.jpg,"(1035, 0, 1662, 627)"
val,bridge,E:\Xray\Xray\pcb_xray_annotation_workspace\bridge_roi_dataset\val\bridge\bridge_0005_b01_s2_j2.jpg,E:\Xray\Xray\pcb_xray_annotation_workspace\images\bridge\bridge_0005.jpg,"(1185, 0, 1812, 627)"
val,bridge,E:\Xray\Xray\pcb_xray_annotation_workspace\bridge_roi_dataset\val\bridge\bridge_0005_b01_s2_j3.jpg,E:\Xray\Xray\pcb_xray_annotation_workspace\images\bridge\bridge_0005.jpg,"(1110, 0, 1737, 627)"
val,bridge,E:\Xray\Xray\pcb_xray_annotation_workspace\bridge_roi_dataset\val\bridge\bridge_0005_b01_s2_j4.jpg,E:\Xray\Xray\pcb_xray_annotation_workspace\images\bridge\bridge_0005.jpg,"(1110, 0, 1737, 627)"
val,bridge,E:\Xray\Xray\pcb_xray_annotation_workspace\bridge_roi_dataset\val\bridge\bridge_0005_b02_s0_j0.jpg,E:\Xray\Xray\pcb_xray_annotation_workspace\images\bridge\bridge_0005.jpg,"(1112, 24, 1439, 351)"
val,bridge,E:\Xray\Xray\pcb_xray_annotation_workspace\bridge_roi_dataset\val\bridge\bridge_0005_b02_s0_j1.jpg,E:\Xray\Xray\pcb_xray_annotation_workspace\images\bridge\bridge_0005.jpg,"(1073, 24, 1400, 351)"
val,bridge,E:\Xray\Xray\pcb_xray_annotation_workspace\bridge_roi_dataset\val\bridge\bridge_0005_b02_s0_j2.jpg,E:\Xray\Xray\pcb_xray_annotation_workspace\images\bridge\bridge_0005.jpg,"(1151, 24, 1478, 351)"
val,bridge,E:\Xray\Xray\pcb_xray_annotation_workspace\bridge_roi_dataset\val\bridge\bridge_0005_b02_s0_j3.jpg,E:\Xray\Xray\pcb_xray_annotation_workspace\images\bridge\bridge_0005.jpg,"(1112, 0, 1439, 327)"
val,bridge,E:\Xray\Xray\pcb_xray_annotation_workspace\bridge_roi_dataset\val\bridge\bridge_0005_b02_s0_j4.jpg,E:\Xray\Xray\pcb_xray_annotation_workspace\images\bridge\bridge_0005.jpg,"(1112, 63, 1439, 390)"
val,bridge,E:\Xray\Xray\pcb_xray_annotation_workspace\bridge_roi_dataset\val\bridge\bridge_0005_b02_s1_j0.jpg,E:\Xray\Xray\pcb_xray_annotation_workspace\images\bridge\bridge_0005.jpg,"(1057, 0, 1494, 437)"
val,bridge,E:\Xray\Xray\pcb_xray_annotation_workspace\bridge_roi_dataset\val\bridge\bridge_0005_b02_s1_j1.jpg,E:\Xray\Xray\pcb_xray_annotation_workspace\images\bridge\bridge_0005.jpg,"(1005, 0, 1442, 437)"
val,bridge,E:\Xray\Xray\pcb_xray_annotation_workspace\bridge_roi_dataset\val\bridge\bridge_0005_b02_s1_j2.jpg,E:\Xray\Xray\pcb_xray_annotation_workspace\images\bridge\bridge_0005.jpg,"(1110, 0, 1547, 437)"
val,bridge,E:\Xray\Xray\pcb_xray_annotation_workspace\bridge_roi_dataset\val\bridge\bridge_0005_b02_s1_j3.jpg,E:\Xray\Xray\pcb_xray_annotation_workspace\images\bridge\bridge_0005.jpg,"(1057, 0, 1494, 437)"
val,bridge,E:\Xray\Xray\pcb_xray_annotation_workspace\bridge_roi_dataset\val\bridge\bridge_0005_b02_s1_j4.jpg,E:\Xray\Xray\pcb_xray_annotation_workspace\images\bridge\bridge_0005.jpg,"(1057, 21, 1494, 458)"
val,bridge,E:\Xray\Xray\pcb_xray_annotation_workspace\bridge_roi_dataset\val\bridge\bridge_0005_b02_s2_j0.jpg,E:\Xray\Xray\pcb_xray_annotation_workspace\images\bridge\bridge_0005.jpg,"(1003, 0, 1549, 546)"
val,bridge,E:\Xray\Xray\pcb_xray_annotation_workspace\bridge_roi_dataset\val\bridge\bridge_0005_b02_s2_j1.jpg,E:\Xray\Xray\pcb_xray_annotation_workspace\images\bridge\bridge_0005.jpg,"(937, 0, 1483, 546)"
val,bridge,E:\Xray\Xray\pcb_xray_annotation_workspace\bridge_roi_dataset\val\bridge\bridge_0005_b02_s2_j2.jpg,E:\Xray\Xray\pcb_xray_annotation_workspace\images\bridge\bridge_0005.jpg,"(1068, 0, 1614, 546)"
val,bridge,E:\Xray\Xray\pcb_xray_annotation_workspace\bridge_roi_dataset\val\bridge\bridge_0005_b02_s2_j3.jpg,E:\Xray\Xray\pcb_xray_annotation_workspace\images\bridge\bridge_0005.jpg,"(1003, 0, 1549, 546)"
val,bridge,E:\Xray\Xray\pcb_xray_annotation_workspace\bridge_roi_dataset\val\bridge\bridge_0005_b02_s2_j4.jpg,E:\Xray\Xray\pcb_xray_annotation_workspace\images\bridge\bridge_0005.jpg,"(1003, 0, 1549, 546)"
test,bridge,E:\Xray\Xray\pcb_xray_annotation_workspace\bridge_roi_dataset\test\bridge\bridge_0031_b00_s0_j0.jpg,E:\Xray\Xray\pcb_xray_annotation_workspace\images\bridge\bridge_0031.jpg,"(448, 991, 1216, 1759)"
test,bridge,E:\Xray\Xray\pcb_xray_annotation_workspace\bridge_roi_dataset\test\bridge\bridge_0031_b00_s0_j1.jpg,E:\Xray\Xray\pcb_xray_annotation_workspace\images\bridge\bridge_0031.jpg,"(356, 991, 1124, 1759)"
test,bridge,E:\Xray\Xray\pcb_xray_annotation_workspace\bridge_roi_dataset\test\bridge\bridge_0031_b00_s0_j2.jpg,E:\Xray\Xray\pcb_xray_annotation_workspace\images\bridge\bridge_0031.jpg,"(540, 991, 1308, 1759)"
test,bridge,E:\Xray\Xray\pcb_xray_annotation_workspace\bridge_roi_dataset\test\bridge\bridge_0031_b00_s0_j3.jpg,E:\Xray\Xray\pcb_xray_annotation_workspace\images\bridge\bridge_0031.jpg,"(448, 991, 1216, 1759)"
test,bridge,E:\Xray\Xray\pcb_xray_annotation_workspace\bridge_roi_dataset\test\bridge\bridge_0031_b00_s0_j4.jpg,E:\Xray\Xray\pcb_xray_annotation_workspace\images\bridge\bridge_0031.jpg,"(448, 991, 1216, 1759)"
test,bridge,E:\Xray\Xray\pcb_xray_annotation_workspace\bridge_roi_dataset\test\bridge\bridge_0031_b00_s1_j0.jpg,E:\Xray\Xray\pcb_xray_annotation_workspace\images\bridge\bridge_0031.jpg,"(448, 991, 1216, 1759)"
test,bridge,E:\Xray\Xray\pcb_xray_annotation_workspace\bridge_roi_dataset\test\bridge\bridge_0031_b00_s1_j1.jpg,E:\Xray\Xray\pcb_xray_annotation_workspace\images\bridge\bridge_0031.jpg,"(356, 991, 1124, 1759)"
test,bridge,E:\Xray\Xray\pcb_xray_annotation_workspace\bridge_roi_dataset\test\bridge\bridge_0031_b00_s1_j2.jpg,E:\Xray\Xray\pcb_xray_annotation_workspace\images\bridge\bridge_0031.jpg,"(540, 991, 1308, 1759)"
test,bridge,E:\Xray\Xray\pcb_xray_annotation_workspace\bridge_roi_dataset\test\bridge\bridge_0031_b00_s1_j3.jpg,E:\Xray\Xray\pcb_xray_annotation_workspace\images\bridge\bridge_0031.jpg,"(448, 991, 1216, 1759)"
test,bridge,E:\Xray\Xray\pcb_xray_annotation_workspace\bridge_roi_dataset\test\bridge\bridge_0031_b00_s1_j4.jpg,E:\Xray\Xray\pcb_xray_annotation_workspace\images\bridge\bridge_0031.jpg,"(448, 991, 1216, 1759)"
test,bridge,E:\Xray\Xray\pcb_xray_annotation_workspace\bridge_roi_dataset\test\bridge\bridge_0031_b00_s2_j0.jpg,E:\Xray\Xray\pcb_xray_annotation_workspace\images\bridge\bridge_0031.jpg,"(448, 991, 1216, 1759)"
test,bridge,E:\Xray\Xray\pcb_xray_annotation_workspace\bridge_roi_dataset\test\bridge\bridge_0031_b00_s2_j1.jpg,E:\Xray\Xray\pcb_xray_annotation_workspace\images\bridge\bridge_0031.jpg,"(356, 991, 1124, 1759)"
test,bridge,E:\Xray\Xray\pcb_xray_annotation_workspace\bridge_roi_dataset\test\bridge\bridge_0031_b00_s2_j2.jpg,E:\Xray\Xray\pcb_xray_annotation_workspace\images\bridge\bridge_0031.jpg,"(540, 991, 1308, 1759)"
test,bridge,E:\Xray\Xray\pcb_xray_annotation_workspace\bridge_roi_dataset\test\bridge\bridge_0031_b00_s2_j3.jpg,E:\Xray\Xray\pcb_xray_annotation_workspace\images\bridge\bridge_0031.jpg,"(448, 991, 1216, 1759)"
test,bridge,E:\Xray\Xray\pcb_xray_annotation_workspace\bridge_roi_dataset\test\bridge\bridge_0031_b00_s2_j4.jpg,E:\Xray\Xray\pcb_xray_annotation_workspace\images\bridge\bridge_0031.jpg,"(448, 991, 1216, 1759)"
test,bridge,E:\Xray\Xray\pcb_xray_annotation_workspace\bridge_roi_dataset\test\bridge\bridge_0031_b01_s0_j0.jpg,E:\Xray\Xray\pcb_xray_annotation_workspace\images\bridge\bridge_0031.jpg,"(903, 991, 1671, 1759)"
test,bridge,E:\Xray\Xray\pcb_xray_annotation_workspace\bridge_roi_dataset\test\bridge\bridge_0031_b01_s0_j1.jpg,E:\Xray\Xray\pcb_xray_annotation_workspace\images\bridge\bridge_0031.jpg,"(811, 991, 1579, 1759)"
test,bridge,E:\Xray\Xray\pcb_xray_annotation_workspace\bridge_roi_dataset\test\bridge\bridge_0031_b01_s0_j2.jpg,E:\Xray\Xray\pcb_xray_annotation_workspace\images\bridge\bridge_0031.jpg,"(995, 991, 1763, 1759)"
test,bridge,E:\Xray\Xray\pcb_xray_annotation_workspace\bridge_roi_dataset\test\bridge\bridge_0031_b01_s0_j3.jpg,E:\Xray\Xray\pcb_xray_annotation_workspace\images\bridge\bridge_0031.jpg,"(903, 973, 1671, 1741)"
test,bridge,E:\Xray\Xray\pcb_xray_annotation_workspace\bridge_roi_dataset\test\bridge\bridge_0031_b01_s0_j4.jpg,E:\Xray\Xray\pcb_xray_annotation_workspace\images\bridge\bridge_0031.jpg,"(903, 991, 1671, 1759)"
test,bridge,E:\Xray\Xray\pcb_xray_annotation_workspace\bridge_roi_dataset\test\bridge\bridge_0031_b01_s1_j0.jpg,E:\Xray\Xray\pcb_xray_annotation_workspace\images\bridge\bridge_0031.jpg,"(903, 991, 1671, 1759)"
test,bridge,E:\Xray\Xray\pcb_xray_annotation_workspace\bridge_roi_dataset\test\bridge\bridge_0031_b01_s1_j1.jpg,E:\Xray\Xray\pcb_xray_annotation_workspace\images\bridge\bridge_0031.jpg,"(811, 991, 1579, 1759)"
test,bridge,E:\Xray\Xray\pcb_xray_annotation_workspace\bridge_roi_dataset\test\bridge\bridge_0031_b01_s1_j2.jpg,E:\Xray\Xray\pcb_xray_annotation_workspace\images\bridge\bridge_0031.jpg,"(995, 991, 1763, 1759)"
test,bridge,E:\Xray\Xray\pcb_xray_annotation_workspace\bridge_roi_dataset\test\bridge\bridge_0031_b01_s1_j3.jpg,E:\Xray\Xray\pcb_xray_annotation_workspace\images\bridge\bridge_0031.jpg,"(903, 973, 1671, 1741)"
test,bridge,E:\Xray\Xray\pcb_xray_annotation_workspace\bridge_roi_dataset\test\bridge\bridge_0031_b01_s1_j4.jpg,E:\Xray\Xray\pcb_xray_annotation_workspace\images\bridge\bridge_0031.jpg,"(903, 991, 1671, 1759)"
test,bridge,E:\Xray\Xray\pcb_xray_annotation_workspace\bridge_roi_dataset\test\bridge\bridge_0031_b01_s2_j0.jpg,E:\Xray\Xray\pcb_xray_annotation_workspace\images\bridge\bridge_0031.jpg,"(903, 991, 1671, 1759)"
test,bridge,E:\Xray\Xray\pcb_xray_annotation_workspace\bridge_roi_dataset\test\bridge\bridge_0031_b01_s2_j1.jpg,E:\Xray\Xray\pcb_xray_annotation_workspace\images\bridge\bridge_0031.jpg,"(811, 991, 1579, 1759)"
test,bridge,E:\Xray\Xray\pcb_xray_annotation_workspace\bridge_roi_dataset\test\bridge\bridge_0031_b01_s2_j2.jpg,E:\Xray\Xray\pcb_xray_annotation_workspace\images\bridge\bridge_0031.jpg,"(995, 991, 1763, 1759)"
test,bridge,E:\Xray\Xray\pcb_xray_annotation_workspace\bridge_roi_dataset\test\bridge\bridge_0031_b01_s2_j3.jpg,E:\Xray\Xray\pcb_xray_annotation_workspace\images\bridge\bridge_0031.jpg,"(903, 973, 1671, 1741)"
test,bridge,E:\Xray\Xray\pcb_xray_annotation_workspace\bridge_roi_dataset\test\bridge\bridge_0031_b01_s2_j4.jpg,E:\Xray\Xray\pcb_xray_annotation_workspace\images\bridge\bridge_0031.jpg,"(903, 991, 1671, 1759)"
test,bridge,E:\Xray\Xray\pcb_xray_annotation_workspace\bridge_roi_dataset\test\bridge\bridge_0031_b02_s0_j0.jpg,E:\Xray\Xray\pcb_xray_annotation_workspace\images\bridge\bridge_0031.jpg,"(1600, 982, 2368, 1750)"
test,bridge,E:\Xray\Xray\pcb_xray_annotation_workspace\bridge_roi_dataset\test\bridge\bridge_0031_b02_s0_j1.jpg,E:\Xray\Xray\pcb_xray_annotation_workspace\images\bridge\bridge_0031.jpg,"(1600, 982, 2368, 1750)"
test,bridge,E:\Xray\Xray\pcb_xray_annotation_workspace\bridge_roi_dataset\test\bridge\bridge_0031_b02_s0_j2.jpg,E:\Xray\Xray\pcb_xray_annotation_workspace\images\bridge\bridge_0031.jpg,"(1600, 982, 2368, 1750)"
test,bridge,E:\Xray\Xray\pcb_xray_annotation_workspace\bridge_roi_dataset\test\bridge\bridge_0031_b02_s0_j3.jpg,E:\Xray\Xray\pcb_xray_annotation_workspace\images\bridge\bridge_0031.jpg,"(1600, 890, 2368, 1658)"
test,bridge,E:\Xray\Xray\pcb_xray_annotation_workspace\bridge_roi_dataset\test\bridge\bridge_0031_b02_s0_j4.jpg,E:\Xray\Xray\pcb_xray_annotation_workspace\images\bridge\bridge_0031.jpg,"(1600, 991, 2368, 1759)"
test,bridge,E:\Xray\Xray\pcb_xray_annotation_workspace\bridge_roi_dataset\test\bridge\bridge_0031_b02_s1_j0.jpg,E:\Xray\Xray\pcb_xray_annotation_workspace\images\bridge\bridge_0031.jpg,"(1600, 982, 2368, 1750)"
test,bridge,E:\Xray\Xray\pcb_xray_annotation_workspace\bridge_roi_dataset\test\bridge\bridge_0031_b02_s1_j1.jpg,E:\Xray\Xray\pcb_xray_annotation_workspace\images\bridge\bridge_0031.jpg,"(1600, 982, 2368, 1750)"
test,bridge,E:\Xray\Xray\pcb_xray_annotation_workspace\bridge_roi_dataset\test\bridge\bridge_0031_b02_s1_j2.jpg,E:\Xray\Xray\pcb_xray_annotation_workspace\images\bridge\bridge_0031.jpg,"(1600, 982, 2368, 1750)"
test,bridge,E:\Xray\Xray\pcb_xray_annotation_workspace\bridge_roi_dataset\test\bridge\bridge_0031_b02_s1_j3.jpg,E:\Xray\Xray\pcb_xray_annotation_workspace\images\bridge\bridge_0031.jpg,"(1600, 890, 2368, 1658)"
test,bridge,E:\Xray\Xray\pcb_xray_annotation_workspace\bridge_roi_dataset\test\bridge\bridge_0031_b02_s1_j4.jpg,E:\Xray\Xray\pcb_xray_annotation_workspace\images\bridge\bridge_0031.jpg,"(1600, 991, 2368, 1759)"
test,bridge,E:\Xray\Xray\pcb_xray_annotation_workspace\bridge_roi_dataset\test\bridge\bridge_0031_b02_s2_j0.jpg,E:\Xray\Xray\pcb_xray_annotation_workspace\images\bridge\bridge_0031.jpg,"(1600, 982, 2368, 1750)"
test,bridge,E:\Xray\Xray\pcb_xray_annotation_workspace\bridge_roi_dataset\test\bridge\bridge_0031_b02_s2_j1.jpg,E:\Xray\Xray\pcb_xray_annotation_workspace\images\bridge\bridge_0031.jpg,"(1600, 982, 2368, 1750)"
test,bridge,E:\Xray\Xray\pcb_xray_annotation_workspace\bridge_roi_dataset\test\bridge\bridge_0031_b02_s2_j2.jpg,E:\Xray\Xray\pcb_xray_annotation_workspace\images\bridge\bridge_0031.jpg,"(1600, 982, 2368, 1750)"
test,bridge,E:\Xray\Xray\pcb_xray_annotation_workspace\bridge_roi_dataset\test\bridge\bridge_0031_b02_s2_j3.jpg,E:\Xray\Xray\pcb_xray_annotation_workspace\images\bridge\bridge_0031.jpg,"(1600, 890, 2368, 1658)"
test,bridge,E:\Xray\Xray\pcb_xray_annotation_workspace\bridge_roi_dataset\test\bridge\bridge_0031_b02_s2_j4.jpg,E:\Xray\Xray\pcb_xray_annotation_workspace\images\bridge\bridge_0031.jpg,"(1600, 991, 2368, 1759)"
test,bridge,E:\Xray\Xray\pcb_xray_annotation_workspace\bridge_roi_dataset\test\bridge\bridge_0034_b00_s0_j0.jpg,E:\Xray\Xray\pcb_xray_annotation_workspace\images\bridge\bridge_0034.jpg,"(368, 375, 611, 618)"
test,bridge,E:\Xray\Xray\pcb_xray_annotation_workspace\bridge_roi_dataset\test\bridge\bridge_0034_b00_s0_j1.jpg,E:\Xray\Xray\pcb_xray_annotation_workspace\images\bridge\bridge_0034.jpg,"(339, 375, 582, 618)"
test,bridge,E:\Xray\Xray\pcb_xray_annotation_workspace\bridge_roi_dataset\test\bridge\bridge_0034_b00_s0_j2.jpg,E:\Xray\Xray\pcb_xray_annotation_workspace\images\bridge\bridge_0034.jpg,"(397, 375, 640, 618)"
test,bridge,E:\Xray\Xray\pcb_xray_annotation_workspace\bridge_roi_dataset\test\bridge\bridge_0034_b00_s0_j3.jpg,E:\Xray\Xray\pcb_xray_annotation_workspace\images\bridge\bridge_0034.jpg,"(368, 346, 611, 589)"
test,bridge,E:\Xray\Xray\pcb_xray_annotation_workspace\bridge_roi_dataset\test\bridge\bridge_0034_b00_s0_j4.jpg,E:\Xray\Xray\pcb_xray_annotation_workspace\images\bridge\bridge_0034.jpg,"(368, 377, 611, 620)"
test,bridge,E:\Xray\Xray\pcb_xray_annotation_workspace\bridge_roi_dataset\test\bridge\bridge_0034_b00_s1_j0.jpg,E:\Xray\Xray\pcb_xray_annotation_workspace\images\bridge\bridge_0034.jpg,"(328, 296, 652, 620)"
test,bridge,E:\Xray\Xray\pcb_xray_annotation_workspace\bridge_roi_dataset\test\bridge\bridge_0034_b00_s1_j1.jpg,E:\Xray\Xray\pcb_xray_annotation_workspace\images\bridge\bridge_0034.jpg,"(289, 296, 613, 620)"
test,bridge,E:\Xray\Xray\pcb_xray_annotation_workspace\bridge_roi_dataset\test\bridge\bridge_0034_b00_s1_j2.jpg,E:\Xray\Xray\pcb_xray_annotation_workspace\images\bridge\bridge_0034.jpg,"(366, 296, 690, 620)"
test,bridge,E:\Xray\Xray\pcb_xray_annotation_workspace\bridge_roi_dataset\test\bridge\bridge_0034_b00_s1_j3.jpg,E:\Xray\Xray\pcb_xray_annotation_workspace\images\bridge\bridge_0034.jpg,"(328, 296, 652, 620)"
test,bridge,E:\Xray\Xray\pcb_xray_annotation_workspace\bridge_roi_dataset\test\bridge\bridge_0034_b00_s1_j4.jpg,E:\Xray\Xray\pcb_xray_annotation_workspace\images\bridge\bridge_0034.jpg,"(328, 296, 652, 620)"
test,bridge,E:\Xray\Xray\pcb_xray_annotation_workspace\bridge_roi_dataset\test\bridge\bridge_0034_b00_s2_j0.jpg,E:\Xray\Xray\pcb_xray_annotation_workspace\images\bridge\bridge_0034.jpg,"(287, 214, 693, 620)"
test,bridge,E:\Xray\Xray\pcb_xray_annotation_workspace\bridge_roi_dataset\test\bridge\bridge_0034_b00_s2_j1.jpg,E:\Xray\Xray\pcb_xray_annotation_workspace\images\bridge\bridge_0034.jpg,"(238, 214, 644, 620)"
test,bridge,E:\Xray\Xray\pcb_xray_annotation_workspace\bridge_roi_dataset\test\bridge\bridge_0034_b00_s2_j2.jpg,E:\Xray\Xray\pcb_xray_annotation_workspace\images\bridge\bridge_0034.jpg,"(335, 214, 741, 620)"
test,bridge,E:\Xray\Xray\pcb_xray_annotation_workspace\bridge_roi_dataset\test\bridge\bridge_0034_b00_s2_j3.jpg,E:\Xray\Xray\pcb_xray_annotation_workspace\images\bridge\bridge_0034.jpg,"(287, 214, 693, 620)"
test,bridge,E:\Xray\Xray\pcb_xray_annotation_workspace\bridge_roi_dataset\test\bridge\bridge_0034_b00_s2_j4.jpg,E:\Xray\Xray\pcb_xray_annotation_workspace\images\bridge\bridge_0034.jpg,"(287, 214, 693, 620)"
test,bridge,E:\Xray\Xray\pcb_xray_annotation_workspace\bridge_roi_dataset\test\bridge\bridge_0018_b00_s0_j0.jpg,E:\Xray\Xray\pcb_xray_annotation_workspace\images\bridge\bridge_0018.jpg,"(212, 163, 573, 524)"
test,bridge,E:\Xray\Xray\pcb_xray_annotation_workspace\bridge_roi_dataset\test\bridge\bridge_0018_b00_s0_j1.jpg,E:\Xray\Xray\pcb_xray_annotation_workspace\images\bridge\bridge_0018.jpg,"(169, 163, 530, 524)"
test,bridge,E:\Xray\Xray\pcb_xray_annotation_workspace\bridge_roi_dataset\test\bridge\bridge_0018_b00_s0_j2.jpg,E:\Xray\Xray\pcb_xray_annotation_workspace\images\bridge\bridge_0018.jpg,"(256, 163, 617, 524)"
test,bridge,E:\Xray\Xray\pcb_xray_annotation_workspace\bridge_roi_dataset\test\bridge\bridge_0018_b00_s0_j3.jpg,E:\Xray\Xray\pcb_xray_annotation_workspace\images\bridge\bridge_0018.jpg,"(212, 120, 573, 481)"
test,bridge,E:\Xray\Xray\pcb_xray_annotation_workspace\bridge_roi_dataset\test\bridge\bridge_0018_b00_s0_j4.jpg,E:\Xray\Xray\pcb_xray_annotation_workspace\images\bridge\bridge_0018.jpg,"(212, 206, 573, 567)"
test,bridge,E:\Xray\Xray\pcb_xray_annotation_workspace\bridge_roi_dataset\test\bridge\bridge_0018_b00_s1_j0.jpg,E:\Xray\Xray\pcb_xray_annotation_workspace\images\bridge\bridge_0018.jpg,"(152, 103, 633, 584)"
test,bridge,E:\Xray\Xray\pcb_xray_annotation_workspace\bridge_roi_dataset\test\bridge\bridge_0018_b00_s1_j1.jpg,E:\Xray\Xray\pcb_xray_annotation_workspace\images\bridge\bridge_0018.jpg,"(95, 103, 576, 584)"
test,bridge,E:\Xray\Xray\pcb_xray_annotation_workspace\bridge_roi_dataset\test\bridge\bridge_0018_b00_s1_j2.jpg,E:\Xray\Xray\pcb_xray_annotation_workspace\images\bridge\bridge_0018.jpg,"(210, 103, 691, 584)"
test,bridge,E:\Xray\Xray\pcb_xray_annotation_workspace\bridge_roi_dataset\test\bridge\bridge_0018_b00_s1_j3.jpg,E:\Xray\Xray\pcb_xray_annotation_workspace\images\bridge\bridge_0018.jpg,"(152, 45, 633, 526)"
test,bridge,E:\Xray\Xray\pcb_xray_annotation_workspace\bridge_roi_dataset\test\bridge\bridge_0018_b00_s1_j4.jpg,E:\Xray\Xray\pcb_xray_annotation_workspace\images\bridge\bridge_0018.jpg,"(152, 161, 633, 642)"
test,bridge,E:\Xray\Xray\pcb_xray_annotation_workspace\bridge_roi_dataset\test\bridge\bridge_0018_b00_s2_j0.jpg,E:\Xray\Xray\pcb_xray_annotation_workspace\images\bridge\bridge_0018.jpg,"(92, 43, 693, 644)"
test,bridge,E:\Xray\Xray\pcb_xray_annotation_workspace\bridge_roi_dataset\test\bridge\bridge_0018_b00_s2_j1.jpg,E:\Xray\Xray\pcb_xray_annotation_workspace\images\bridge\bridge_0018.jpg,"(20, 43, 621, 644)"
test,bridge,E:\Xray\Xray\pcb_xray_annotation_workspace\bridge_roi_dataset\test\bridge\bridge_0018_b00_s2_j2.jpg,E:\Xray\Xray\pcb_xray_annotation_workspace\images\bridge\bridge_0018.jpg,"(165, 43, 766, 644)"
test,bridge,E:\Xray\Xray\pcb_xray_annotation_workspace\bridge_roi_dataset\test\bridge\bridge_0018_b00_s2_j3.jpg,E:\Xray\Xray\pcb_xray_annotation_workspace\images\bridge\bridge_0018.jpg,"(92, 0, 693, 601)"
test,bridge,E:\Xray\Xray\pcb_xray_annotation_workspace\bridge_roi_dataset\test\bridge\bridge_0018_b00_s2_j4.jpg,E:\Xray\Xray\pcb_xray_annotation_workspace\images\bridge\bridge_0018.jpg,"(92, 115, 693, 716)"
test,bridge,E:\Xray\Xray\pcb_xray_annotation_workspace\bridge_roi_dataset\test\bridge\bridge_0018_b01_s0_j0.jpg,E:\Xray\Xray\pcb_xray_annotation_workspace\images\bridge\bridge_0018.jpg,"(300, 138, 686, 524)"
test,bridge,E:\Xray\Xray\pcb_xray_annotation_workspace\bridge_roi_dataset\test\bridge\bridge_0018_b01_s0_j1.jpg,E:\Xray\Xray\pcb_xray_annotation_workspace\images\bridge\bridge_0018.jpg,"(254, 138, 640, 524)"
test,bridge,E:\Xray\Xray\pcb_xray_annotation_workspace\bridge_roi_dataset\test\bridge\bridge_0018_b01_s0_j2.jpg,E:\Xray\Xray\pcb_xray_annotation_workspace\images\bridge\bridge_0018.jpg,"(346, 138, 732, 524)"
test,bridge,E:\Xray\Xray\pcb_xray_annotation_workspace\bridge_roi_dataset\test\bridge\bridge_0018_b01_s0_j3.jpg,E:\Xray\Xray\pcb_xray_annotation_workspace\images\bridge\bridge_0018.jpg,"(300, 92, 686, 478)"
test,bridge,E:\Xray\Xray\pcb_xray_annotation_workspace\bridge_roi_dataset\test\bridge\bridge_0018_b01_s0_j4.jpg,E:\Xray\Xray\pcb_xray_annotation_workspace\images\bridge\bridge_0018.jpg,"(300, 184, 686, 570)"
test,bridge,E:\Xray\Xray\pcb_xray_annotation_workspace\bridge_roi_dataset\test\bridge\bridge_0018_b01_s1_j0.jpg,E:\Xray\Xray\pcb_xray_annotation_workspace\images\bridge\bridge_0018.jpg,"(235, 73, 750, 588)"
test,bridge,E:\Xray\Xray\pcb_xray_annotation_workspace\bridge_roi_dataset\test\bridge\bridge_0018_b01_s1_j1.jpg,E:\Xray\Xray\pcb_xray_annotation_workspace\images\bridge\bridge_0018.jpg,"(174, 73, 689, 588)"
test,bridge,E:\Xray\Xray\pcb_xray_annotation_workspace\bridge_roi_dataset\test\bridge\bridge_0018_b01_s1_j2.jpg,E:\Xray\Xray\pcb_xray_annotation_workspace\images\bridge\bridge_0018.jpg,"(297, 73, 812, 588)"
test,bridge,E:\Xray\Xray\pcb_xray_annotation_workspace\bridge_roi_dataset\test\bridge\bridge_0018_b01_s1_j3.jpg,E:\Xray\Xray\pcb_xray_annotation_workspace\images\bridge\bridge_0018.jpg,"(235, 12, 750, 527)"
test,bridge,E:\Xray\Xray\pcb_xray_annotation_workspace\bridge_roi_dataset\test\bridge\bridge_0018_b01_s1_j4.jpg,E:\Xray\Xray\pcb_xray_annotation_workspace\images\bridge\bridge_0018.jpg,"(235, 135, 750, 650)"
test,bridge,E:\Xray\Xray\pcb_xray_annotation_workspace\bridge_roi_dataset\test\bridge\bridge_0018_b01_s2_j0.jpg,E:\Xray\Xray\pcb_xray_annotation_workspace\images\bridge\bridge_0018.jpg,"(171, 9, 815, 653)"
test,bridge,E:\Xray\Xray\pcb_xray_annotation_workspace\bridge_roi_dataset\test\bridge\bridge_0018_b01_s2_j1.jpg,E:\Xray\Xray\pcb_xray_annotation_workspace\images\bridge\bridge_0018.jpg,"(94, 9, 738, 653)"
test,bridge,E:\Xray\Xray\pcb_xray_annotation_workspace\bridge_roi_dataset\test\bridge\bridge_0018_b01_s2_j2.jpg,E:\Xray\Xray\pcb_xray_annotation_workspace\images\bridge\bridge_0018.jpg,"(248, 9, 892, 653)"
test,bridge,E:\Xray\Xray\pcb_xray_annotation_workspace\bridge_roi_dataset\test\bridge\bridge_0018_b01_s2_j3.jpg,E:\Xray\Xray\pcb_xray_annotation_workspace\images\bridge\bridge_0018.jpg,"(171, 0, 815, 644)"
test,bridge,E:\Xray\Xray\pcb_xray_annotation_workspace\bridge_roi_dataset\test\bridge\bridge_0018_b01_s2_j4.jpg,E:\Xray\Xray\pcb_xray_annotation_workspace\images\bridge\bridge_0018.jpg,"(171, 86, 815, 730)"
test,bridge,E:\Xray\Xray\pcb_xray_annotation_workspace\bridge_roi_dataset\test\bridge\bridge_0018_b02_s0_j0.jpg,E:\Xray\Xray\pcb_xray_annotation_workspace\images\bridge\bridge_0018.jpg,"(725, 165, 1075, 515)"
test,bridge,E:\Xray\Xray\pcb_xray_annotation_workspace\bridge_roi_dataset\test\bridge\bridge_0018_b02_s0_j1.jpg,E:\Xray\Xray\pcb_xray_annotation_workspace\images\bridge\bridge_0018.jpg,"(683, 165, 1033, 515)"
test,bridge,E:\Xray\Xray\pcb_xray_annotation_workspace\bridge_roi_dataset\test\bridge\bridge_0018_b02_s0_j2.jpg,E:\Xray\Xray\pcb_xray_annotation_workspace\images\bridge\bridge_0018.jpg,"(767, 165, 1117, 515)"
test,bridge,E:\Xray\Xray\pcb_xray_annotation_workspace\bridge_roi_dataset\test\bridge\bridge_0018_b02_s0_j3.jpg,E:\Xray\Xray\pcb_xray_annotation_workspace\images\bridge\bridge_0018.jpg,"(725, 123, 1075, 473)"
test,bridge,E:\Xray\Xray\pcb_xray_annotation_workspace\bridge_roi_dataset\test\bridge\bridge_0018_b02_s0_j4.jpg,E:\Xray\Xray\pcb_xray_annotation_workspace\images\bridge\bridge_0018.jpg,"(725, 207, 1075, 557)"
test,bridge,E:\Xray\Xray\pcb_xray_annotation_workspace\bridge_roi_dataset\test\bridge\bridge_0018_b02_s1_j0.jpg,E:\Xray\Xray\pcb_xray_annotation_workspace\images\bridge\bridge_0018.jpg,"(666, 107, 1133, 574)"
test,bridge,E:\Xray\Xray\pcb_xray_annotation_workspace\bridge_roi_dataset\test\bridge\bridge_0018_b02_s1_j1.jpg,E:\Xray\Xray\pcb_xray_annotation_workspace\images\bridge\bridge_0018.jpg,"(610, 107, 1077, 574)"
test,bridge,E:\Xray\Xray\pcb_xray_annotation_workspace\bridge_roi_dataset\test\bridge\bridge_0018_b02_s1_j2.jpg,E:\Xray\Xray\pcb_xray_annotation_workspace\images\bridge\bridge_0018.jpg,"(722, 107, 1189, 574)"
test,bridge,E:\Xray\Xray\pcb_xray_annotation_workspace\bridge_roi_dataset\test\bridge\bridge_0018_b02_s1_j3.jpg,E:\Xray\Xray\pcb_xray_annotation_workspace\images\bridge\bridge_0018.jpg,"(666, 51, 1133, 518)"
test,bridge,E:\Xray\Xray\pcb_xray_annotation_workspace\bridge_roi_dataset\test\bridge\bridge_0018_b02_s1_j4.jpg,E:\Xray\Xray\pcb_xray_annotation_workspace\images\bridge\bridge_0018.jpg,"(666, 163, 1133, 630)"
test,bridge,E:\Xray\Xray\pcb_xray_annotation_workspace\bridge_roi_dataset\test\bridge\bridge_0018_b02_s2_j0.jpg,E:\Xray\Xray\pcb_xray_annotation_workspace\images\bridge\bridge_0018.jpg,"(608, 48, 1192, 632)"
test,bridge,E:\Xray\Xray\pcb_xray_annotation_workspace\bridge_roi_dataset\test\bridge\bridge_0018_b02_s2_j1.jpg,E:\Xray\Xray\pcb_xray_annotation_workspace\images\bridge\bridge_0018.jpg,"(538, 48, 1122, 632)"
test,bridge,E:\Xray\Xray\pcb_xray_annotation_workspace\bridge_roi_dataset\test\bridge\bridge_0018_b02_s2_j2.jpg,E:\Xray\Xray\pcb_xray_annotation_workspace\images\bridge\bridge_0018.jpg,"(678, 48, 1262, 632)"
test,bridge,E:\Xray\Xray\pcb_xray_annotation_workspace\bridge_roi_dataset\test\bridge\bridge_0018_b02_s2_j3.jpg,E:\Xray\Xray\pcb_xray_annotation_workspace\images\bridge\bridge_0018.jpg,"(608, 0, 1192, 584)"
test,bridge,E:\Xray\Xray\pcb_xray_annotation_workspace\bridge_roi_dataset\test\bridge\bridge_0018_b02_s2_j4.jpg,E:\Xray\Xray\pcb_xray_annotation_workspace\images\bridge\bridge_0018.jpg,"(608, 118, 1192, 702)"
test,bridge,E:\Xray\Xray\pcb_xray_annotation_workspace\bridge_roi_dataset\test\bridge\bridge_0002_b00_s0_j0.jpg,E:\Xray\Xray\pcb_xray_annotation_workspace\images\bridge\bridge_0002.jpg,"(1577, 782, 2183, 1388)"
test,bridge,E:\Xray\Xray\pcb_xray_annotation_workspace\bridge_roi_dataset\test\bridge\bridge_0002_b00_s0_j1.jpg,E:\Xray\Xray\pcb_xray_annotation_workspace\images\bridge\bridge_0002.jpg,"(1505, 782, 2111, 1388)"
test,bridge,E:\Xray\Xray\pcb_xray_annotation_workspace\bridge_roi_dataset\test\bridge\bridge_0002_b00_s0_j2.jpg,E:\Xray\Xray\pcb_xray_annotation_workspace\images\bridge\bridge_0002.jpg,"(1650, 782, 2256, 1388)"
test,bridge,E:\Xray\Xray\pcb_xray_annotation_workspace\bridge_roi_dataset\test\bridge\bridge_0002_b00_s0_j3.jpg,E:\Xray\Xray\pcb_xray_annotation_workspace\images\bridge\bridge_0002.jpg,"(1577, 709, 2183, 1315)"
test,bridge,E:\Xray\Xray\pcb_xray_annotation_workspace\bridge_roi_dataset\test\bridge\bridge_0002_b00_s0_j4.jpg,E:\Xray\Xray\pcb_xray_annotation_workspace\images\bridge\bridge_0002.jpg,"(1577, 855, 2183, 1461)"
test,bridge,E:\Xray\Xray\pcb_xray_annotation_workspace\bridge_roi_dataset\test\bridge\bridge_0002_b00_s1_j0.jpg,E:\Xray\Xray\pcb_xray_annotation_workspace\images\bridge\bridge_0002.jpg,"(1496, 701, 2264, 1469)"
test,bridge,E:\Xray\Xray\pcb_xray_annotation_workspace\bridge_roi_dataset\test\bridge\bridge_0002_b00_s1_j1.jpg,E:\Xray\Xray\pcb_xray_annotation_workspace\images\bridge\bridge_0002.jpg,"(1404, 701, 2172, 1469)"
test,bridge,E:\Xray\Xray\pcb_xray_annotation_workspace\bridge_roi_dataset\test\bridge\bridge_0002_b00_s1_j2.jpg,E:\Xray\Xray\pcb_xray_annotation_workspace\images\bridge\bridge_0002.jpg,"(1588, 701, 2356, 1469)"
test,bridge,E:\Xray\Xray\pcb_xray_annotation_workspace\bridge_roi_dataset\test\bridge\bridge_0002_b00_s1_j3.jpg,E:\Xray\Xray\pcb_xray_annotation_workspace\images\bridge\bridge_0002.jpg,"(1496, 609, 2264, 1377)"
test,bridge,E:\Xray\Xray\pcb_xray_annotation_workspace\bridge_roi_dataset\test\bridge\bridge_0002_b00_s1_j4.jpg,E:\Xray\Xray\pcb_xray_annotation_workspace\images\bridge\bridge_0002.jpg,"(1496, 793, 2264, 1561)"
test,bridge,E:\Xray\Xray\pcb_xray_annotation_workspace\bridge_roi_dataset\test\bridge\bridge_0002_b00_s2_j0.jpg,E:\Xray\Xray\pcb_xray_annotation_workspace\images\bridge\bridge_0002.jpg,"(1496, 701, 2264, 1469)"
test,bridge,E:\Xray\Xray\pcb_xray_annotation_workspace\bridge_roi_dataset\test\bridge\bridge_0002_b00_s2_j1.jpg,E:\Xray\Xray\pcb_xray_annotation_workspace\images\bridge\bridge_0002.jpg,"(1404, 701, 2172, 1469)"
test,bridge,E:\Xray\Xray\pcb_xray_annotation_workspace\bridge_roi_dataset\test\bridge\bridge_0002_b00_s2_j2.jpg,E:\Xray\Xray\pcb_xray_annotation_workspace\images\bridge\bridge_0002.jpg,"(1588, 701, 2356, 1469)"
test,bridge,E:\Xray\Xray\pcb_xray_annotation_workspace\bridge_roi_dataset\test\bridge\bridge_0002_b00_s2_j3.jpg,E:\Xray\Xray\pcb_xray_annotation_workspace\images\bridge\bridge_0002.jpg,"(1496, 609, 2264, 1377)"
test,bridge,E:\Xray\Xray\pcb_xray_annotation_workspace\bridge_roi_dataset\test\bridge\bridge_0002_b00_s2_j4.jpg,E:\Xray\Xray\pcb_xray_annotation_workspace\images\bridge\bridge_0002.jpg,"(1496, 793, 2264, 1561)"
test,bridge,E:\Xray\Xray\pcb_xray_annotation_workspace\bridge_roi_dataset\test\bridge\bridge_0008_b00_s0_j0.jpg,E:\Xray\Xray\pcb_xray_annotation_workspace\images\bridge\bridge_0008.jpg,"(373, 591, 611, 829)"
test,bridge,E:\Xray\Xray\pcb_xray_annotation_workspace\bridge_roi_dataset\test\bridge\bridge_0008_b00_s0_j1.jpg,E:\Xray\Xray\pcb_xray_annotation_workspace\images\bridge\bridge_0008.jpg,"(345, 591, 583, 829)"
test,bridge,E:\Xray\Xray\pcb_xray_annotation_workspace\bridge_roi_dataset\test\bridge\bridge_0008_b00_s0_j2.jpg,E:\Xray\Xray\pcb_xray_annotation_workspace\images\bridge\bridge_0008.jpg,"(402, 591, 640, 829)"
test,bridge,E:\Xray\Xray\pcb_xray_annotation_workspace\bridge_roi_dataset\test\bridge\bridge_0008_b00_s0_j3.jpg,E:\Xray\Xray\pcb_xray_annotation_workspace\images\bridge\bridge_0008.jpg,"(373, 562, 611, 800)"
test,bridge,E:\Xray\Xray\pcb_xray_annotation_workspace\bridge_roi_dataset\test\bridge\bridge_0008_b00_s0_j4.jpg,E:\Xray\Xray\pcb_xray_annotation_workspace\images\bridge\bridge_0008.jpg,"(373, 619, 611, 857)"
test,bridge,E:\Xray\Xray\pcb_xray_annotation_workspace\bridge_roi_dataset\test\bridge\bridge_0008_b00_s1_j0.jpg,E:\Xray\Xray\pcb_xray_annotation_workspace\images\bridge\bridge_0008.jpg,"(333, 551, 651, 869)"
test,bridge,E:\Xray\Xray\pcb_xray_annotation_workspace\bridge_roi_dataset\test\bridge\bridge_0008_b00_s1_j1.jpg,E:\Xray\Xray\pcb_xray_annotation_workspace\images\bridge\bridge_0008.jpg,"(295, 551, 613, 869)"
test,bridge,E:\Xray\Xray\pcb_xray_annotation_workspace\bridge_roi_dataset\test\bridge\bridge_0008_b00_s1_j2.jpg,E:\Xray\Xray\pcb_xray_annotation_workspace\images\bridge\bridge_0008.jpg,"(371, 551, 689, 869)"
test,bridge,E:\Xray\Xray\pcb_xray_annotation_workspace\bridge_roi_dataset\test\bridge\bridge_0008_b00_s1_j3.jpg,E:\Xray\Xray\pcb_xray_annotation_workspace\images\bridge\bridge_0008.jpg,"(333, 513, 651, 831)"
test,bridge,E:\Xray\Xray\pcb_xray_annotation_workspace\bridge_roi_dataset\test\bridge\bridge_0008_b00_s1_j4.jpg,E:\Xray\Xray\pcb_xray_annotation_workspace\images\bridge\bridge_0008.jpg,"(333, 589, 651, 907)"
test,bridge,E:\Xray\Xray\pcb_xray_annotation_workspace\bridge_roi_dataset\test\bridge\bridge_0008_b00_s2_j0.jpg,E:\Xray\Xray\pcb_xray_annotation_workspace\images\bridge\bridge_0008.jpg,"(293, 511, 691, 909)"
test,bridge,E:\Xray\Xray\pcb_xray_annotation_workspace\bridge_roi_dataset\test\bridge\bridge_0008_b00_s2_j1.jpg,E:\Xray\Xray\pcb_xray_annotation_workspace\images\bridge\bridge_0008.jpg,"(245, 511, 643, 909)"
test,bridge,E:\Xray\Xray\pcb_xray_annotation_workspace\bridge_roi_dataset\test\bridge\bridge_0008_b00_s2_j2.jpg,E:\Xray\Xray\pcb_xray_annotation_workspace\images\bridge\bridge_0008.jpg,"(341, 511, 739, 909)"
test,bridge,E:\Xray\Xray\pcb_xray_annotation_workspace\bridge_roi_dataset\test\bridge\bridge_0008_b00_s2_j3.jpg,E:\Xray\Xray\pcb_xray_annotation_workspace\images\bridge\bridge_0008.jpg,"(293, 463, 691, 861)"
test,bridge,E:\Xray\Xray\pcb_xray_annotation_workspace\bridge_roi_dataset\test\bridge\bridge_0008_b00_s2_j4.jpg,E:\Xray\Xray\pcb_xray_annotation_workspace\images\bridge\bridge_0008.jpg,"(293, 558, 691, 956)"
train,normal,E:\Xray\Xray\pcb_xray_annotation_workspace\bridge_roi_dataset\train\normal\insufficient_through_solder_0071_3d7d2948ee_n00.jpg,E:\Xray\Xray\pcb_xray_annotation_workspace\images\insufficient_through_solder\insufficient_through_solder_0071.jpg,"(151, 1181, 616, 1646)"
train,normal,E:\Xray\Xray\pcb_xray_annotation_workspace\bridge_roi_dataset\train\normal\insufficient_through_solder_0071_3d7d2948ee_n01.jpg,E:\Xray\Xray\pcb_xray_annotation_workspace\images\insufficient_through_solder\insufficient_through_solder_0071.jpg,"(1289, 109, 1754, 574)"
train,normal,E:\Xray\Xray\pcb_xray_annotation_workspace\bridge_roi_dataset\train\normal\insufficient_through_solder_0012_a55f54db85_n00.jpg,E:\Xray\Xray\pcb_xray_annotation_workspace\images\insufficient_through_solder\insufficient_through_solder_0012.jpg,"(310, 305, 775, 770)"
train,normal,E:\Xray\Xray\pcb_xray_annotation_workspace\bridge_roi_dataset\train\normal\insufficient_through_solder_0012_a55f54db85_n01.jpg,E:\Xray\Xray\pcb_xray_annotation_workspace\images\insufficient_through_solder\insufficient_through_solder_0012.jpg,"(1152, 622, 1617, 1087)"
train,normal,E:\Xray\Xray\pcb_xray_annotation_workspace\bridge_roi_dataset\train\normal\1_f97b5307a3_n00.jpg,E:\Xray\X光图片20260330\X光图片20260330\合格\3\3\27\1.jpg,"(348, 508, 813, 973)"
train,normal,E:\Xray\Xray\pcb_xray_annotation_workspace\bridge_roi_dataset\train\normal\1_f97b5307a3_n01.jpg,E:\Xray\X光图片20260330\X光图片20260330\合格\3\3\27\1.jpg,"(485, 1142, 950, 1607)"
train,normal,E:\Xray\Xray\pcb_xray_annotation_workspace\bridge_roi_dataset\train\normal\6_8f4270430c_n00.jpg,E:\Xray\X光图片20260330\X光图片20260330\合格\2\5该文件夹里多为直插通孔类型\183\6.jpg,"(1704, 1241, 2169, 1706)"
train,normal,E:\Xray\Xray\pcb_xray_annotation_workspace\bridge_roi_dataset\train\normal\6_8f4270430c_n01.jpg,E:\Xray\X光图片20260330\X光图片20260330\合格\2\5该文件夹里多为直插通孔类型\183\6.jpg,"(2441, 1619, 2906, 2084)"
train,normal,E:\Xray\Xray\pcb_xray_annotation_workspace\bridge_roi_dataset\train\normal\6_1689cdd189_n00.jpg,E:\Xray\X光图片20260330\X光图片20260330\合格\2\5该文件夹里多为直插通孔类型\171\6.jpg,"(2533, 462, 2998, 927)"
train,normal,E:\Xray\Xray\pcb_xray_annotation_workspace\bridge_roi_dataset\train\normal\6_1689cdd189_n01.jpg,E:\Xray\X光图片20260330\X光图片20260330\合格\2\5该文件夹里多为直插通孔类型\171\6.jpg,"(2140, 779, 2605, 1244)"
train,normal,E:\Xray\Xray\pcb_xray_annotation_workspace\bridge_roi_dataset\train\normal\2_b451d3c133_n00.jpg,E:\Xray\X光图片20260330\X光图片20260330\合格\1\表贴及连接器通孔\AP5\73\2.jpg,"(1845, 906, 2310, 1371)"
train,normal,E:\Xray\Xray\pcb_xray_annotation_workspace\bridge_roi_dataset\train\normal\2_b451d3c133_n01.jpg,E:\Xray\X光图片20260330\X光图片20260330\合格\1\表贴及连接器通孔\AP5\73\2.jpg,"(1217, 1205, 1682, 1670)"
train,normal,E:\Xray\Xray\pcb_xray_annotation_workspace\bridge_roi_dataset\train\normal\insufficient_through_solder_0039_85e1722d9a_n00.jpg,E:\Xray\Xray\pcb_xray_annotation_workspace\images\insufficient_through_solder\insufficient_through_solder_0039.jpg,"(1756, 625, 2221, 1090)"
train,normal,E:\Xray\Xray\pcb_xray_annotation_workspace\bridge_roi_dataset\train\normal\insufficient_through_solder_0039_85e1722d9a_n01.jpg,E:\Xray\Xray\pcb_xray_annotation_workspace\images\insufficient_through_solder\insufficient_through_solder_0039.jpg,"(2329, 1271, 2794, 1736)"
train,normal,E:\Xray\Xray\pcb_xray_annotation_workspace\bridge_roi_dataset\train\normal\6_a0b8a616c7_n00.jpg,E:\Xray\X光图片20260330\X光图片20260330\合格\1\表贴及连接器通孔\AP5\73\6.jpg,"(246, 1248, 711, 1713)"
train,normal,E:\Xray\Xray\pcb_xray_annotation_workspace\bridge_roi_dataset\train\normal\6_a0b8a616c7_n01.jpg,E:\Xray\X光图片20260330\X光图片20260330\合格\1\表贴及连接器通孔\AP5\73\6.jpg,"(406, 1562, 871, 2027)"
train,normal,E:\Xray\Xray\pcb_xray_annotation_workspace\bridge_roi_dataset\train\normal\12_b2fdc5cab5_n00.jpg,E:\Xray\X光图片20260330\X光图片20260330\合格\2\5该文件夹里多为直插通孔类型\182\12.jpg,"(851, 1281, 1316, 1746)"
train,normal,E:\Xray\Xray\pcb_xray_annotation_workspace\bridge_roi_dataset\train\normal\12_b2fdc5cab5_n01.jpg,E:\Xray\X光图片20260330\X光图片20260330\合格\2\5该文件夹里多为直插通孔类型\182\12.jpg,"(864, 541, 1329, 1006)"
train,normal,E:\Xray\Xray\pcb_xray_annotation_workspace\bridge_roi_dataset\train\normal\10_17577c99b2_n00.jpg,E:\Xray\X光图片20260330\X光图片20260330\合格\2\4图片以表贴类型为主\102\10.jpg,"(2705, 166, 3170, 631)"
train,normal,E:\Xray\Xray\pcb_xray_annotation_workspace\bridge_roi_dataset\train\normal\10_17577c99b2_n01.jpg,E:\Xray\X光图片20260330\X光图片20260330\合格\2\4图片以表贴类型为主\102\10.jpg,"(643, 491, 1108, 956)"
train,normal,E:\Xray\Xray\pcb_xray_annotation_workspace\bridge_roi_dataset\train\normal\3_53d8f6b294_n00.jpg,E:\Xray\X光图片20260330\X光图片20260330\合格\1\表贴及连接器通孔\AP4\74\3.jpg,"(711, 1130, 1176, 1595)"
train,normal,E:\Xray\Xray\pcb_xray_annotation_workspace\bridge_roi_dataset\train\normal\3_53d8f6b294_n01.jpg,E:\Xray\X光图片20260330\X光图片20260330\合格\1\表贴及连接器通孔\AP4\74\3.jpg,"(307, 320, 772, 785)"
train,normal,E:\Xray\Xray\pcb_xray_annotation_workspace\bridge_roi_dataset\train\normal\1_c17d199804_n00.jpg,E:\Xray\X光图片20260330\X光图片20260330\合格\2\5该文件夹里多为直插通孔类型\190\1.jpg,"(10, 836, 475, 1301)"
train,normal,E:\Xray\Xray\pcb_xray_annotation_workspace\bridge_roi_dataset\train\normal\1_c17d199804_n01.jpg,E:\Xray\X光图片20260330\X光图片20260330\合格\2\5该文件夹里多为直插通孔类型\190\1.jpg,"(1845, 1411, 2310, 1876)"
train,normal,E:\Xray\Xray\pcb_xray_annotation_workspace\bridge_roi_dataset\train\normal\9_14cdb4167a_n00.jpg,E:\Xray\X光图片20260330\X光图片20260330\合格\2\4图片以表贴类型为主\102\9.jpg,"(2432, 962, 2897, 1427)"
train,normal,E:\Xray\Xray\pcb_xray_annotation_workspace\bridge_roi_dataset\train\normal\9_14cdb4167a_n01.jpg,E:\Xray\X光图片20260330\X光图片20260330\合格\2\4图片以表贴类型为主\102\9.jpg,"(1192, 66, 1657, 531)"
train,normal,E:\Xray\Xray\pcb_xray_annotation_workspace\bridge_roi_dataset\train\normal\11_228f1eed91_n00.jpg,E:\Xray\X光图片20260330\X光图片20260330\合格\2\4图片以表贴类型为主\101\11.jpg,"(948, 590, 1413, 1055)"
train,normal,E:\Xray\Xray\pcb_xray_annotation_workspace\bridge_roi_dataset\train\normal\11_228f1eed91_n01.jpg,E:\Xray\X光图片20260330\X光图片20260330\合格\2\4图片以表贴类型为主\101\11.jpg,"(1158, 1439, 1623, 1904)"
train,normal,E:\Xray\Xray\pcb_xray_annotation_workspace\bridge_roi_dataset\train\normal\void_0049_dac209e357_n00.jpg,E:\Xray\Xray\pcb_xray_annotation_workspace\images\void\void_0049.jpg,"(1760, 929, 2225, 1394)"
train,normal,E:\Xray\Xray\pcb_xray_annotation_workspace\bridge_roi_dataset\train\normal\void_0049_dac209e357_n01.jpg,E:\Xray\Xray\pcb_xray_annotation_workspace\images\void\void_0049.jpg,"(145, 478, 610, 943)"
train,normal,E:\Xray\Xray\pcb_xray_annotation_workspace\bridge_roi_dataset\train\normal\4_ffb6ad4c2d_n00.jpg,E:\Xray\X光图片20260330\X光图片20260330\合格\3\1\27\4.jpg,"(1083, 1613, 1548, 2078)"
train,normal,E:\Xray\Xray\pcb_xray_annotation_workspace\bridge_roi_dataset\train\normal\4_ffb6ad4c2d_n01.jpg,E:\Xray\X光图片20260330\X光图片20260330\合格\3\1\27\4.jpg,"(2560, 1207, 3025, 1672)"
train,normal,E:\Xray\Xray\pcb_xray_annotation_workspace\bridge_roi_dataset\train\normal\3_d0bdaf1485_n00.jpg,E:\Xray\X光图片20260330\X光图片20260330\合格\4\1多为直插通孔类型，下面文件类似\3.jpg,"(2708, 1646, 3173, 2111)"
train,normal,E:\Xray\Xray\pcb_xray_annotation_workspace\bridge_roi_dataset\train\normal\3_d0bdaf1485_n01.jpg,E:\Xray\X光图片20260330\X光图片20260330\合格\4\1多为直插通孔类型，下面文件类似\3.jpg,"(810, 870, 1275, 1335)"
train,normal,E:\Xray\Xray\pcb_xray_annotation_workspace\bridge_roi_dataset\train\normal\4_1697bd51bb_n00.jpg,E:\Xray\X光图片20260330\X光图片20260330\合格\4\1多为直插通孔类型，下面文件类似\4.jpg,"(470, 1115, 935, 1580)"
train,normal,E:\Xray\Xray\pcb_xray_annotation_workspace\bridge_roi_dataset\train\normal\4_1697bd51bb_n01.jpg,E:\Xray\X光图片20260330\X光图片20260330\合格\4\1多为直插通孔类型，下面文件类似\4.jpg,"(920, 1326, 1385, 1791)"
train,normal,E:\Xray\Xray\pcb_xray_annotation_workspace\bridge_roi_dataset\train\normal\insufficient_through_solder_0045_f5aabee5c5_n00.jpg,E:\Xray\Xray\pcb_xray_annotation_workspace\images\insufficient_through_solder\insufficient_through_solder_0045.jpg,"(610, 544, 1075, 1009)"
train,normal,E:\Xray\Xray\pcb_xray_annotation_workspace\bridge_roi_dataset\train\normal\insufficient_through_solder_0045_f5aabee5c5_n01.jpg,E:\Xray\Xray\pcb_xray_annotation_workspace\images\insufficient_through_solder\insufficient_through_solder_0045.jpg,"(582, 146, 1047, 611)"
train,normal,E:\Xray\Xray\pcb_xray_annotation_workspace\bridge_roi_dataset\train\normal\void_0029_9b64335e62_n00.jpg,E:\Xray\Xray\pcb_xray_annotation_workspace\images\void\void_0029.jpg,"(244, 339, 709, 804)"
train,normal,E:\Xray\Xray\pcb_xray_annotation_workspace\bridge_roi_dataset\train\normal\void_0029_9b64335e62_n01.jpg,E:\Xray\Xray\pcb_xray_annotation_workspace\images\void\void_0029.jpg,"(1259, 1218, 1724, 1683)"
train,normal,E:\Xray\Xray\pcb_xray_annotation_workspace\bridge_roi_dataset\train\normal\12_d3984bd1f7_n00.jpg,E:\Xray\X光图片20260330\X光图片20260330\合格\2\5该文件夹里多为直插通孔类型\194\12.jpg,"(2331, 591, 2796, 1056)"
train,normal,E:\Xray\Xray\pcb_xray_annotation_workspace\bridge_roi_dataset\train\normal\12_d3984bd1f7_n01.jpg,E:\Xray\X光图片20260330\X光图片20260330\合格\2\5该文件夹里多为直插通孔类型\194\12.jpg,"(1798, 254, 2263, 719)"
train,normal,E:\Xray\Xray\pcb_xray_annotation_workspace\bridge_roi_dataset\train\normal\4_8d5e6bbe19_n00.jpg,E:\Xray\X光图片20260330\X光图片20260330\合格\2\5该文件夹里多为直插通孔类型\189\4.jpg,"(1919, 1410, 2384, 1875)"
train,normal,E:\Xray\Xray\pcb_xray_annotation_workspace\bridge_roi_dataset\train\normal\4_8d5e6bbe19_n01.jpg,E:\Xray\X光图片20260330\X光图片20260330\合格\2\5该文件夹里多为直插通孔类型\189\4.jpg,"(1245, 1433, 1710, 1898)"
train,normal,E:\Xray\Xray\pcb_xray_annotation_workspace\bridge_roi_dataset\train\normal\void_0055_475de7997c_n00.jpg,E:\Xray\Xray\pcb_xray_annotation_workspace\images\void\void_0055.jpg,"(824, 557, 1289, 1022)"
train,normal,E:\Xray\Xray\pcb_xray_annotation_workspace\bridge_roi_dataset\train\normal\void_0055_475de7997c_n01.jpg,E:\Xray\Xray\pcb_xray_annotation_workspace\images\void\void_0055.jpg,"(1024, 1105, 1489, 1570)"
train,normal,E:\Xray\Xray\pcb_xray_annotation_workspace\bridge_roi_dataset\train\normal\void_0050_200bf3042c_n00.jpg,E:\Xray\Xray\pcb_xray_annotation_workspace\images\void\void_0050.jpg,"(1011, 896, 1476, 1361)"
train,normal,E:\Xray\Xray\pcb_xray_annotation_workspace\bridge_roi_dataset\train\normal\void_0050_200bf3042c_n01.jpg,E:\Xray\Xray\pcb_xray_annotation_workspace\images\void\void_0050.jpg,"(164, 1224, 629, 1689)"
train,normal,E:\Xray\Xray\pcb_xray_annotation_workspace\bridge_roi_dataset\train\normal\2_452ff1fc5e_n00.jpg,E:\Xray\X光图片20260330\X光图片20260330\合格\2\1多为直插通孔\39\2.jpg,"(163, 884, 628, 1349)"
train,normal,E:\Xray\Xray\pcb_xray_annotation_workspace\bridge_roi_dataset\train\normal\2_452ff1fc5e_n01.jpg,E:\Xray\X光图片20260330\X光图片20260330\合格\2\1多为直插通孔\39\2.jpg,"(1320, 1236, 1785, 1701)"
train,normal,E:\Xray\Xray\pcb_xray_annotation_workspace\bridge_roi_dataset\train\normal\6_567302cac5_n00.jpg,E:\Xray\X光图片20260330\X光图片20260330\合格\2\5该文件夹里多为直插通孔类型\176\6.jpg,"(1025, 52, 1490, 517)"
train,normal,E:\Xray\Xray\pcb_xray_annotation_workspace\bridge_roi_dataset\train\normal\6_567302cac5_n01.jpg,E:\Xray\X光图片20260330\X光图片20260330\合格\2\5该文件夹里多为直插通孔类型\176\6.jpg,"(374, 468, 839, 933)"
train,normal,E:\Xray\Xray\pcb_xray_annotation_workspace\bridge_roi_dataset\train\normal\通孔1_c4e04050c9_n00.jpg,E:\Xray\X光图片20260330\X光图片20260330\合格\2\1多为直插通孔\41\通孔1.jpg,"(2356, 1202, 2821, 1667)"
train,normal,E:\Xray\Xray\pcb_xray_annotation_workspace\bridge_roi_dataset\train\normal\通孔1_c4e04050c9_n01.jpg,E:\Xray\X光图片20260330\X光图片20260330\合格\2\1多为直插通孔\41\通孔1.jpg,"(84, 1566, 549, 2031)"
train,normal,E:\Xray\Xray\pcb_xray_annotation_workspace\bridge_roi_dataset\train\normal\8_30af8803ec_n00.jpg,E:\Xray\X光图片20260330\X光图片20260330\合格\2\5该文件夹里多为直插通孔类型\184\8.jpg,"(1103, 1180, 1568, 1645)"
train,normal,E:\Xray\Xray\pcb_xray_annotation_workspace\bridge_roi_dataset\train\normal\8_30af8803ec_n01.jpg,E:\Xray\X光图片20260330\X光图片20260330\合格\2\5该文件夹里多为直插通孔类型\184\8.jpg,"(164, 1562, 629, 2027)"
train,normal,E:\Xray\Xray\pcb_xray_annotation_workspace\bridge_roi_dataset\train\normal\18_cd709b4a43_n00.jpg,E:\Xray\X光图片20260330\X光图片20260330\合格\2\5该文件夹里多为直插通孔类型\191\18.jpg,"(717, 963, 1182, 1428)"
train,normal,E:\Xray\Xray\pcb_xray_annotation_workspace\bridge_roi_dataset\train\normal\18_cd709b4a43_n01.jpg,E:\Xray\X光图片20260330\X光图片20260330\合格\2\5该文件夹里多为直插通孔类型\191\18.jpg,"(2125, 1334, 2590, 1799)"
train,normal,E:\Xray\Xray\pcb_xray_annotation_workspace\bridge_roi_dataset\train\normal\4_15cc173cf4_n00.jpg,E:\Xray\X光图片20260330\X光图片20260330\合格\1\通孔1\ap2\通孔3\4.jpg,"(1811, 569, 2276, 1034)"
train,normal,E:\Xray\Xray\pcb_xray_annotation_workspace\bridge_roi_dataset\train\normal\4_15cc173cf4_n01.jpg,E:\Xray\X光图片20260330\X光图片20260330\合格\1\通孔1\ap2\通孔3\4.jpg,"(743, 1198, 1208, 1663)"
train,normal,E:\Xray\Xray\pcb_xray_annotation_workspace\bridge_roi_dataset\train\normal\6_7d33438f35_n00.jpg,E:\Xray\X光图片20260330\X光图片20260330\合格\2\5该文件夹里多为直插通孔类型\172\6.jpg,"(1785, 1300, 2250, 1765)"
train,normal,E:\Xray\Xray\pcb_xray_annotation_workspace\bridge_roi_dataset\train\normal\6_7d33438f35_n01.jpg,E:\Xray\X光图片20260330\X光图片20260330\合格\2\5该文件夹里多为直插通孔类型\172\6.jpg,"(2014, 186, 2479, 651)"
train,normal,E:\Xray\Xray\pcb_xray_annotation_workspace\bridge_roi_dataset\train\normal\insufficient_through_solder_0080_dcc6f560b7_n00.jpg,E:\Xray\Xray\pcb_xray_annotation_workspace\images\insufficient_through_solder\insufficient_through_solder_0080.jpg,"(962, 712, 1427, 1177)"
train,normal,E:\Xray\Xray\pcb_xray_annotation_workspace\bridge_roi_dataset\train\normal\insufficient_through_solder_0080_dcc6f560b7_n01.jpg,E:\Xray\Xray\pcb_xray_annotation_workspace\images\insufficient_through_solder\insufficient_through_solder_0080.jpg,"(836, 682, 1301, 1147)"
train,normal,E:\Xray\Xray\pcb_xray_annotation_workspace\bridge_roi_dataset\train\normal\2_cb9244434d_n00.jpg,E:\Xray\X光图片20260330\X光图片20260330\合格\4\3\2.jpg,"(1315, 1372, 1780, 1837)"
train,normal,E:\Xray\Xray\pcb_xray_annotation_workspace\bridge_roi_dataset\train\normal\2_cb9244434d_n01.jpg,E:\Xray\X光图片20260330\X光图片20260330\合格\4\3\2.jpg,"(428, 329, 893, 794)"
train,normal,E:\Xray\Xray\pcb_xray_annotation_workspace\bridge_roi_dataset\train\normal\3_4639296ba6_n00.jpg,E:\Xray\X光图片20260330\X光图片20260330\合格\2\5该文件夹里多为直插通孔类型\195\3.jpg,"(1350, 843, 1815, 1308)"
train,normal,E:\Xray\Xray\pcb_xray_annotation_workspace\bridge_roi_dataset\train\normal\3_4639296ba6_n01.jpg,E:\Xray\X光图片20260330\X光图片20260330\合格\2\5该文件夹里多为直插通孔类型\195\3.jpg,"(2029, 590, 2494, 1055)"
train,normal,E:\Xray\Xray\pcb_xray_annotation_workspace\bridge_roi_dataset\train\normal\5_ea5679cbf3_n00.jpg,E:\Xray\X光图片20260330\X光图片20260330\合格\2\5该文件夹里多为直插通孔类型\184\5.jpg,"(2713, 820, 3178, 1285)"
train,normal,E:\Xray\Xray\pcb_xray_annotation_workspace\bridge_roi_dataset\train\normal\5_ea5679cbf3_n01.jpg,E:\Xray\X光图片20260330\X光图片20260330\合格\2\5该文件夹里多为直插通孔类型\184\5.jpg,"(2253, 75, 2718, 540)"
train,normal,E:\Xray\Xray\pcb_xray_annotation_workspace\bridge_roi_dataset\train\normal\6_56cf9e7f4a_n00.jpg,E:\Xray\X光图片20260330\X光图片20260330\合格\1\表贴及连接器通孔\AP3\74\6.jpg,"(1862, 180, 2327, 645)"
train,normal,E:\Xray\Xray\pcb_xray_annotation_workspace\bridge_roi_dataset\train\normal\6_56cf9e7f4a_n01.jpg,E:\Xray\X光图片20260330\X光图片20260330\合格\1\表贴及连接器通孔\AP3\74\6.jpg,"(1288, 516, 1753, 981)"
train,normal,E:\Xray\Xray\pcb_xray_annotation_workspace\bridge_roi_dataset\train\normal\void_0054_60902b25f8_n00.jpg,E:\Xray\Xray\pcb_xray_annotation_workspace\images\void\void_0054.jpg,"(662, 237, 1127, 702)"
train,normal,E:\Xray\Xray\pcb_xray_annotation_workspace\bridge_roi_dataset\train\normal\void_0054_60902b25f8_n01.jpg,E:\Xray\Xray\pcb_xray_annotation_workspace\images\void\void_0054.jpg,"(1582, 827, 2047, 1292)"
train,normal,E:\Xray\Xray\pcb_xray_annotation_workspace\bridge_roi_dataset\train\normal\9_c5a9a1ca2a_n00.jpg,E:\Xray\X光图片20260330\X光图片20260330\合格\3\2\27\9.jpg,"(2107, 2, 2572, 467)"
train,normal,E:\Xray\Xray\pcb_xray_annotation_workspace\bridge_roi_dataset\train\normal\9_c5a9a1ca2a_n01.jpg,E:\Xray\X光图片20260330\X光图片20260330\合格\3\2\27\9.jpg,"(2693, 1111, 3158, 1576)"
train,normal,E:\Xray\Xray\pcb_xray_annotation_workspace\bridge_roi_dataset\train\normal\insufficient_through_solder_0030_5045a7092e_n00.jpg,E:\Xray\Xray\pcb_xray_annotation_workspace\images\insufficient_through_solder\insufficient_through_solder_0030.jpg,"(1892, 846, 2357, 1311)"
train,normal,E:\Xray\Xray\pcb_xray_annotation_workspace\bridge_roi_dataset\train\normal\insufficient_through_solder_0030_5045a7092e_n01.jpg,E:\Xray\Xray\pcb_xray_annotation_workspace\images\insufficient_through_solder\insufficient_through_solder_0030.jpg,"(222, 384, 687, 849)"
train,normal,E:\Xray\Xray\pcb_xray_annotation_workspace\bridge_roi_dataset\train\normal\6_d899d5ea67_n00.jpg,E:\Xray\X光图片20260330\X光图片20260330\合格\4\2\6.jpg,"(2123, 740, 2588, 1205)"
train,normal,E:\Xray\Xray\pcb_xray_annotation_workspace\bridge_roi_dataset\train\normal\6_d899d5ea67_n01.jpg,E:\Xray\X光图片20260330\X光图片20260330\合格\4\2\6.jpg,"(2550, 1549, 3015, 2014)"
train,normal,E:\Xray\Xray\pcb_xray_annotation_workspace\bridge_roi_dataset\train\normal\11_59c69de674_n00.jpg,E:\Xray\X光图片20260330\X光图片20260330\合格\2\5该文件夹里多为直插通孔类型\179\11.jpg,"(2041, 1280, 2506, 1745)"
train,normal,E:\Xray\Xray\pcb_xray_annotation_workspace\bridge_roi_dataset\train\normal\11_59c69de674_n01.jpg,E:\Xray\X光图片20260330\X光图片20260330\合格\2\5该文件夹里多为直插通孔类型\179\11.jpg,"(1810, 1556, 2275, 2021)"
train,normal,E:\Xray\Xray\pcb_xray_annotation_workspace\bridge_roi_dataset\train\normal\insufficient_through_solder_0004_416e5156cf_n00.jpg,E:\Xray\Xray\pcb_xray_annotation_workspace\images\insufficient_through_solder\insufficient_through_solder_0004.jpg,"(211, 416, 676, 881)"
train,normal,E:\Xray\Xray\pcb_xray_annotation_workspace\bridge_roi_dataset\train\normal\insufficient_through_solder_0004_416e5156cf_n01.jpg,E:\Xray\Xray\pcb_xray_annotation_workspace\images\insufficient_through_solder\insufficient_through_solder_0004.jpg,"(1093, 1124, 1558, 1589)"
train,normal,E:\Xray\Xray\pcb_xray_annotation_workspace\bridge_roi_dataset\train\normal\直插10_d5917fd9e6_n00.jpg,E:\Xray\X光图片20260330\X光图片20260330\合格\2\4图片以表贴类型为主\106\直插10.jpg,"(536, 589, 1001, 1054)"
train,normal,E:\Xray\Xray\pcb_xray_annotation_workspace\bridge_roi_dataset\train\normal\直插10_d5917fd9e6_n01.jpg,E:\Xray\X光图片20260330\X光图片20260330\合格\2\4图片以表贴类型为主\106\直插10.jpg,"(1794, 1430, 2259, 1895)"
train,normal,E:\Xray\Xray\pcb_xray_annotation_workspace\bridge_roi_dataset\train\normal\insufficient_through_solder_0040_523b918a57_n00.jpg,E:\Xray\Xray\pcb_xray_annotation_workspace\images\insufficient_through_solder\insufficient_through_solder_0040.jpg,"(992, 248, 1457, 713)"
train,normal,E:\Xray\Xray\pcb_xray_annotation_workspace\bridge_roi_dataset\train\normal\insufficient_through_solder_0040_523b918a57_n01.jpg,E:\Xray\Xray\pcb_xray_annotation_workspace\images\insufficient_through_solder\insufficient_through_solder_0040.jpg,"(59, 490, 524, 955)"
train,normal,E:\Xray\Xray\pcb_xray_annotation_workspace\bridge_roi_dataset\train\normal\void_0063_55721710d2_n00.jpg,E:\Xray\Xray\pcb_xray_annotation_workspace\images\void\void_0063.jpg,"(1453, 324, 1918, 789)"
train,normal,E:\Xray\Xray\pcb_xray_annotation_workspace\bridge_roi_dataset\train\normal\void_0063_55721710d2_n01.jpg,E:\Xray\Xray\pcb_xray_annotation_workspace\images\void\void_0063.jpg,"(636, 1128, 1101, 1593)"
train,normal,E:\Xray\Xray\pcb_xray_annotation_workspace\bridge_roi_dataset\train\normal\insufficient_through_solder_0028_e92394c885_n00.jpg,E:\Xray\Xray\pcb_xray_annotation_workspace\images\insufficient_through_solder\insufficient_through_solder_0028.jpg,"(56, 1131, 521, 1596)"
train,normal,E:\Xray\Xray\pcb_xray_annotation_workspace\bridge_roi_dataset\train\normal\insufficient_through_solder_0028_e92394c885_n01.jpg,E:\Xray\Xray\pcb_xray_annotation_workspace\images\insufficient_through_solder\insufficient_through_solder_0028.jpg,"(1671, 190, 2136, 655)"
train,normal,E:\Xray\Xray\pcb_xray_annotation_workspace\bridge_roi_dataset\train\normal\8_b2f3bbb055_n00.jpg,E:\Xray\X光图片20260330\X光图片20260330\合格\2\5该文件夹里多为直插通孔类型\177\8.jpg,"(920, 232, 1385, 697)"
train,normal,E:\Xray\Xray\pcb_xray_annotation_workspace\bridge_roi_dataset\train\normal\8_b2f3bbb055_n01.jpg,E:\Xray\X光图片20260330\X光图片20260330\合格\2\5该文件夹里多为直插通孔类型\177\8.jpg,"(1890, 240, 2355, 705)"
train,normal,E:\Xray\Xray\pcb_xray_annotation_workspace\bridge_roi_dataset\train\normal\3_7375adadd7_n00.jpg,E:\Xray\X光图片20260330\X光图片20260330\合格\2\1多为直插通孔\37\3.jpg,"(2653, 315, 3118, 780)"
train,normal,E:\Xray\Xray\pcb_xray_annotation_workspace\bridge_roi_dataset\train\normal\3_7375adadd7_n01.jpg,E:\Xray\X光图片20260330\X光图片20260330\合格\2\1多为直插通孔\37\3.jpg,"(2041, 1467, 2506, 1932)"
train,normal,E:\Xray\Xray\pcb_xray_annotation_workspace\bridge_roi_dataset\train\normal\10_b03399e81b_n00.jpg,E:\Xray\X光图片20260330\X光图片20260330\合格\2\5该文件夹里多为直插通孔类型\182\10.jpg,"(1195, 1042, 1660, 1507)"
train,normal,E:\Xray\Xray\pcb_xray_annotation_workspace\bridge_roi_dataset\train\normal\10_b03399e81b_n01.jpg,E:\Xray\X光图片20260330\X光图片20260330\合格\2\5该文件夹里多为直插通孔类型\182\10.jpg,"(1119, 850, 1584, 1315)"
train,normal,E:\Xray\Xray\pcb_xray_annotation_workspace\bridge_roi_dataset\train\normal\4_1ba261b889_n00.jpg,E:\Xray\X光图片20260330\X光图片20260330\合格\1\表贴及连接器通孔\AP3\74\4.jpg,"(1976, 967, 2441, 1432)"
train,normal,E:\Xray\Xray\pcb_xray_annotation_workspace\bridge_roi_dataset\train\normal\4_1ba261b889_n01.jpg,E:\Xray\X光图片20260330\X光图片20260330\合格\1\表贴及连接器通孔\AP3\74\4.jpg,"(998, 935, 1463, 1400)"
train,normal,E:\Xray\Xray\pcb_xray_annotation_workspace\bridge_roi_dataset\train\normal\2_765a030167_n00.jpg,E:\Xray\X光图片20260330\X光图片20260330\合格\1\通孔1\ap1\通孔\2.jpg,"(2257, 296, 2722, 761)"
train,normal,E:\Xray\Xray\pcb_xray_annotation_workspace\bridge_roi_dataset\train\normal\2_765a030167_n01.jpg,E:\Xray\X光图片20260330\X光图片20260330\合格\1\通孔1\ap1\通孔\2.jpg,"(1571, 390, 2036, 855)"
train,normal,E:\Xray\Xray\pcb_xray_annotation_workspace\bridge_roi_dataset\train\normal\5_4465bacaac_n00.jpg,E:\Xray\X光图片20260330\X光图片20260330\合格\4\3\5.jpg,"(2455, 1040, 2920, 1505)"
train,normal,E:\Xray\Xray\pcb_xray_annotation_workspace\bridge_roi_dataset\train\normal\5_4465bacaac_n01.jpg,E:\Xray\X光图片20260330\X光图片20260330\合格\4\3\5.jpg,"(559, 142, 1024, 607)"
train,normal,E:\Xray\Xray\pcb_xray_annotation_workspace\bridge_roi_dataset\train\normal\5_7827937155_n00.jpg,E:\Xray\X光图片20260330\X光图片20260330\合格\2\5该文件夹里多为直插通孔类型\193\5.jpg,"(1131, 1582, 1596, 2047)"
train,normal,E:\Xray\Xray\pcb_xray_annotation_workspace\bridge_roi_dataset\train\normal\5_7827937155_n01.jpg,E:\Xray\X光图片20260330\X光图片20260330\合格\2\5该文件夹里多为直插通孔类型\193\5.jpg,"(1699, 696, 2164, 1161)"
train,normal,E:\Xray\Xray\pcb_xray_annotation_workspace\bridge_roi_dataset\train\normal\void_0096_8f1dc51b2e_n00.jpg,E:\Xray\Xray\pcb_xray_annotation_workspace\images\void\void_0096.jpg,"(519, 68, 984, 533)"
train,normal,E:\Xray\Xray\pcb_xray_annotation_workspace\bridge_roi_dataset\train\normal\void_0096_8f1dc51b2e_n01.jpg,E:\Xray\Xray\pcb_xray_annotation_workspace\images\void\void_0096.jpg,"(2, 72, 467, 537)"
train,normal,E:\Xray\Xray\pcb_xray_annotation_workspace\bridge_roi_dataset\train\normal\通孔10_463d4926f4_n00.jpg,E:\Xray\X光图片20260330\X光图片20260330\合格\3\1\27\通孔10.jpg,"(1222, 1202, 1687, 1667)"
train,normal,E:\Xray\Xray\pcb_xray_annotation_workspace\bridge_roi_dataset\train\normal\通孔10_463d4926f4_n01.jpg,E:\Xray\X光图片20260330\X光图片20260330\合格\3\1\27\通孔10.jpg,"(2375, 1351, 2840, 1816)"
train,normal,E:\Xray\Xray\pcb_xray_annotation_workspace\bridge_roi_dataset\train\normal\5_0adbf0d620_n00.jpg,E:\Xray\X光图片20260330\X光图片20260330\合格\2\5该文件夹里多为直插通孔类型\186\5.jpg,"(2005, 304, 2470, 769)"
train,normal,E:\Xray\Xray\pcb_xray_annotation_workspace\bridge_roi_dataset\train\normal\5_0adbf0d620_n01.jpg,E:\Xray\X光图片20260330\X光图片20260330\合格\2\5该文件夹里多为直插通孔类型\186\5.jpg,"(1829, 1103, 2294, 1568)"
train,normal,E:\Xray\Xray\pcb_xray_annotation_workspace\bridge_roi_dataset\train\normal\4_5a21cf7916_n00.jpg,E:\Xray\X光图片20260330\X光图片20260330\合格\2\1多为直插通孔\41\4.jpg,"(1983, 706, 2448, 1171)"
train,normal,E:\Xray\Xray\pcb_xray_annotation_workspace\bridge_roi_dataset\train\normal\4_5a21cf7916_n01.jpg,E:\Xray\X光图片20260330\X光图片20260330\合格\2\1多为直插通孔\41\4.jpg,"(1361, 1130, 1826, 1595)"
train,normal,E:\Xray\Xray\pcb_xray_annotation_workspace\bridge_roi_dataset\train\normal\5_003bab632e_n00.jpg,E:\Xray\X光图片20260330\X光图片20260330\合格\2\5该文件夹里多为直插通孔类型\177\5.jpg,"(2225, 772, 2690, 1237)"
train,normal,E:\Xray\Xray\pcb_xray_annotation_workspace\bridge_roi_dataset\train\normal\5_003bab632e_n01.jpg,E:\Xray\X光图片20260330\X光图片20260330\合格\2\5该文件夹里多为直插通孔类型\177\5.jpg,"(1865, 659, 2330, 1124)"
train,normal,E:\Xray\Xray\pcb_xray_annotation_workspace\bridge_roi_dataset\train\normal\12_90b70c06c4_n00.jpg,E:\Xray\X光图片20260330\X光图片20260330\合格\2\5该文件夹里多为直插通孔类型\173\12.jpg,"(772, 1428, 1237, 1893)"
train,normal,E:\Xray\Xray\pcb_xray_annotation_workspace\bridge_roi_dataset\train\normal\12_90b70c06c4_n01.jpg,E:\Xray\X光图片20260330\X光图片20260330\合格\2\5该文件夹里多为直插通孔类型\173\12.jpg,"(978, 1171, 1443, 1636)"
train,normal,E:\Xray\Xray\pcb_xray_annotation_workspace\bridge_roi_dataset\train\normal\insufficient_through_solder_0068_1f0cf43e62_n00.jpg,E:\Xray\Xray\pcb_xray_annotation_workspace\images\insufficient_through_solder\insufficient_through_solder_0068.jpg,"(784, 478, 1249, 943)"
train,normal,E:\Xray\Xray\pcb_xray_annotation_workspace\bridge_roi_dataset\train\normal\insufficient_through_solder_0068_1f0cf43e62_n01.jpg,E:\Xray\Xray\pcb_xray_annotation_workspace\images\insufficient_through_solder\insufficient_through_solder_0068.jpg,"(1753, 841, 2218, 1306)"
train,normal,E:\Xray\Xray\pcb_xray_annotation_workspace\bridge_roi_dataset\train\normal\8_386b0f80c5_n00.jpg,E:\Xray\X光图片20260330\X光图片20260330\合格\4\2\8.jpg,"(178, 651, 643, 1116)"
train,normal,E:\Xray\Xray\pcb_xray_annotation_workspace\bridge_roi_dataset\train\normal\8_386b0f80c5_n01.jpg,E:\Xray\X光图片20260330\X光图片20260330\合格\4\2\8.jpg,"(1937, 1444, 2402, 1909)"
train,normal,E:\Xray\Xray\pcb_xray_annotation_workspace\bridge_roi_dataset\train\normal\11_e3e6e0147a_n00.jpg,E:\Xray\X光图片20260330\X光图片20260330\合格\1\表贴及连接器通孔1\AP6\74\11.jpg,"(1561, 790, 2026, 1255)"
train,normal,E:\Xray\Xray\pcb_xray_annotation_workspace\bridge_roi_dataset\train\normal\11_e3e6e0147a_n01.jpg,E:\Xray\X光图片20260330\X光图片20260330\合格\1\表贴及连接器通孔1\AP6\74\11.jpg,"(2718, 1622, 3183, 2087)"
train,normal,E:\Xray\Xray\pcb_xray_annotation_workspace\bridge_roi_dataset\train\normal\void_0089_bc68008b26_n00.jpg,E:\Xray\Xray\pcb_xray_annotation_workspace\images\void\void_0089.jpg,"(155, 126, 620, 591)"
train,normal,E:\Xray\Xray\pcb_xray_annotation_workspace\bridge_roi_dataset\train\normal\void_0089_bc68008b26_n01.jpg,E:\Xray\Xray\pcb_xray_annotation_workspace\images\void\void_0089.jpg,"(37, 32, 502, 497)"
train,normal,E:\Xray\Xray\pcb_xray_annotation_workspace\bridge_roi_dataset\train\normal\void_0100_fabff0956c_n00.jpg,E:\Xray\Xray\pcb_xray_annotation_workspace\images\void\void_0100.jpg,"(1028, 1208, 1493, 1673)"
train,normal,E:\Xray\Xray\pcb_xray_annotation_workspace\bridge_roi_dataset\train\normal\void_0100_fabff0956c_n01.jpg,E:\Xray\Xray\pcb_xray_annotation_workspace\images\void\void_0100.jpg,"(679, 205, 1144, 670)"
train,normal,E:\Xray\Xray\pcb_xray_annotation_workspace\bridge_roi_dataset\train\normal\void_0107_33b2f69f78_n00.jpg,E:\Xray\Xray\pcb_xray_annotation_workspace\images\void\void_0107.jpg,"(1790, 901, 2255, 1366)"
train,normal,E:\Xray\Xray\pcb_xray_annotation_workspace\bridge_roi_dataset\train\normal\void_0107_33b2f69f78_n01.jpg,E:\Xray\Xray\pcb_xray_annotation_workspace\images\void\void_0107.jpg,"(204, 1077, 669, 1542)"
train,normal,E:\Xray\Xray\pcb_xray_annotation_workspace\bridge_roi_dataset\train\normal\12_494afbedeb_n00.jpg,E:\Xray\X光图片20260330\X光图片20260330\合格\3\1\27\12.jpg,"(1871, 31, 2336, 496)"
train,normal,E:\Xray\Xray\pcb_xray_annotation_workspace\bridge_roi_dataset\train\normal\12_494afbedeb_n01.jpg,E:\Xray\X光图片20260330\X光图片20260330\合格\3\1\27\12.jpg,"(590, 839, 1055, 1304)"
train,normal,E:\Xray\Xray\pcb_xray_annotation_workspace\bridge_roi_dataset\train\normal\5_753592601a_n00.jpg,E:\Xray\X光图片20260330\X光图片20260330\合格\1\通孔1\ap2\通孔3\5.jpg,"(2681, 316, 3146, 781)"
train,normal,E:\Xray\Xray\pcb_xray_annotation_workspace\bridge_roi_dataset\train\normal\5_753592601a_n01.jpg,E:\Xray\X光图片20260330\X光图片20260330\合格\1\通孔1\ap2\通孔3\5.jpg,"(306, 961, 771, 1426)"
train,normal,E:\Xray\Xray\pcb_xray_annotation_workspace\bridge_roi_dataset\train\normal\4_2851cf180f_n00.jpg,E:\Xray\X光图片20260330\X光图片20260330\合格\1\表贴及连接器通孔\AP4\73\4.jpg,"(1085, 693, 1550, 1158)"
train,normal,E:\Xray\Xray\pcb_xray_annotation_workspace\bridge_roi_dataset\train\normal\4_2851cf180f_n01.jpg,E:\Xray\X光图片20260330\X光图片20260330\合格\1\表贴及连接器通孔\AP4\73\4.jpg,"(2552, 1418, 3017, 1883)"
train,normal,E:\Xray\Xray\pcb_xray_annotation_workspace\bridge_roi_dataset\train\normal\insufficient_through_solder_0001_932ea47475_n00.jpg,E:\Xray\Xray\pcb_xray_annotation_workspace\images\insufficient_through_solder\insufficient_through_solder_0001.jpg,"(1628, 1330, 2093, 1795)"
train,normal,E:\Xray\Xray\pcb_xray_annotation_workspace\bridge_roi_dataset\train\normal\insufficient_through_solder_0001_932ea47475_n01.jpg,E:\Xray\Xray\pcb_xray_annotation_workspace\images\insufficient_through_solder\insufficient_through_solder_0001.jpg,"(328, 672, 793, 1137)"
train,normal,E:\Xray\Xray\pcb_xray_annotation_workspace\bridge_roi_dataset\train\normal\insufficient_through_solder_0079_deba310385_n00.jpg,E:\Xray\Xray\pcb_xray_annotation_workspace\images\insufficient_through_solder\insufficient_through_solder_0079.jpg,"(1745, 1092, 2210, 1557)"
train,normal,E:\Xray\Xray\pcb_xray_annotation_workspace\bridge_roi_dataset\train\normal\insufficient_through_solder_0079_deba310385_n01.jpg,E:\Xray\Xray\pcb_xray_annotation_workspace\images\insufficient_through_solder\insufficient_through_solder_0079.jpg,"(778, 648, 1243, 1113)"
train,normal,E:\Xray\Xray\pcb_xray_annotation_workspace\bridge_roi_dataset\train\normal\insufficient_through_solder_0050_954629c883_n00.jpg,E:\Xray\Xray\pcb_xray_annotation_workspace\images\insufficient_through_solder\insufficient_through_solder_0050.jpg,"(1283, 999, 1748, 1464)"
train,normal,E:\Xray\Xray\pcb_xray_annotation_workspace\bridge_roi_dataset\train\normal\insufficient_through_solder_0050_954629c883_n01.jpg,E:\Xray\Xray\pcb_xray_annotation_workspace\images\insufficient_through_solder\insufficient_through_solder_0050.jpg,"(1786, 1108, 2251, 1573)"
train,normal,E:\Xray\Xray\pcb_xray_annotation_workspace\bridge_roi_dataset\train\normal\void_0106_9d5778b343_n00.jpg,E:\Xray\Xray\pcb_xray_annotation_workspace\images\void\void_0106.jpg,"(36, 17, 501, 482)"
train,normal,E:\Xray\Xray\pcb_xray_annotation_workspace\bridge_roi_dataset\train\normal\void_0106_9d5778b343_n01.jpg,E:\Xray\Xray\pcb_xray_annotation_workspace\images\void\void_0106.jpg,"(240, 73, 705, 538)"
train,normal,E:\Xray\Xray\pcb_xray_annotation_workspace\bridge_roi_dataset\train\normal\void_0004_84412fa13b_n00.jpg,E:\Xray\Xray\pcb_xray_annotation_workspace\images\void\void_0004.jpg,"(931, 1529, 1396, 1994)"
train,normal,E:\Xray\Xray\pcb_xray_annotation_workspace\bridge_roi_dataset\train\normal\void_0004_84412fa13b_n01.jpg,E:\Xray\Xray\pcb_xray_annotation_workspace\images\void\void_0004.jpg,"(370, 888, 835, 1353)"
train,normal,E:\Xray\Xray\pcb_xray_annotation_workspace\bridge_roi_dataset\train\normal\void_0099_405c2e1868_n00.jpg,E:\Xray\Xray\pcb_xray_annotation_workspace\images\void\void_0099.jpg,"(201, 1297, 666, 1762)"
train,normal,E:\Xray\Xray\pcb_xray_annotation_workspace\bridge_roi_dataset\train\normal\void_0099_405c2e1868_n01.jpg,E:\Xray\Xray\pcb_xray_annotation_workspace\images\void\void_0099.jpg,"(1441, 205, 1906, 670)"
train,normal,E:\Xray\Xray\pcb_xray_annotation_workspace\bridge_roi_dataset\train\normal\insufficient_through_solder_0077_fb4bc3658c_n00.jpg,E:\Xray\Xray\pcb_xray_annotation_workspace\images\insufficient_through_solder\insufficient_through_solder_0077.jpg,"(908, 340, 1373, 805)"
train,normal,E:\Xray\Xray\pcb_xray_annotation_workspace\bridge_roi_dataset\train\normal\insufficient_through_solder_0077_fb4bc3658c_n01.jpg,E:\Xray\Xray\pcb_xray_annotation_workspace\images\insufficient_through_solder\insufficient_through_solder_0077.jpg,"(1421, 613, 1886, 1078)"
train,normal,E:\Xray\Xray\pcb_xray_annotation_workspace\bridge_roi_dataset\train\normal\5_aa6cb7430c_n00.jpg,E:\Xray\X光图片20260330\X光图片20260330\合格\2\4图片以表贴类型为主\101\5.jpg,"(118, 94, 583, 559)"
train,normal,E:\Xray\Xray\pcb_xray_annotation_workspace\bridge_roi_dataset\train\normal\5_aa6cb7430c_n01.jpg,E:\Xray\X光图片20260330\X光图片20260330\合格\2\4图片以表贴类型为主\101\5.jpg,"(1328, 1630, 1793, 2095)"
train,normal,E:\Xray\Xray\pcb_xray_annotation_workspace\bridge_roi_dataset\train\normal\8_79c0968d6b_n00.jpg,E:\Xray\X光图片20260330\X光图片20260330\合格\2\5该文件夹里多为直插通孔类型\181\8.jpg,"(229, 600, 694, 1065)"
train,normal,E:\Xray\Xray\pcb_xray_annotation_workspace\bridge_roi_dataset\train\normal\8_79c0968d6b_n01.jpg,E:\Xray\X光图片20260330\X光图片20260330\合格\2\5该文件夹里多为直插通孔类型\181\8.jpg,"(1468, 767, 1933, 1232)"
train,normal,E:\Xray\Xray\pcb_xray_annotation_workspace\bridge_roi_dataset\train\normal\11_af20baf400_n00.jpg,E:\Xray\X光图片20260330\X光图片20260330\合格\2\5该文件夹里多为直插通孔类型\188\11.jpg,"(1764, 298, 2229, 763)"
train,normal,E:\Xray\Xray\pcb_xray_annotation_workspace\bridge_roi_dataset\train\normal\11_af20baf400_n01.jpg,E:\Xray\X光图片20260330\X光图片20260330\合格\2\5该文件夹里多为直插通孔类型\188\11.jpg,"(1000, 1087, 1465, 1552)"
train,normal,E:\Xray\Xray\pcb_xray_annotation_workspace\bridge_roi_dataset\train\normal\6_6db88f6c2b_n00.jpg,E:\Xray\X光图片20260330\X光图片20260330\合格\2\5该文件夹里多为直插通孔类型\194\6.jpg,"(1687, 1159, 2152, 1624)"
train,normal,E:\Xray\Xray\pcb_xray_annotation_workspace\bridge_roi_dataset\train\normal\6_6db88f6c2b_n01.jpg,E:\Xray\X光图片20260330\X光图片20260330\合格\2\5该文件夹里多为直插通孔类型\194\6.jpg,"(737, 348, 1202, 813)"
train,normal,E:\Xray\Xray\pcb_xray_annotation_workspace\bridge_roi_dataset\train\normal\insufficient_through_solder_0023_853007edb8_n00.jpg,E:\Xray\Xray\pcb_xray_annotation_workspace\images\insufficient_through_solder\insufficient_through_solder_0023.jpg,"(717, 161, 1182, 626)"
train,normal,E:\Xray\Xray\pcb_xray_annotation_workspace\bridge_roi_dataset\train\normal\insufficient_through_solder_0023_853007edb8_n01.jpg,E:\Xray\Xray\pcb_xray_annotation_workspace\images\insufficient_through_solder\insufficient_through_solder_0023.jpg,"(2496, 783, 2961, 1248)"
train,normal,E:\Xray\Xray\pcb_xray_annotation_workspace\bridge_roi_dataset\train\normal\11_a1be018b98_n00.jpg,E:\Xray\X光图片20260330\X光图片20260330\合格\1\表贴及连接器通孔\AP4\73\11.jpg,"(2538, 1399, 3003, 1864)"
train,normal,E:\Xray\Xray\pcb_xray_annotation_workspace\bridge_roi_dataset\train\normal\11_a1be018b98_n01.jpg,E:\Xray\X光图片20260330\X光图片20260330\合格\1\表贴及连接器通孔\AP4\73\11.jpg,"(986, 1019, 1451, 1484)"
train,normal,E:\Xray\Xray\pcb_xray_annotation_workspace\bridge_roi_dataset\train\normal\7_503cf8b165_n00.jpg,E:\Xray\X光图片20260330\X光图片20260330\合格\3\2\27\7.jpg,"(2388, 293, 2853, 758)"
train,normal,E:\Xray\Xray\pcb_xray_annotation_workspace\bridge_roi_dataset\train\normal\7_503cf8b165_n01.jpg,E:\Xray\X光图片20260330\X光图片20260330\合格\3\2\27\7.jpg,"(951, 944, 1416, 1409)"
train,normal,E:\Xray\Xray\pcb_xray_annotation_workspace\bridge_roi_dataset\train\normal\11_916ad72cb3_n00.jpg,E:\Xray\X光图片20260330\X光图片20260330\合格\1\表贴及连接器通孔\AP3\73\11.jpg,"(2612, 520, 3077, 985)"
train,normal,E:\Xray\Xray\pcb_xray_annotation_workspace\bridge_roi_dataset\train\normal\11_916ad72cb3_n01.jpg,E:\Xray\X光图片20260330\X光图片20260330\合格\1\表贴及连接器通孔\AP3\73\11.jpg,"(1882, 522, 2347, 987)"
train,normal,E:\Xray\Xray\pcb_xray_annotation_workspace\bridge_roi_dataset\train\normal\6_dc26e8e835_n00.jpg,E:\Xray\X光图片20260330\X光图片20260330\合格\2\5该文件夹里多为直插通孔类型\184\6.jpg,"(2731, 19, 3196, 484)"
train,normal,E:\Xray\Xray\pcb_xray_annotation_workspace\bridge_roi_dataset\train\normal\6_dc26e8e835_n01.jpg,E:\Xray\X光图片20260330\X光图片20260330\合格\2\5该文件夹里多为直插通孔类型\184\6.jpg,"(1905, 589, 2370, 1054)"
train,normal,E:\Xray\Xray\pcb_xray_annotation_workspace\bridge_roi_dataset\train\normal\2_6aafddfef7_n00.jpg,E:\Xray\X光图片20260330\X光图片20260330\合格\2\1多为直插通孔\41\2.jpg,"(2238, 323, 2703, 788)"
train,normal,E:\Xray\Xray\pcb_xray_annotation_workspace\bridge_roi_dataset\train\normal\2_6aafddfef7_n01.jpg,E:\Xray\X光图片20260330\X光图片20260330\合格\2\1多为直插通孔\41\2.jpg,"(302, 904, 767, 1369)"
train,normal,E:\Xray\Xray\pcb_xray_annotation_workspace\bridge_roi_dataset\train\normal\4_0af37eeb61_n00.jpg,E:\Xray\X光图片20260330\X光图片20260330\合格\2\5该文件夹里多为直插通孔类型\195\4.jpg,"(1415, 1203, 1880, 1668)"
train,normal,E:\Xray\Xray\pcb_xray_annotation_workspace\bridge_roi_dataset\train\normal\4_0af37eeb61_n01.jpg,E:\Xray\X光图片20260330\X光图片20260330\合格\2\5该文件夹里多为直插通孔类型\195\4.jpg,"(1225, 1308, 1690, 1773)"
train,normal,E:\Xray\Xray\pcb_xray_annotation_workspace\bridge_roi_dataset\train\normal\6_7426eeef4d_n00.jpg,E:\Xray\X光图片20260330\X光图片20260330\合格\2\5该文件夹里多为直插通孔类型\186\6.jpg,"(1737, 1413, 2202, 1878)"
train,normal,E:\Xray\Xray\pcb_xray_annotation_workspace\bridge_roi_dataset\train\normal\6_7426eeef4d_n01.jpg,E:\Xray\X光图片20260330\X光图片20260330\合格\2\5该文件夹里多为直插通孔类型\186\6.jpg,"(1024, 935, 1489, 1400)"
train,normal,E:\Xray\Xray\pcb_xray_annotation_workspace\bridge_roi_dataset\train\normal\11_f26890a717_n00.jpg,E:\Xray\X光图片20260330\X光图片20260330\合格\2\5该文件夹里多为直插通孔类型\184\11.jpg,"(1237, 407, 1702, 872)"
train,normal,E:\Xray\Xray\pcb_xray_annotation_workspace\bridge_roi_dataset\train\normal\11_f26890a717_n01.jpg,E:\Xray\X光图片20260330\X光图片20260330\合格\2\5该文件夹里多为直插通孔类型\184\11.jpg,"(1575, 989, 2040, 1454)"
train,normal,E:\Xray\Xray\pcb_xray_annotation_workspace\bridge_roi_dataset\train\normal\9_58384483bc_n00.jpg,E:\Xray\X光图片20260330\X光图片20260330\合格\1\表贴及连接器通孔\AP4\73\9.jpg,"(436, 485, 901, 950)"
train,normal,E:\Xray\Xray\pcb_xray_annotation_workspace\bridge_roi_dataset\train\normal\9_58384483bc_n01.jpg,E:\Xray\X光图片20260330\X光图片20260330\合格\1\表贴及连接器通孔\AP4\73\9.jpg,"(1562, 1171, 2027, 1636)"
train,normal,E:\Xray\Xray\pcb_xray_annotation_workspace\bridge_roi_dataset\train\normal\3_3f3e4ec221_n00.jpg,E:\Xray\X光图片20260330\X光图片20260330\合格\2\5该文件夹里多为直插通孔类型\181\3.jpg,"(1470, 1177, 1935, 1642)"
train,normal,E:\Xray\Xray\pcb_xray_annotation_workspace\bridge_roi_dataset\train\normal\3_3f3e4ec221_n01.jpg,E:\Xray\X光图片20260330\X光图片20260330\合格\2\5该文件夹里多为直插通孔类型\181\3.jpg,"(1211, 1432, 1676, 1897)"
train,normal,E:\Xray\Xray\pcb_xray_annotation_workspace\bridge_roi_dataset\train\normal\9_02237e63d0_n00.jpg,E:\Xray\X光图片20260330\X光图片20260330\合格\2\5该文件夹里多为直插通孔类型\181\9.jpg,"(1209, 44, 1674, 509)"
train,normal,E:\Xray\Xray\pcb_xray_annotation_workspace\bridge_roi_dataset\train\normal\9_02237e63d0_n01.jpg,E:\Xray\X光图片20260330\X光图片20260330\合格\2\5该文件夹里多为直插通孔类型\181\9.jpg,"(2696, 810, 3161, 1275)"
train,normal,E:\Xray\Xray\pcb_xray_annotation_workspace\bridge_roi_dataset\train\normal\1_53aec416c1_n00.jpg,E:\Xray\X光图片20260330\X光图片20260330\合格\1\通孔1\ap1\通孔\1.jpg,"(1124, 16, 1589, 481)"
train,normal,E:\Xray\Xray\pcb_xray_annotation_workspace\bridge_roi_dataset\train\normal\1_53aec416c1_n01.jpg,E:\Xray\X光图片20260330\X光图片20260330\合格\1\通孔1\ap1\通孔\1.jpg,"(2318, 1404, 2783, 1869)"
train,normal,E:\Xray\Xray\pcb_xray_annotation_workspace\bridge_roi_dataset\train\normal\5_a9b6e7806d_n00.jpg,E:\Xray\X光图片20260330\X光图片20260330\合格\2\5该文件夹里多为直插通孔类型\182\5.jpg,"(200, 1241, 665, 1706)"
train,normal,E:\Xray\Xray\pcb_xray_annotation_workspace\bridge_roi_dataset\train\normal\5_a9b6e7806d_n01.jpg,E:\Xray\X光图片20260330\X光图片20260330\合格\2\5该文件夹里多为直插通孔类型\182\5.jpg,"(2034, 586, 2499, 1051)"
train,normal,E:\Xray\Xray\pcb_xray_annotation_workspace\bridge_roi_dataset\train\normal\8_fa65d807e0_n00.jpg,E:\Xray\X光图片20260330\X光图片20260330\合格\2\4图片以表贴类型为主\106\8.jpg,"(942, 1243, 1407, 1708)"
train,normal,E:\Xray\Xray\pcb_xray_annotation_workspace\bridge_roi_dataset\train\normal\8_fa65d807e0_n01.jpg,E:\Xray\X光图片20260330\X光图片20260330\合格\2\4图片以表贴类型为主\106\8.jpg,"(1443, 448, 1908, 913)"
train,normal,E:\Xray\Xray\pcb_xray_annotation_workspace\bridge_roi_dataset\train\normal\7_e7c75dd1e3_n00.jpg,E:\Xray\X光图片20260330\X光图片20260330\合格\4\2\7.jpg,"(2607, 389, 3072, 854)"
train,normal,E:\Xray\Xray\pcb_xray_annotation_workspace\bridge_roi_dataset\train\normal\7_e7c75dd1e3_n01.jpg,E:\Xray\X光图片20260330\X光图片20260330\合格\4\2\7.jpg,"(2543, 513, 3008, 978)"
train,normal,E:\Xray\Xray\pcb_xray_annotation_workspace\bridge_roi_dataset\train\normal\13_a09ddbc276_n00.jpg,E:\Xray\X光图片20260330\X光图片20260330\合格\2\5该文件夹里多为直插通孔类型\191\13.jpg,"(2700, 1394, 3165, 1859)"
train,normal,E:\Xray\Xray\pcb_xray_annotation_workspace\bridge_roi_dataset\train\normal\13_a09ddbc276_n01.jpg,E:\Xray\X光图片20260330\X光图片20260330\合格\2\5该文件夹里多为直插通孔类型\191\13.jpg,"(560, 1286, 1025, 1751)"
train,normal,E:\Xray\Xray\pcb_xray_annotation_workspace\bridge_roi_dataset\train\normal\insufficient_through_solder_0072_b9ef356035_n00.jpg,E:\Xray\Xray\pcb_xray_annotation_workspace\images\insufficient_through_solder\insufficient_through_solder_0072.jpg,"(198, 80, 663, 545)"
train,normal,E:\Xray\Xray\pcb_xray_annotation_workspace\bridge_roi_dataset\train\normal\insufficient_through_solder_0072_b9ef356035_n01.jpg,E:\Xray\Xray\pcb_xray_annotation_workspace\images\insufficient_through_solder\insufficient_through_solder_0072.jpg,"(632, 902, 1097, 1367)"
train,normal,E:\Xray\Xray\pcb_xray_annotation_workspace\bridge_roi_dataset\train\normal\insufficient_through_solder_0106_0e3bf0704e_n00.jpg,E:\Xray\Xray\pcb_xray_annotation_workspace\images\insufficient_through_solder\insufficient_through_solder_0106.jpg,"(34, 148, 499, 613)"
train,normal,E:\Xray\Xray\pcb_xray_annotation_workspace\bridge_roi_dataset\train\normal\insufficient_through_solder_0106_0e3bf0704e_n01.jpg,E:\Xray\Xray\pcb_xray_annotation_workspace\images\insufficient_through_solder\insufficient_through_solder_0106.jpg,"(373, 33, 838, 498)"
train,normal,E:\Xray\Xray\pcb_xray_annotation_workspace\bridge_roi_dataset\train\normal\12_d374157f96_n00.jpg,E:\Xray\X光图片20260330\X光图片20260330\合格\1\表贴及连接器通孔1\AP6\74\12.jpg,"(369, 604, 834, 1069)"
train,normal,E:\Xray\Xray\pcb_xray_annotation_workspace\bridge_roi_dataset\train\normal\12_d374157f96_n01.jpg,E:\Xray\X光图片20260330\X光图片20260330\合格\1\表贴及连接器通孔1\AP6\74\12.jpg,"(1338, 1530, 1803, 1995)"
train,normal,E:\Xray\Xray\pcb_xray_annotation_workspace\bridge_roi_dataset\train\normal\4_cc0364846d_n00.jpg,E:\Xray\X光图片20260330\X光图片20260330\合格\1\通孔1\ap2\通孔2\4.jpg,"(1701, 359, 2166, 824)"
train,normal,E:\Xray\Xray\pcb_xray_annotation_workspace\bridge_roi_dataset\train\normal\4_cc0364846d_n01.jpg,E:\Xray\X光图片20260330\X光图片20260330\合格\1\通孔1\ap2\通孔2\4.jpg,"(822, 270, 1287, 735)"
train,normal,E:\Xray\Xray\pcb_xray_annotation_workspace\bridge_roi_dataset\train\normal\8_39cd4d0230_n00.jpg,E:\Xray\X光图片20260330\X光图片20260330\合格\4\6\8.jpg,"(2209, 749, 2674, 1214)"
train,normal,E:\Xray\Xray\pcb_xray_annotation_workspace\bridge_roi_dataset\train\normal\8_39cd4d0230_n01.jpg,E:\Xray\X光图片20260330\X光图片20260330\合格\4\6\8.jpg,"(2174, 1027, 2639, 1492)"
train,normal,E:\Xray\Xray\pcb_xray_annotation_workspace\bridge_roi_dataset\train\normal\void_0038_456a82cffd_n00.jpg,E:\Xray\Xray\pcb_xray_annotation_workspace\images\void\void_0038.jpg,"(1870, 558, 2335, 1023)"
train,normal,E:\Xray\Xray\pcb_xray_annotation_workspace\bridge_roi_dataset\train\normal\void_0038_456a82cffd_n01.jpg,E:\Xray\Xray\pcb_xray_annotation_workspace\images\void\void_0038.jpg,"(1700, 336, 2165, 801)"
train,normal,E:\Xray\Xray\pcb_xray_annotation_workspace\bridge_roi_dataset\train\normal\2_78530c3d0e_n00.jpg,E:\Xray\X光图片20260330\X光图片20260330\合格\2\5该文件夹里多为直插通孔类型\178\2.jpg,"(1052, 986, 1517, 1451)"
train,normal,E:\Xray\Xray\pcb_xray_annotation_workspace\bridge_roi_dataset\train\normal\2_78530c3d0e_n01.jpg,E:\Xray\X光图片20260330\X光图片20260330\合格\2\5该文件夹里多为直插通孔类型\178\2.jpg,"(1208, 1528, 1673, 1993)"
train,normal,E:\Xray\Xray\pcb_xray_annotation_workspace\bridge_roi_dataset\train\normal\insufficient_through_solder_0069_3242551177_n00.jpg,E:\Xray\Xray\pcb_xray_annotation_workspace\images\insufficient_through_solder\insufficient_through_solder_0069.jpg,"(1782, 693, 2247, 1158)"
train,normal,E:\Xray\Xray\pcb_xray_annotation_workspace\bridge_roi_dataset\train\normal\insufficient_through_solder_0069_3242551177_n01.jpg,E:\Xray\Xray\pcb_xray_annotation_workspace\images\insufficient_through_solder\insufficient_through_solder_0069.jpg,"(1647, 235, 2112, 700)"
train,normal,E:\Xray\Xray\pcb_xray_annotation_workspace\bridge_roi_dataset\train\normal\void_0003_ee1116b840_n00.jpg,E:\Xray\Xray\pcb_xray_annotation_workspace\images\void\void_0003.jpg,"(1918, 154, 2383, 619)"
train,normal,E:\Xray\Xray\pcb_xray_annotation_workspace\bridge_roi_dataset\train\normal\void_0003_ee1116b840_n01.jpg,E:\Xray\Xray\pcb_xray_annotation_workspace\images\void\void_0003.jpg,"(576, 1544, 1041, 2009)"
train,normal,E:\Xray\Xray\pcb_xray_annotation_workspace\bridge_roi_dataset\train\normal\void_0070_955a58a02d_n00.jpg,E:\Xray\Xray\pcb_xray_annotation_workspace\images\void\void_0070.jpg,"(462, 813, 927, 1278)"
train,normal,E:\Xray\Xray\pcb_xray_annotation_workspace\bridge_roi_dataset\train\normal\void_0070_955a58a02d_n01.jpg,E:\Xray\Xray\pcb_xray_annotation_workspace\images\void\void_0070.jpg,"(1732, 1141, 2197, 1606)"
train,normal,E:\Xray\Xray\pcb_xray_annotation_workspace\bridge_roi_dataset\train\normal\void_0036_5d6c58a307_n00.jpg,E:\Xray\Xray\pcb_xray_annotation_workspace\images\void\void_0036.jpg,"(1498, 184, 1963, 649)"
train,normal,E:\Xray\Xray\pcb_xray_annotation_workspace\bridge_roi_dataset\train\normal\void_0036_5d6c58a307_n01.jpg,E:\Xray\Xray\pcb_xray_annotation_workspace\images\void\void_0036.jpg,"(1616, 28, 2081, 493)"
train,normal,E:\Xray\Xray\pcb_xray_annotation_workspace\bridge_roi_dataset\train\normal\12_c693449823_n00.jpg,E:\Xray\X光图片20260330\X光图片20260330\合格\2\5该文件夹里多为直插通孔类型\192\12.jpg,"(1083, 1098, 1548, 1563)"
train,normal,E:\Xray\Xray\pcb_xray_annotation_workspace\bridge_roi_dataset\train\normal\12_c693449823_n01.jpg,E:\Xray\X光图片20260330\X光图片20260330\合格\2\5该文件夹里多为直插通孔类型\192\12.jpg,"(506, 931, 971, 1396)"
train,normal,E:\Xray\Xray\pcb_xray_annotation_workspace\bridge_roi_dataset\train\normal\3_f51d591d2e_n00.jpg,E:\Xray\X光图片20260330\X光图片20260330\合格\2\4图片以表贴类型为主\104\3.jpg,"(1509, 1377, 1974, 1842)"
train,normal,E:\Xray\Xray\pcb_xray_annotation_workspace\bridge_roi_dataset\train\normal\3_f51d591d2e_n01.jpg,E:\Xray\X光图片20260330\X光图片20260330\合格\2\4图片以表贴类型为主\104\3.jpg,"(1073, 1197, 1538, 1662)"
train,normal,E:\Xray\Xray\pcb_xray_annotation_workspace\bridge_roi_dataset\train\normal\6_83021f1ee6_n00.jpg,E:\Xray\X光图片20260330\X光图片20260330\合格\2\5该文件夹里多为直插通孔类型\178\6.jpg,"(1560, 1307, 2025, 1772)"
train,normal,E:\Xray\Xray\pcb_xray_annotation_workspace\bridge_roi_dataset\train\normal\6_83021f1ee6_n01.jpg,E:\Xray\X光图片20260330\X光图片20260330\合格\2\5该文件夹里多为直插通孔类型\178\6.jpg,"(1521, 221, 1986, 686)"
train,normal,E:\Xray\Xray\pcb_xray_annotation_workspace\bridge_roi_dataset\train\normal\void_0069_4b9ec41920_n00.jpg,E:\Xray\Xray\pcb_xray_annotation_workspace\images\void\void_0069.jpg,"(1382, 478, 1847, 943)"
train,normal,E:\Xray\Xray\pcb_xray_annotation_workspace\bridge_roi_dataset\train\normal\void_0069_4b9ec41920_n01.jpg,E:\Xray\Xray\pcb_xray_annotation_workspace\images\void\void_0069.jpg,"(965, 51, 1430, 516)"
train,normal,E:\Xray\Xray\pcb_xray_annotation_workspace\bridge_roi_dataset\train\normal\9_12c8b158eb_n00.jpg,E:\Xray\X光图片20260330\X光图片20260330\合格\2\5该文件夹里多为直插通孔类型\176\9.jpg,"(2537, 1149, 3002, 1614)"
train,normal,E:\Xray\Xray\pcb_xray_annotation_workspace\bridge_roi_dataset\train\normal\9_12c8b158eb_n01.jpg,E:\Xray\X光图片20260330\X光图片20260330\合格\2\5该文件夹里多为直插通孔类型\176\9.jpg,"(1343, 1249, 1808, 1714)"
train,normal,E:\Xray\Xray\pcb_xray_annotation_workspace\bridge_roi_dataset\train\normal\6_afa762991c_n00.jpg,E:\Xray\X光图片20260330\X光图片20260330\合格\2\5该文件夹里多为直插通孔类型\191\6.jpg,"(906, 1326, 1371, 1791)"
train,normal,E:\Xray\Xray\pcb_xray_annotation_workspace\bridge_roi_dataset\train\normal\6_afa762991c_n01.jpg,E:\Xray\X光图片20260330\X光图片20260330\合格\2\5该文件夹里多为直插通孔类型\191\6.jpg,"(258, 1301, 723, 1766)"
train,normal,E:\Xray\Xray\pcb_xray_annotation_workspace\bridge_roi_dataset\train\normal\2_2c76c5fb09_n00.jpg,E:\Xray\X光图片20260330\X光图片20260330\合格\2\5该文件夹里多为直插通孔类型\182\2.jpg,"(1901, 1435, 2366, 1900)"
train,normal,E:\Xray\Xray\pcb_xray_annotation_workspace\bridge_roi_dataset\train\normal\2_2c76c5fb09_n01.jpg,E:\Xray\X光图片20260330\X光图片20260330\合格\2\5该文件夹里多为直插通孔类型\182\2.jpg,"(1237, 1329, 1702, 1794)"
train,normal,E:\Xray\Xray\pcb_xray_annotation_workspace\bridge_roi_dataset\train\normal\3_12a0063974_n00.jpg,E:\Xray\X光图片20260330\X光图片20260330\合格\2\5该文件夹里多为直插通孔类型\193\3.jpg,"(1672, 238, 2137, 703)"
train,normal,E:\Xray\Xray\pcb_xray_annotation_workspace\bridge_roi_dataset\train\normal\3_12a0063974_n01.jpg,E:\Xray\X光图片20260330\X光图片20260330\合格\2\5该文件夹里多为直插通孔类型\193\3.jpg,"(572, 92, 1037, 557)"
train,normal,E:\Xray\Xray\pcb_xray_annotation_workspace\bridge_roi_dataset\train\normal\insufficient_through_solder_0086_b300b8aeff_n00.jpg,E:\Xray\Xray\pcb_xray_annotation_workspace\images\insufficient_through_solder\insufficient_through_solder_0086.jpg,"(76, 623, 541, 1088)"
train,normal,E:\Xray\Xray\pcb_xray_annotation_workspace\bridge_roi_dataset\train\normal\insufficient_through_solder_0086_b300b8aeff_n01.jpg,E:\Xray\Xray\pcb_xray_annotation_workspace\images\insufficient_through_solder\insufficient_through_solder_0086.jpg,"(1008, 237, 1473, 702)"
train,normal,E:\Xray\Xray\pcb_xray_annotation_workspace\bridge_roi_dataset\train\normal\1_6cc91f5450_n00.jpg,E:\Xray\X光图片20260330\X光图片20260330\合格\1\通孔1\ap2\通孔3\1.jpg,"(398, 480, 863, 945)"
train,normal,E:\Xray\Xray\pcb_xray_annotation_workspace\bridge_roi_dataset\train\normal\1_6cc91f5450_n01.jpg,E:\Xray\X光图片20260330\X光图片20260330\合格\1\通孔1\ap2\通孔3\1.jpg,"(2201, 277, 2666, 742)"
train,normal,E:\Xray\Xray\pcb_xray_annotation_workspace\bridge_roi_dataset\train\normal\表贴1_65be454881_n00.jpg,E:\Xray\X光图片20260330\X光图片20260330\合格\2\4图片以表贴类型为主\106\表贴1.jpg,"(1591, 929, 2056, 1394)"
train,normal,E:\Xray\Xray\pcb_xray_annotation_workspace\bridge_roi_dataset\train\normal\表贴1_65be454881_n01.jpg,E:\Xray\X光图片20260330\X光图片20260330\合格\2\4图片以表贴类型为主\106\表贴1.jpg,"(1519, 1373, 1984, 1838)"
train,normal,E:\Xray\Xray\pcb_xray_annotation_workspace\bridge_roi_dataset\train\normal\直插通孔1_e73d81db66_n00.jpg,E:\Xray\X光图片20260330\X光图片20260330\合格\2\5该文件夹里多为直插通孔类型\171\直插通孔1.jpg,"(2212, 858, 2677, 1323)"
train,normal,E:\Xray\Xray\pcb_xray_annotation_workspace\bridge_roi_dataset\train\normal\直插通孔1_e73d81db66_n01.jpg,E:\Xray\X光图片20260330\X光图片20260330\合格\2\5该文件夹里多为直插通孔类型\171\直插通孔1.jpg,"(2405, 1520, 2870, 1985)"
train,normal,E:\Xray\Xray\pcb_xray_annotation_workspace\bridge_roi_dataset\train\normal\2_e6bfa8668b_n00.jpg,E:\Xray\X光图片20260330\X光图片20260330\合格\2\5该文件夹里多为直插通孔类型\180\2.jpg,"(632, 849, 1097, 1314)"
train,normal,E:\Xray\Xray\pcb_xray_annotation_workspace\bridge_roi_dataset\train\normal\2_e6bfa8668b_n01.jpg,E:\Xray\X光图片20260330\X光图片20260330\合格\2\5该文件夹里多为直插通孔类型\180\2.jpg,"(2682, 202, 3147, 667)"
train,normal,E:\Xray\Xray\pcb_xray_annotation_workspace\bridge_roi_dataset\train\normal\3_1ba828a54b_n00.jpg,E:\Xray\X光图片20260330\X光图片20260330\合格\2\4图片以表贴类型为主\106\3.jpg,"(2004, 1260, 2469, 1725)"
train,normal,E:\Xray\Xray\pcb_xray_annotation_workspace\bridge_roi_dataset\train\normal\3_1ba828a54b_n01.jpg,E:\Xray\X光图片20260330\X光图片20260330\合格\2\4图片以表贴类型为主\106\3.jpg,"(1671, 572, 2136, 1037)"
train,normal,E:\Xray\Xray\pcb_xray_annotation_workspace\bridge_roi_dataset\train\normal\2_a26eb04fff_n00.jpg,E:\Xray\X光图片20260330\X光图片20260330\合格\2\5该文件夹里多为直插通孔类型\191\2.jpg,"(134, 1413, 599, 1878)"
train,normal,E:\Xray\Xray\pcb_xray_annotation_workspace\bridge_roi_dataset\train\normal\2_a26eb04fff_n01.jpg,E:\Xray\X光图片20260330\X光图片20260330\合格\2\5该文件夹里多为直插通孔类型\191\2.jpg,"(1517, 444, 1982, 909)"
train,normal,E:\Xray\Xray\pcb_xray_annotation_workspace\bridge_roi_dataset\train\normal\7_5a313a2f4f_n00.jpg,E:\Xray\X光图片20260330\X光图片20260330\合格\2\5该文件夹里多为直插通孔类型\171\7.jpg,"(1816, 910, 2281, 1375)"
train,normal,E:\Xray\Xray\pcb_xray_annotation_workspace\bridge_roi_dataset\train\normal\7_5a313a2f4f_n01.jpg,E:\Xray\X光图片20260330\X光图片20260330\合格\2\5该文件夹里多为直插通孔类型\171\7.jpg,"(967, 742, 1432, 1207)"
train,normal,E:\Xray\Xray\pcb_xray_annotation_workspace\bridge_roi_dataset\train\normal\12_119c973aa8_n00.jpg,E:\Xray\X光图片20260330\X光图片20260330\合格\2\5该文件夹里多为直插通孔类型\178\12.jpg,"(406, 1404, 871, 1869)"
train,normal,E:\Xray\Xray\pcb_xray_annotation_workspace\bridge_roi_dataset\train\normal\12_119c973aa8_n01.jpg,E:\Xray\X光图片20260330\X光图片20260330\合格\2\5该文件夹里多为直插通孔类型\178\12.jpg,"(1504, 1115, 1969, 1580)"
train,normal,E:\Xray\Xray\pcb_xray_annotation_workspace\bridge_roi_dataset\train\normal\insufficient_through_solder_0019_4409b8d1d8_n00.jpg,E:\Xray\Xray\pcb_xray_annotation_workspace\images\insufficient_through_solder\insufficient_through_solder_0019.jpg,"(2641, 734, 3106, 1199)"
train,normal,E:\Xray\Xray\pcb_xray_annotation_workspace\bridge_roi_dataset\train\normal\insufficient_through_solder_0019_4409b8d1d8_n01.jpg,E:\Xray\Xray\pcb_xray_annotation_workspace\images\insufficient_through_solder\insufficient_through_solder_0019.jpg,"(248, 815, 713, 1280)"
train,normal,E:\Xray\Xray\pcb_xray_annotation_workspace\bridge_roi_dataset\train\normal\7_14db1fdb67_n00.jpg,E:\Xray\X光图片20260330\X光图片20260330\合格\2\5该文件夹里多为直插通孔类型\181\7.jpg,"(1130, 388, 1595, 853)"
train,normal,E:\Xray\Xray\pcb_xray_annotation_workspace\bridge_roi_dataset\train\normal\7_14db1fdb67_n01.jpg,E:\Xray\X光图片20260330\X光图片20260330\合格\2\5该文件夹里多为直插通孔类型\181\7.jpg,"(500, 931, 965, 1396)"
train,normal,E:\Xray\Xray\pcb_xray_annotation_workspace\bridge_roi_dataset\train\normal\insufficient_through_solder_0108_55186283b6_n00.jpg,E:\Xray\Xray\pcb_xray_annotation_workspace\images\insufficient_through_solder\insufficient_through_solder_0108.jpg,"(93, 54, 558, 519)"
train,normal,E:\Xray\Xray\pcb_xray_annotation_workspace\bridge_roi_dataset\train\normal\insufficient_through_solder_0108_55186283b6_n01.jpg,E:\Xray\Xray\pcb_xray_annotation_workspace\images\insufficient_through_solder\insufficient_through_solder_0108.jpg,"(21, 12, 486, 477)"
train,normal,E:\Xray\Xray\pcb_xray_annotation_workspace\bridge_roi_dataset\train\normal\11_4d804bf373_n00.jpg,E:\Xray\X光图片20260330\X光图片20260330\合格\2\5该文件夹里多为直插通孔类型\191\11.jpg,"(1366, 498, 1831, 963)"
train,normal,E:\Xray\Xray\pcb_xray_annotation_workspace\bridge_roi_dataset\train\normal\11_4d804bf373_n01.jpg,E:\Xray\X光图片20260330\X光图片20260330\合格\2\5该文件夹里多为直插通孔类型\191\11.jpg,"(515, 1611, 980, 2076)"
train,normal,E:\Xray\Xray\pcb_xray_annotation_workspace\bridge_roi_dataset\train\normal\3_cd8ba5f012_n00.jpg,E:\Xray\X光图片20260330\X光图片20260330\合格\3\2\27\3.jpg,"(2312, 420, 2777, 885)"
train,normal,E:\Xray\Xray\pcb_xray_annotation_workspace\bridge_roi_dataset\train\normal\3_cd8ba5f012_n01.jpg,E:\Xray\X光图片20260330\X光图片20260330\合格\3\2\27\3.jpg,"(281, 1567, 746, 2032)"
train,normal,E:\Xray\Xray\pcb_xray_annotation_workspace\bridge_roi_dataset\train\normal\void_0051_1f0ce63f50_n00.jpg,E:\Xray\Xray\pcb_xray_annotation_workspace\images\void\void_0051.jpg,"(1135, 424, 1600, 889)"
train,normal,E:\Xray\Xray\pcb_xray_annotation_workspace\bridge_roi_dataset\train\normal\void_0051_1f0ce63f50_n01.jpg,E:\Xray\Xray\pcb_xray_annotation_workspace\images\void\void_0051.jpg,"(1200, 442, 1665, 907)"
train,normal,E:\Xray\Xray\pcb_xray_annotation_workspace\bridge_roi_dataset\train\normal\insufficient_through_solder_0087_74a7400873_n00.jpg,E:\Xray\Xray\pcb_xray_annotation_workspace\images\insufficient_through_solder\insufficient_through_solder_0087.jpg,"(238, 84, 703, 549)"
train,normal,E:\Xray\Xray\pcb_xray_annotation_workspace\bridge_roi_dataset\train\normal\insufficient_through_solder_0087_74a7400873_n01.jpg,E:\Xray\Xray\pcb_xray_annotation_workspace\images\insufficient_through_solder\insufficient_through_solder_0087.jpg,"(151, 152, 616, 617)"
train,normal,E:\Xray\Xray\pcb_xray_annotation_workspace\bridge_roi_dataset\train\normal\6_bff5bbf984_n00.jpg,E:\Xray\X光图片20260330\X光图片20260330\合格\1\表贴及连接器通孔1\AP6\74\6.jpg,"(11, 567, 476, 1032)"
train,normal,E:\Xray\Xray\pcb_xray_annotation_workspace\bridge_roi_dataset\train\normal\6_bff5bbf984_n01.jpg,E:\Xray\X光图片20260330\X光图片20260330\合格\1\表贴及连接器通孔1\AP6\74\6.jpg,"(592, 266, 1057, 731)"
train,normal,E:\Xray\Xray\pcb_xray_annotation_workspace\bridge_roi_dataset\train\normal\1_f7e44bf6e4_n00.jpg,E:\Xray\X光图片20260330\X光图片20260330\合格\1\表贴及连接器通孔1\AP7\74\1.jpg,"(2212, 513, 2677, 978)"
train,normal,E:\Xray\Xray\pcb_xray_annotation_workspace\bridge_roi_dataset\train\normal\1_f7e44bf6e4_n01.jpg,E:\Xray\X光图片20260330\X光图片20260330\合格\1\表贴及连接器通孔1\AP7\74\1.jpg,"(714, 225, 1179, 690)"
train,normal,E:\Xray\Xray\pcb_xray_annotation_workspace\bridge_roi_dataset\train\normal\2_84eb3560e3_n00.jpg,E:\Xray\X光图片20260330\X光图片20260330\合格\2\5该文件夹里多为直插通孔类型\174\2.jpg,"(2707, 52, 3172, 517)"
train,normal,E:\Xray\Xray\pcb_xray_annotation_workspace\bridge_roi_dataset\train\normal\2_84eb3560e3_n01.jpg,E:\Xray\X光图片20260330\X光图片20260330\合格\2\5该文件夹里多为直插通孔类型\174\2.jpg,"(539, 30, 1004, 495)"
train,normal,E:\Xray\Xray\pcb_xray_annotation_workspace\bridge_roi_dataset\train\normal\9_6cf7b365a0_n00.jpg,E:\Xray\X光图片20260330\X光图片20260330\合格\2\5该文件夹里多为直插通孔类型\173\9.jpg,"(1467, 1617, 1932, 2082)"
train,normal,E:\Xray\Xray\pcb_xray_annotation_workspace\bridge_roi_dataset\train\normal\9_6cf7b365a0_n01.jpg,E:\Xray\X光图片20260330\X光图片20260330\合格\2\5该文件夹里多为直插通孔类型\173\9.jpg,"(974, 1205, 1439, 1670)"
train,normal,E:\Xray\Xray\pcb_xray_annotation_workspace\bridge_roi_dataset\train\normal\通孔1_8e9309a276_n00.jpg,E:\Xray\X光图片20260330\X光图片20260330\合格\2\1多为直插通孔\39\通孔1.jpg,"(1326, 32, 1791, 497)"
train,normal,E:\Xray\Xray\pcb_xray_annotation_workspace\bridge_roi_dataset\train\normal\通孔1_8e9309a276_n01.jpg,E:\Xray\X光图片20260330\X光图片20260330\合格\2\1多为直插通孔\39\通孔1.jpg,"(713, 543, 1178, 1008)"
train,normal,E:\Xray\Xray\pcb_xray_annotation_workspace\bridge_roi_dataset\train\normal\3_4f3055e311_n00.jpg,E:\Xray\X光图片20260330\X光图片20260330\合格\4\2\3.jpg,"(214, 259, 679, 724)"
train,normal,E:\Xray\Xray\pcb_xray_annotation_workspace\bridge_roi_dataset\train\normal\3_4f3055e311_n01.jpg,E:\Xray\X光图片20260330\X光图片20260330\合格\4\2\3.jpg,"(1724, 1077, 2189, 1542)"
train,normal,E:\Xray\Xray\pcb_xray_annotation_workspace\bridge_roi_dataset\train\normal\insufficient_through_solder_0044_21f75b2f88_n00.jpg,E:\Xray\Xray\pcb_xray_annotation_workspace\images\insufficient_through_solder\insufficient_through_solder_0044.jpg,"(465, 1527, 930, 1992)"
train,normal,E:\Xray\Xray\pcb_xray_annotation_workspace\bridge_roi_dataset\train\normal\insufficient_through_solder_0044_21f75b2f88_n01.jpg,E:\Xray\Xray\pcb_xray_annotation_workspace\images\insufficient_through_solder\insufficient_through_solder_0044.jpg,"(260, 975, 725, 1440)"
train,normal,E:\Xray\Xray\pcb_xray_annotation_workspace\bridge_roi_dataset\train\normal\6_a7cc9233df_n00.jpg,E:\Xray\X光图片20260330\X光图片20260330\合格\1\表贴及连接器通孔2\073\6.jpg,"(1836, 1593, 2301, 2058)"
train,normal,E:\Xray\Xray\pcb_xray_annotation_workspace\bridge_roi_dataset\train\normal\6_a7cc9233df_n01.jpg,E:\Xray\X光图片20260330\X光图片20260330\合格\1\表贴及连接器通孔2\073\6.jpg,"(1482, 1051, 1947, 1516)"
train,normal,E:\Xray\Xray\pcb_xray_annotation_workspace\bridge_roi_dataset\train\normal\6_6a5230f063_n00.jpg,E:\Xray\X光图片20260330\X光图片20260330\合格\3\2\27\6.jpg,"(2431, 223, 2896, 688)"
train,normal,E:\Xray\Xray\pcb_xray_annotation_workspace\bridge_roi_dataset\train\normal\6_6a5230f063_n01.jpg,E:\Xray\X光图片20260330\X光图片20260330\合格\3\2\27\6.jpg,"(1851, 1031, 2316, 1496)"
train,normal,E:\Xray\Xray\pcb_xray_annotation_workspace\bridge_roi_dataset\train\normal\void_0083_79c17a4ad4_n00.jpg,E:\Xray\Xray\pcb_xray_annotation_workspace\images\void\void_0083.jpg,"(226, 11, 691, 476)"
train,normal,E:\Xray\Xray\pcb_xray_annotation_workspace\bridge_roi_dataset\train\normal\void_0083_79c17a4ad4_n01.jpg,E:\Xray\Xray\pcb_xray_annotation_workspace\images\void\void_0083.jpg,"(533, 77, 998, 542)"
train,normal,E:\Xray\Xray\pcb_xray_annotation_workspace\bridge_roi_dataset\train\normal\insufficient_through_solder_0097_6b42ce9d19_n00.jpg,E:\Xray\Xray\pcb_xray_annotation_workspace\images\insufficient_through_solder\insufficient_through_solder_0097.jpg,"(469, 7, 934, 472)"
train,normal,E:\Xray\Xray\pcb_xray_annotation_workspace\bridge_roi_dataset\train\normal\insufficient_through_solder_0097_6b42ce9d19_n01.jpg,E:\Xray\Xray\pcb_xray_annotation_workspace\images\insufficient_through_solder\insufficient_through_solder_0097.jpg,"(62, 122, 527, 587)"
train,normal,E:\Xray\Xray\pcb_xray_annotation_workspace\bridge_roi_dataset\train\normal\1_2595fd5c7c_n00.jpg,E:\Xray\X光图片20260330\X光图片20260330\合格\2\4图片以表贴类型为主\103\1.jpg,"(1645, 873, 2110, 1338)"
train,normal,E:\Xray\Xray\pcb_xray_annotation_workspace\bridge_roi_dataset\train\normal\1_2595fd5c7c_n01.jpg,E:\Xray\X光图片20260330\X光图片20260330\合格\2\4图片以表贴类型为主\103\1.jpg,"(442, 1004, 907, 1469)"
train,normal,E:\Xray\Xray\pcb_xray_annotation_workspace\bridge_roi_dataset\train\normal\2_ffe4d24cd1_n00.jpg,E:\Xray\X光图片20260330\X光图片20260330\合格\1\表贴及连接器通孔1\AP6\74\2.jpg,"(1816, 150, 2281, 615)"
train,normal,E:\Xray\Xray\pcb_xray_annotation_workspace\bridge_roi_dataset\train\normal\2_ffe4d24cd1_n01.jpg,E:\Xray\X光图片20260330\X光图片20260330\合格\1\表贴及连接器通孔1\AP6\74\2.jpg,"(330, 659, 795, 1124)"
train,normal,E:\Xray\Xray\pcb_xray_annotation_workspace\bridge_roi_dataset\train\normal\void_0042_6e8b6ac957_n00.jpg,E:\Xray\Xray\pcb_xray_annotation_workspace\images\void\void_0042.jpg,"(1245, 303, 1710, 768)"
train,normal,E:\Xray\Xray\pcb_xray_annotation_workspace\bridge_roi_dataset\train\normal\void_0042_6e8b6ac957_n01.jpg,E:\Xray\Xray\pcb_xray_annotation_workspace\images\void\void_0042.jpg,"(134, 258, 599, 723)"
train,normal,E:\Xray\Xray\pcb_xray_annotation_workspace\bridge_roi_dataset\train\normal\insufficient_through_solder_0047_f49a2b1501_n00.jpg,E:\Xray\Xray\pcb_xray_annotation_workspace\images\insufficient_through_solder\insufficient_through_solder_0047.jpg,"(1126, 1278, 1591, 1743)"
train,normal,E:\Xray\Xray\pcb_xray_annotation_workspace\bridge_roi_dataset\train\normal\insufficient_through_solder_0047_f49a2b1501_n01.jpg,E:\Xray\Xray\pcb_xray_annotation_workspace\images\insufficient_through_solder\insufficient_through_solder_0047.jpg,"(2593, 1198, 3058, 1663)"
train,normal,E:\Xray\Xray\pcb_xray_annotation_workspace\bridge_roi_dataset\train\normal\6_3123c8219b_n00.jpg,E:\Xray\X光图片20260330\X光图片20260330\合格\1\表贴及连接器通孔\AP4\73\6.jpg,"(2246, 1458, 2711, 1923)"
train,normal,E:\Xray\Xray\pcb_xray_annotation_workspace\bridge_roi_dataset\train\normal\6_3123c8219b_n01.jpg,E:\Xray\X光图片20260330\X光图片20260330\合格\1\表贴及连接器通孔\AP4\73\6.jpg,"(1331, 780, 1796, 1245)"
train,normal,E:\Xray\Xray\pcb_xray_annotation_workspace\bridge_roi_dataset\train\normal\insufficient_through_solder_0084_a6033eb8f1_n00.jpg,E:\Xray\Xray\pcb_xray_annotation_workspace\images\insufficient_through_solder\insufficient_through_solder_0084.jpg,"(1223, 1086, 1688, 1551)"
train,normal,E:\Xray\Xray\pcb_xray_annotation_workspace\bridge_roi_dataset\train\normal\insufficient_through_solder_0084_a6033eb8f1_n01.jpg,E:\Xray\Xray\pcb_xray_annotation_workspace\images\insufficient_through_solder\insufficient_through_solder_0084.jpg,"(603, 929, 1068, 1394)"
train,normal,E:\Xray\Xray\pcb_xray_annotation_workspace\bridge_roi_dataset\train\normal\2_522f8d2027_n00.jpg,E:\Xray\X光图片20260330\X光图片20260330\合格\1\表贴及连接器通孔\AP4\73\2.jpg,"(2070, 1239, 2535, 1704)"
train,normal,E:\Xray\Xray\pcb_xray_annotation_workspace\bridge_roi_dataset\train\normal\2_522f8d2027_n01.jpg,E:\Xray\X光图片20260330\X光图片20260330\合格\1\表贴及连接器通孔\AP4\73\2.jpg,"(1762, 203, 2227, 668)"
train,normal,E:\Xray\Xray\pcb_xray_annotation_workspace\bridge_roi_dataset\train\normal\10_48e2c43e7f_n00.jpg,E:\Xray\X光图片20260330\X光图片20260330\合格\2\5该文件夹里多为直插通孔类型\172\10.jpg,"(468, 1340, 933, 1805)"
train,normal,E:\Xray\Xray\pcb_xray_annotation_workspace\bridge_roi_dataset\train\normal\10_48e2c43e7f_n01.jpg,E:\Xray\X光图片20260330\X光图片20260330\合格\2\5该文件夹里多为直插通孔类型\172\10.jpg,"(2666, 1574, 3131, 2039)"
train,normal,E:\Xray\Xray\pcb_xray_annotation_workspace\bridge_roi_dataset\train\normal\5_e228e33b4a_n00.jpg,E:\Xray\X光图片20260330\X光图片20260330\合格\2\5该文件夹里多为直插通孔类型\181\5.jpg,"(2258, 1476, 2723, 1941)"
train,normal,E:\Xray\Xray\pcb_xray_annotation_workspace\bridge_roi_dataset\train\normal\5_e228e33b4a_n01.jpg,E:\Xray\X光图片20260330\X光图片20260330\合格\2\5该文件夹里多为直插通孔类型\181\5.jpg,"(880, 880, 1345, 1345)"
train,normal,E:\Xray\Xray\pcb_xray_annotation_workspace\bridge_roi_dataset\train\normal\3_6e12a57c3d_n00.jpg,E:\Xray\X光图片20260330\X光图片20260330\合格\1\表贴及连接器通孔\AP5\73\3.jpg,"(1849, 467, 2314, 932)"
train,normal,E:\Xray\Xray\pcb_xray_annotation_workspace\bridge_roi_dataset\train\normal\3_6e12a57c3d_n01.jpg,E:\Xray\X光图片20260330\X光图片20260330\合格\1\表贴及连接器通孔\AP5\73\3.jpg,"(1694, 694, 2159, 1159)"
train,normal,E:\Xray\Xray\pcb_xray_annotation_workspace\bridge_roi_dataset\train\normal\insufficient_through_solder_0055_e6e2088952_n00.jpg,E:\Xray\Xray\pcb_xray_annotation_workspace\images\insufficient_through_solder\insufficient_through_solder_0055.jpg,"(1694, 928, 2159, 1393)"
train,normal,E:\Xray\Xray\pcb_xray_annotation_workspace\bridge_roi_dataset\train\normal\insufficient_through_solder_0055_e6e2088952_n01.jpg,E:\Xray\Xray\pcb_xray_annotation_workspace\images\insufficient_through_solder\insufficient_through_solder_0055.jpg,"(816, 851, 1281, 1316)"
train,normal,E:\Xray\Xray\pcb_xray_annotation_workspace\bridge_roi_dataset\train\normal\2_918bbc3f2c_n00.jpg,E:\Xray\X光图片20260330\X光图片20260330\合格\4\5\2.jpg,"(389, 640, 854, 1105)"
train,normal,E:\Xray\Xray\pcb_xray_annotation_workspace\bridge_roi_dataset\train\normal\2_918bbc3f2c_n01.jpg,E:\Xray\X光图片20260330\X光图片20260330\合格\4\5\2.jpg,"(1748, 640, 2213, 1105)"
train,normal,E:\Xray\Xray\pcb_xray_annotation_workspace\bridge_roi_dataset\train\normal\8_f914663155_n00.jpg,E:\Xray\X光图片20260330\X光图片20260330\合格\1\表贴及连接器通孔2\076\8.jpg,"(2724, 522, 3189, 987)"
train,normal,E:\Xray\Xray\pcb_xray_annotation_workspace\bridge_roi_dataset\train\normal\8_f914663155_n01.jpg,E:\Xray\X光图片20260330\X光图片20260330\合格\1\表贴及连接器通孔2\076\8.jpg,"(1533, 312, 1998, 777)"
train,normal,E:\Xray\Xray\pcb_xray_annotation_workspace\bridge_roi_dataset\train\normal\5_d7dcfd6ce6_n00.jpg,E:\Xray\X光图片20260330\X光图片20260330\合格\2\5该文件夹里多为直插通孔类型\185\5.jpg,"(1942, 137, 2407, 602)"
train,normal,E:\Xray\Xray\pcb_xray_annotation_workspace\bridge_roi_dataset\train\normal\5_d7dcfd6ce6_n01.jpg,E:\Xray\X光图片20260330\X光图片20260330\合格\2\5该文件夹里多为直插通孔类型\185\5.jpg,"(373, 174, 838, 639)"
train,normal,E:\Xray\Xray\pcb_xray_annotation_workspace\bridge_roi_dataset\train\normal\5_c259b28a12_n00.jpg,E:\Xray\X光图片20260330\X光图片20260330\合格\2\5该文件夹里多为直插通孔类型\178\5.jpg,"(381, 884, 846, 1349)"
train,normal,E:\Xray\Xray\pcb_xray_annotation_workspace\bridge_roi_dataset\train\normal\5_c259b28a12_n01.jpg,E:\Xray\X光图片20260330\X光图片20260330\合格\2\5该文件夹里多为直插通孔类型\178\5.jpg,"(395, 1524, 860, 1989)"
train,normal,E:\Xray\Xray\pcb_xray_annotation_workspace\bridge_roi_dataset\train\normal\9_a51f9dd260_n00.jpg,E:\Xray\X光图片20260330\X光图片20260330\合格\1\表贴及连接器通孔2\076\9.jpg,"(1526, 266, 1991, 731)"
train,normal,E:\Xray\Xray\pcb_xray_annotation_workspace\bridge_roi_dataset\train\normal\9_a51f9dd260_n01.jpg,E:\Xray\X光图片20260330\X光图片20260330\合格\1\表贴及连接器通孔2\076\9.jpg,"(2278, 122, 2743, 587)"
train,normal,E:\Xray\Xray\pcb_xray_annotation_workspace\bridge_roi_dataset\train\normal\3_e4f3a1c53c_n00.jpg,E:\Xray\X光图片20260330\X光图片20260330\合格\1\表贴及连接器通孔\AP4\73\3.jpg,"(2402, 1150, 2867, 1615)"
train,normal,E:\Xray\Xray\pcb_xray_annotation_workspace\bridge_roi_dataset\train\normal\3_e4f3a1c53c_n01.jpg,E:\Xray\X光图片20260330\X光图片20260330\合格\1\表贴及连接器通孔\AP4\73\3.jpg,"(2300, 675, 2765, 1140)"
train,normal,E:\Xray\Xray\pcb_xray_annotation_workspace\bridge_roi_dataset\train\normal\5_9990fb92ff_n00.jpg,E:\Xray\X光图片20260330\X光图片20260330\合格\4\5\5.jpg,"(500, 841, 965, 1306)"
train,normal,E:\Xray\Xray\pcb_xray_annotation_workspace\bridge_roi_dataset\train\normal\5_9990fb92ff_n01.jpg,E:\Xray\X光图片20260330\X光图片20260330\合格\4\5\5.jpg,"(1448, 1362, 1913, 1827)"
train,normal,E:\Xray\Xray\pcb_xray_annotation_workspace\bridge_roi_dataset\train\normal\8_24b8a53e95_n00.jpg,E:\Xray\X光图片20260330\X光图片20260330\合格\2\5该文件夹里多为直插通孔类型\179\8.jpg,"(1732, 1476, 2197, 1941)"
train,normal,E:\Xray\Xray\pcb_xray_annotation_workspace\bridge_roi_dataset\train\normal\8_24b8a53e95_n01.jpg,E:\Xray\X光图片20260330\X光图片20260330\合格\2\5该文件夹里多为直插通孔类型\179\8.jpg,"(210, 589, 675, 1054)"
train,normal,E:\Xray\Xray\pcb_xray_annotation_workspace\bridge_roi_dataset\train\normal\void_0094_c50b9571d3_n00.jpg,E:\Xray\Xray\pcb_xray_annotation_workspace\images\void\void_0094.jpg,"(319, 90, 784, 555)"
train,normal,E:\Xray\Xray\pcb_xray_annotation_workspace\bridge_roi_dataset\train\normal\void_0094_c50b9571d3_n01.jpg,E:\Xray\Xray\pcb_xray_annotation_workspace\images\void\void_0094.jpg,"(106, 147, 571, 612)"
train,normal,E:\Xray\Xray\pcb_xray_annotation_workspace\bridge_roi_dataset\train\normal\void_0044_c7f1f54c7b_n00.jpg,E:\Xray\Xray\pcb_xray_annotation_workspace\images\void\void_0044.jpg,"(1039, 435, 1504, 900)"
train,normal,E:\Xray\Xray\pcb_xray_annotation_workspace\bridge_roi_dataset\train\normal\void_0044_c7f1f54c7b_n01.jpg,E:\Xray\Xray\pcb_xray_annotation_workspace\images\void\void_0044.jpg,"(316, 987, 781, 1452)"
train,normal,E:\Xray\Xray\pcb_xray_annotation_workspace\bridge_roi_dataset\train\normal\3_7998686bec_n00.jpg,E:\Xray\X光图片20260330\X光图片20260330\合格\2\5该文件夹里多为直插通孔类型\176\3.jpg,"(918, 221, 1383, 686)"
train,normal,E:\Xray\Xray\pcb_xray_annotation_workspace\bridge_roi_dataset\train\normal\3_7998686bec_n01.jpg,E:\Xray\X光图片20260330\X光图片20260330\合格\2\5该文件夹里多为直插通孔类型\176\3.jpg,"(1434, 1139, 1899, 1604)"
train,normal,E:\Xray\Xray\pcb_xray_annotation_workspace\bridge_roi_dataset\train\normal\10_48434c625c_n00.jpg,E:\Xray\X光图片20260330\X光图片20260330\合格\2\5该文件夹里多为直插通孔类型\180\10.jpg,"(1505, 235, 1970, 700)"
train,normal,E:\Xray\Xray\pcb_xray_annotation_workspace\bridge_roi_dataset\train\normal\10_48434c625c_n01.jpg,E:\Xray\X光图片20260330\X光图片20260330\合格\2\5该文件夹里多为直插通孔类型\180\10.jpg,"(1141, 1175, 1606, 1640)"
train,normal,E:\Xray\Xray\pcb_xray_annotation_workspace\bridge_roi_dataset\train\normal\14_eba4a3c69e_n00.jpg,E:\Xray\X光图片20260330\X光图片20260330\合格\2\5该文件夹里多为直插通孔类型\191\14.jpg,"(926, 1653, 1391, 2118)"
train,normal,E:\Xray\Xray\pcb_xray_annotation_workspace\bridge_roi_dataset\train\normal\14_eba4a3c69e_n01.jpg,E:\Xray\X光图片20260330\X光图片20260330\合格\2\5该文件夹里多为直插通孔类型\191\14.jpg,"(1757, 1148, 2222, 1613)"
train,normal,E:\Xray\Xray\pcb_xray_annotation_workspace\bridge_roi_dataset\train\normal\insufficient_through_solder_0051_4c157788d9_n00.jpg,E:\Xray\Xray\pcb_xray_annotation_workspace\images\insufficient_through_solder\insufficient_through_solder_0051.jpg,"(1571, 1273, 2036, 1738)"
train,normal,E:\Xray\Xray\pcb_xray_annotation_workspace\bridge_roi_dataset\train\normal\insufficient_through_solder_0051_4c157788d9_n01.jpg,E:\Xray\Xray\pcb_xray_annotation_workspace\images\insufficient_through_solder\insufficient_through_solder_0051.jpg,"(1256, 1316, 1721, 1781)"
train,normal,E:\Xray\Xray\pcb_xray_annotation_workspace\bridge_roi_dataset\train\normal\5_4af7bd1243_n00.jpg,E:\Xray\X光图片20260330\X光图片20260330\合格\2\3表贴，存在直插通孔\AP5\11\5.jpg,"(2280, 53, 2745, 518)"
train,normal,E:\Xray\Xray\pcb_xray_annotation_workspace\bridge_roi_dataset\train\normal\5_4af7bd1243_n01.jpg,E:\Xray\X光图片20260330\X光图片20260330\合格\2\3表贴，存在直插通孔\AP5\11\5.jpg,"(2494, 1347, 2959, 1812)"
train,normal,E:\Xray\Xray\pcb_xray_annotation_workspace\bridge_roi_dataset\train\normal\10_1e68f8ee48_n00.jpg,E:\Xray\X光图片20260330\X光图片20260330\合格\2\5该文件夹里多为直插通孔类型\184\10.jpg,"(1095, 59, 1560, 524)"
train,normal,E:\Xray\Xray\pcb_xray_annotation_workspace\bridge_roi_dataset\train\normal\10_1e68f8ee48_n01.jpg,E:\Xray\X光图片20260330\X光图片20260330\合格\2\5该文件夹里多为直插通孔类型\184\10.jpg,"(738, 559, 1203, 1024)"
train,normal,E:\Xray\Xray\pcb_xray_annotation_workspace\bridge_roi_dataset\train\normal\void_0062_52becad5d8_n00.jpg,E:\Xray\Xray\pcb_xray_annotation_workspace\images\void\void_0062.jpg,"(1439, 632, 1904, 1097)"
train,normal,E:\Xray\Xray\pcb_xray_annotation_workspace\bridge_roi_dataset\train\normal\void_0062_52becad5d8_n01.jpg,E:\Xray\Xray\pcb_xray_annotation_workspace\images\void\void_0062.jpg,"(1887, 695, 2352, 1160)"
train,normal,E:\Xray\Xray\pcb_xray_annotation_workspace\bridge_roi_dataset\train\normal\5_d83646a880_n00.jpg,E:\Xray\X光图片20260330\X光图片20260330\合格\1\表贴及连接器通孔\AP4\73\5.jpg,"(1437, 12, 1902, 477)"
train,normal,E:\Xray\Xray\pcb_xray_annotation_workspace\bridge_roi_dataset\train\normal\5_d83646a880_n01.jpg,E:\Xray\X光图片20260330\X光图片20260330\合格\1\表贴及连接器通孔\AP4\73\5.jpg,"(743, 293, 1208, 758)"
train,normal,E:\Xray\Xray\pcb_xray_annotation_workspace\bridge_roi_dataset\train\normal\insufficient_through_solder_0041_25de875b45_n00.jpg,E:\Xray\Xray\pcb_xray_annotation_workspace\images\insufficient_through_solder\insufficient_through_solder_0041.jpg,"(2319, 1346, 2784, 1811)"
train,normal,E:\Xray\Xray\pcb_xray_annotation_workspace\bridge_roi_dataset\train\normal\insufficient_through_solder_0041_25de875b45_n01.jpg,E:\Xray\Xray\pcb_xray_annotation_workspace\images\insufficient_through_solder\insufficient_through_solder_0041.jpg,"(1641, 142, 2106, 607)"
train,normal,E:\Xray\Xray\pcb_xray_annotation_workspace\bridge_roi_dataset\train\normal\11_ed24b8fc20_n00.jpg,E:\Xray\X光图片20260330\X光图片20260330\合格\2\5该文件夹里多为直插通孔类型\187\11.jpg,"(581, 1517, 1046, 1982)"
train,normal,E:\Xray\Xray\pcb_xray_annotation_workspace\bridge_roi_dataset\train\normal\11_ed24b8fc20_n01.jpg,E:\Xray\X光图片20260330\X光图片20260330\合格\2\5该文件夹里多为直插通孔类型\187\11.jpg,"(2593, 62, 3058, 527)"
train,normal,E:\Xray\Xray\pcb_xray_annotation_workspace\bridge_roi_dataset\train\normal\11_f8e3d16cb1_n00.jpg,E:\Xray\X光图片20260330\X光图片20260330\合格\2\5该文件夹里多为直插通孔类型\176\11.jpg,"(375, 1528, 840, 1993)"
train,normal,E:\Xray\Xray\pcb_xray_annotation_workspace\bridge_roi_dataset\train\normal\11_f8e3d16cb1_n01.jpg,E:\Xray\X光图片20260330\X光图片20260330\合格\2\5该文件夹里多为直插通孔类型\176\11.jpg,"(2172, 440, 2637, 905)"
train,normal,E:\Xray\Xray\pcb_xray_annotation_workspace\bridge_roi_dataset\train\normal\3_b1509b6ef7_n00.jpg,E:\Xray\X光图片20260330\X光图片20260330\合格\1\表贴及连接器通孔\AP5\74\3.jpg,"(1540, 859, 2005, 1324)"
train,normal,E:\Xray\Xray\pcb_xray_annotation_workspace\bridge_roi_dataset\train\normal\3_b1509b6ef7_n01.jpg,E:\Xray\X光图片20260330\X光图片20260330\合格\1\表贴及连接器通孔\AP5\74\3.jpg,"(1858, 698, 2323, 1163)"
train,normal,E:\Xray\Xray\pcb_xray_annotation_workspace\bridge_roi_dataset\train\normal\2_11b387b848_n00.jpg,E:\Xray\X光图片20260330\X光图片20260330\合格\2\4图片以表贴类型为主\106\2.jpg,"(644, 757, 1109, 1222)"
train,normal,E:\Xray\Xray\pcb_xray_annotation_workspace\bridge_roi_dataset\train\normal\2_11b387b848_n01.jpg,E:\Xray\X光图片20260330\X光图片20260330\合格\2\4图片以表贴类型为主\106\2.jpg,"(1276, 1477, 1741, 1942)"
train,normal,E:\Xray\Xray\pcb_xray_annotation_workspace\bridge_roi_dataset\train\normal\3_0a8c522585_n00.jpg,E:\Xray\X光图片20260330\X光图片20260330\合格\4\6\3.jpg,"(1328, 1590, 1793, 2055)"
train,normal,E:\Xray\Xray\pcb_xray_annotation_workspace\bridge_roi_dataset\train\normal\3_0a8c522585_n01.jpg,E:\Xray\X光图片20260330\X光图片20260330\合格\4\6\3.jpg,"(2324, 1221, 2789, 1686)"
train,normal,E:\Xray\Xray\pcb_xray_annotation_workspace\bridge_roi_dataset\train\normal\5_b551987a76_n00.jpg,E:\Xray\X光图片20260330\X光图片20260330\合格\1\表贴及连接器通孔\AP3\73\5.jpg,"(347, 107, 812, 572)"
train,normal,E:\Xray\Xray\pcb_xray_annotation_workspace\bridge_roi_dataset\train\normal\5_b551987a76_n01.jpg,E:\Xray\X光图片20260330\X光图片20260330\合格\1\表贴及连接器通孔\AP3\73\5.jpg,"(637, 322, 1102, 787)"
train,normal,E:\Xray\Xray\pcb_xray_annotation_workspace\bridge_roi_dataset\train\normal\void_0006_c9ffb48747_n00.jpg,E:\Xray\Xray\pcb_xray_annotation_workspace\images\void\void_0006.jpg,"(2530, 101, 2995, 566)"
train,normal,E:\Xray\Xray\pcb_xray_annotation_workspace\bridge_roi_dataset\train\normal\void_0006_c9ffb48747_n01.jpg,E:\Xray\Xray\pcb_xray_annotation_workspace\images\void\void_0006.jpg,"(334, 557, 799, 1022)"
train,normal,E:\Xray\Xray\pcb_xray_annotation_workspace\bridge_roi_dataset\train\normal\4_28249c1c54_n00.jpg,E:\Xray\X光图片20260330\X光图片20260330\合格\2\5该文件夹里多为直插通孔类型\187\4.jpg,"(1814, 1355, 2279, 1820)"
train,normal,E:\Xray\Xray\pcb_xray_annotation_workspace\bridge_roi_dataset\train\normal\4_28249c1c54_n01.jpg,E:\Xray\X光图片20260330\X光图片20260330\合格\2\5该文件夹里多为直插通孔类型\187\4.jpg,"(1736, 994, 2201, 1459)"
train,normal,E:\Xray\Xray\pcb_xray_annotation_workspace\bridge_roi_dataset\train\normal\4_d92ac4b8da_n00.jpg,E:\Xray\X光图片20260330\X光图片20260330\合格\2\4图片以表贴类型为主\101\4.jpg,"(2486, 905, 2951, 1370)"
train,normal,E:\Xray\Xray\pcb_xray_annotation_workspace\bridge_roi_dataset\train\normal\4_d92ac4b8da_n01.jpg,E:\Xray\X光图片20260330\X光图片20260330\合格\2\4图片以表贴类型为主\101\4.jpg,"(1696, 559, 2161, 1024)"
train,normal,E:\Xray\Xray\pcb_xray_annotation_workspace\bridge_roi_dataset\train\normal\10_4c7e9d27cf_n00.jpg,E:\Xray\X光图片20260330\X光图片20260330\合格\2\5该文件夹里多为直插通孔类型\176\10.jpg,"(882, 1546, 1347, 2011)"
train,normal,E:\Xray\Xray\pcb_xray_annotation_workspace\bridge_roi_dataset\train\normal\10_4c7e9d27cf_n01.jpg,E:\Xray\X光图片20260330\X光图片20260330\合格\2\5该文件夹里多为直插通孔类型\176\10.jpg,"(2098, 233, 2563, 698)"
train,normal,E:\Xray\Xray\pcb_xray_annotation_workspace\bridge_roi_dataset\train\normal\2_b772a09d44_n00.jpg,E:\Xray\X光图片20260330\X光图片20260330\合格\2\1多为直插通孔\38\2.jpg,"(1413, 880, 1878, 1345)"
train,normal,E:\Xray\Xray\pcb_xray_annotation_workspace\bridge_roi_dataset\train\normal\2_b772a09d44_n01.jpg,E:\Xray\X光图片20260330\X光图片20260330\合格\2\1多为直插通孔\38\2.jpg,"(454, 580, 919, 1045)"
train,normal,E:\Xray\Xray\pcb_xray_annotation_workspace\bridge_roi_dataset\train\normal\5_344585fd58_n00.jpg,E:\Xray\X光图片20260330\X光图片20260330\合格\1\表贴及连接器通孔\AP3\74\5.jpg,"(2429, 996, 2894, 1461)"
train,normal,E:\Xray\Xray\pcb_xray_annotation_workspace\bridge_roi_dataset\train\normal\5_344585fd58_n01.jpg,E:\Xray\X光图片20260330\X光图片20260330\合格\1\表贴及连接器通孔\AP3\74\5.jpg,"(2158, 1366, 2623, 1831)"
train,normal,E:\Xray\Xray\pcb_xray_annotation_workspace\bridge_roi_dataset\train\normal\void_0065_6385bffd6f_n00.jpg,E:\Xray\Xray\pcb_xray_annotation_workspace\images\void\void_0065.jpg,"(631, 93, 1096, 558)"
train,normal,E:\Xray\Xray\pcb_xray_annotation_workspace\bridge_roi_dataset\train\normal\void_0065_6385bffd6f_n01.jpg,E:\Xray\Xray\pcb_xray_annotation_workspace\images\void\void_0065.jpg,"(451, 809, 916, 1274)"
train,normal,E:\Xray\Xray\pcb_xray_annotation_workspace\bridge_roi_dataset\train\normal\void_0035_a7547f768c_n00.jpg,E:\Xray\Xray\pcb_xray_annotation_workspace\images\void\void_0035.jpg,"(2454, 112, 2919, 577)"
train,normal,E:\Xray\Xray\pcb_xray_annotation_workspace\bridge_roi_dataset\train\normal\void_0035_a7547f768c_n01.jpg,E:\Xray\Xray\pcb_xray_annotation_workspace\images\void\void_0035.jpg,"(31, 418, 496, 883)"
train,normal,E:\Xray\Xray\pcb_xray_annotation_workspace\bridge_roi_dataset\train\normal\1_c01ebdbb4b_n00.jpg,E:\Xray\X光图片20260330\X光图片20260330\合格\2\5该文件夹里多为直插通孔类型\177\1.jpg,"(1234, 432, 1699, 897)"
train,normal,E:\Xray\Xray\pcb_xray_annotation_workspace\bridge_roi_dataset\train\normal\1_c01ebdbb4b_n01.jpg,E:\Xray\X光图片20260330\X光图片20260330\合格\2\5该文件夹里多为直插通孔类型\177\1.jpg,"(562, 1565, 1027, 2030)"
train,normal,E:\Xray\Xray\pcb_xray_annotation_workspace\bridge_roi_dataset\train\normal\11_c34301d5a6_n00.jpg,E:\Xray\X光图片20260330\X光图片20260330\合格\1\表贴及连接器通孔\AP3\74\11.jpg,"(1046, 592, 1511, 1057)"
train,normal,E:\Xray\Xray\pcb_xray_annotation_workspace\bridge_roi_dataset\train\normal\11_c34301d5a6_n01.jpg,E:\Xray\X光图片20260330\X光图片20260330\合格\1\表贴及连接器通孔\AP3\74\11.jpg,"(1343, 245, 1808, 710)"
train,normal,E:\Xray\Xray\pcb_xray_annotation_workspace\bridge_roi_dataset\train\normal\7_e4a0c929c5_n00.jpg,E:\Xray\X光图片20260330\X光图片20260330\合格\1\表贴及连接器通孔2\075\7.jpg,"(31, 1018, 496, 1483)"
train,normal,E:\Xray\Xray\pcb_xray_annotation_workspace\bridge_roi_dataset\train\normal\7_e4a0c929c5_n01.jpg,E:\Xray\X光图片20260330\X光图片20260330\合格\1\表贴及连接器通孔2\075\7.jpg,"(1763, 359, 2228, 824)"
train,normal,E:\Xray\Xray\pcb_xray_annotation_workspace\bridge_roi_dataset\train\normal\4_2e5f08dc90_n00.jpg,E:\Xray\X光图片20260330\X光图片20260330\合格\1\表贴及连接器通孔\AP3\73\4.jpg,"(529, 778, 994, 1243)"
train,normal,E:\Xray\Xray\pcb_xray_annotation_workspace\bridge_roi_dataset\train\normal\4_2e5f08dc90_n01.jpg,E:\Xray\X光图片20260330\X光图片20260330\合格\1\表贴及连接器通孔\AP3\73\4.jpg,"(2181, 1441, 2646, 1906)"
train,normal,E:\Xray\Xray\pcb_xray_annotation_workspace\bridge_roi_dataset\train\normal\直插通孔12_a6fe44bc4a_n00.jpg,E:\Xray\X光图片20260330\X光图片20260330\合格\2\4图片以表贴类型为主\105\直插通孔12.jpg,"(942, 1024, 1407, 1489)"
train,normal,E:\Xray\Xray\pcb_xray_annotation_workspace\bridge_roi_dataset\train\normal\直插通孔12_a6fe44bc4a_n01.jpg,E:\Xray\X光图片20260330\X光图片20260330\合格\2\4图片以表贴类型为主\105\直插通孔12.jpg,"(2288, 1368, 2753, 1833)"
train,normal,E:\Xray\Xray\pcb_xray_annotation_workspace\bridge_roi_dataset\train\normal\17_106d6750a1_n00.jpg,E:\Xray\X光图片20260330\X光图片20260330\合格\2\5该文件夹里多为直插通孔类型\191\17.jpg,"(1450, 147, 1915, 612)"
train,normal,E:\Xray\Xray\pcb_xray_annotation_workspace\bridge_roi_dataset\train\normal\17_106d6750a1_n01.jpg,E:\Xray\X光图片20260330\X光图片20260330\合格\2\5该文件夹里多为直插通孔类型\191\17.jpg,"(1626, 1519, 2091, 1984)"
train,normal,E:\Xray\Xray\pcb_xray_annotation_workspace\bridge_roi_dataset\train\normal\6_9aa9889dac_n00.jpg,E:\Xray\X光图片20260330\X光图片20260330\合格\1\表贴及连接器通孔\AP5\74\6.jpg,"(173, 893, 638, 1358)"
train,normal,E:\Xray\Xray\pcb_xray_annotation_workspace\bridge_roi_dataset\train\normal\6_9aa9889dac_n01.jpg,E:\Xray\X光图片20260330\X光图片20260330\合格\1\表贴及连接器通孔\AP5\74\6.jpg,"(76, 941, 541, 1406)"
train,normal,E:\Xray\Xray\pcb_xray_annotation_workspace\bridge_roi_dataset\train\normal\void_0081_5b771f5c93_n00.jpg,E:\Xray\Xray\pcb_xray_annotation_workspace\images\void\void_0081.jpg,"(79, 80, 544, 545)"
train,normal,E:\Xray\Xray\pcb_xray_annotation_workspace\bridge_roi_dataset\train\normal\void_0081_5b771f5c93_n01.jpg,E:\Xray\Xray\pcb_xray_annotation_workspace\images\void\void_0081.jpg,"(439, 146, 904, 611)"
train,normal,E:\Xray\Xray\pcb_xray_annotation_workspace\bridge_roi_dataset\train\normal\11_340ebfb168_n00.jpg,E:\Xray\X光图片20260330\X光图片20260330\合格\2\4图片以表贴类型为主\103\11.jpg,"(1656, 1453, 2121, 1918)"
train,normal,E:\Xray\Xray\pcb_xray_annotation_workspace\bridge_roi_dataset\train\normal\11_340ebfb168_n01.jpg,E:\Xray\X光图片20260330\X光图片20260330\合格\2\4图片以表贴类型为主\103\11.jpg,"(2622, 855, 3087, 1320)"
train,normal,E:\Xray\Xray\pcb_xray_annotation_workspace\bridge_roi_dataset\train\normal\void_0080_dca36801c5_n00.jpg,E:\Xray\Xray\pcb_xray_annotation_workspace\images\void\void_0080.jpg,"(296, 29, 761, 494)"
train,normal,E:\Xray\Xray\pcb_xray_annotation_workspace\bridge_roi_dataset\train\normal\void_0080_dca36801c5_n01.jpg,E:\Xray\Xray\pcb_xray_annotation_workspace\images\void\void_0080.jpg,"(414, 5, 879, 470)"
train,normal,E:\Xray\Xray\pcb_xray_annotation_workspace\bridge_roi_dataset\train\normal\void_0026_84110cfe62_n00.jpg,E:\Xray\Xray\pcb_xray_annotation_workspace\images\void\void_0026.jpg,"(1330, 351, 1795, 816)"
train,normal,E:\Xray\Xray\pcb_xray_annotation_workspace\bridge_roi_dataset\train\normal\void_0026_84110cfe62_n01.jpg,E:\Xray\Xray\pcb_xray_annotation_workspace\images\void\void_0026.jpg,"(2531, 942, 2996, 1407)"
train,normal,E:\Xray\Xray\pcb_xray_annotation_workspace\bridge_roi_dataset\train\normal\16_d14256020b_n00.jpg,E:\Xray\X光图片20260330\X光图片20260330\合格\2\5该文件夹里多为直插通孔类型\191\16.jpg,"(1482, 180, 1947, 645)"
train,normal,E:\Xray\Xray\pcb_xray_annotation_workspace\bridge_roi_dataset\train\normal\16_d14256020b_n01.jpg,E:\Xray\X光图片20260330\X光图片20260330\合格\2\5该文件夹里多为直插通孔类型\191\16.jpg,"(1788, 216, 2253, 681)"
train,normal,E:\Xray\Xray\pcb_xray_annotation_workspace\bridge_roi_dataset\train\normal\5_2686776232_n00.jpg,E:\Xray\X光图片20260330\X光图片20260330\合格\2\4图片以表贴类型为主\104\5.jpg,"(996, 892, 1461, 1357)"
train,normal,E:\Xray\Xray\pcb_xray_annotation_workspace\bridge_roi_dataset\train\normal\5_2686776232_n01.jpg,E:\Xray\X光图片20260330\X光图片20260330\合格\2\4图片以表贴类型为主\104\5.jpg,"(2412, 820, 2877, 1285)"
train,normal,E:\Xray\Xray\pcb_xray_annotation_workspace\bridge_roi_dataset\train\normal\2_cd0cd4f396_n00.jpg,E:\Xray\X光图片20260330\X光图片20260330\合格\2\2多为直插通孔\37\2.jpg,"(2146, 161, 2611, 626)"
train,normal,E:\Xray\Xray\pcb_xray_annotation_workspace\bridge_roi_dataset\train\normal\2_cd0cd4f396_n01.jpg,E:\Xray\X光图片20260330\X光图片20260330\合格\2\2多为直插通孔\37\2.jpg,"(1621, 635, 2086, 1100)"
train,normal,E:\Xray\Xray\pcb_xray_annotation_workspace\bridge_roi_dataset\train\normal\5_eb99001e92_n00.jpg,E:\Xray\X光图片20260330\X光图片20260330\合格\2\5该文件夹里多为直插通孔类型\183\5.jpg,"(1390, 453, 1855, 918)"
train,normal,E:\Xray\Xray\pcb_xray_annotation_workspace\bridge_roi_dataset\train\normal\5_eb99001e92_n01.jpg,E:\Xray\X光图片20260330\X光图片20260330\合格\2\5该文件夹里多为直插通孔类型\183\5.jpg,"(1364, 1595, 1829, 2060)"
train,normal,E:\Xray\Xray\pcb_xray_annotation_workspace\bridge_roi_dataset\train\normal\8_e8c024e0e6_n00.jpg,E:\Xray\X光图片20260330\X光图片20260330\合格\2\5该文件夹里多为直插通孔类型\172\8.jpg,"(688, 156, 1153, 621)"
train,normal,E:\Xray\Xray\pcb_xray_annotation_workspace\bridge_roi_dataset\train\normal\8_e8c024e0e6_n01.jpg,E:\Xray\X光图片20260330\X光图片20260330\合格\2\5该文件夹里多为直插通孔类型\172\8.jpg,"(2090, 1296, 2555, 1761)"
train,normal,E:\Xray\Xray\pcb_xray_annotation_workspace\bridge_roi_dataset\train\normal\insufficient_through_solder_0094_ea3cf4e201_n00.jpg,E:\Xray\Xray\pcb_xray_annotation_workspace\images\insufficient_through_solder\insufficient_through_solder_0094.jpg,"(116, 135, 581, 600)"
train,normal,E:\Xray\Xray\pcb_xray_annotation_workspace\bridge_roi_dataset\train\normal\insufficient_through_solder_0094_ea3cf4e201_n01.jpg,E:\Xray\Xray\pcb_xray_annotation_workspace\images\insufficient_through_solder\insufficient_through_solder_0094.jpg,"(522, 49, 987, 514)"
train,normal,E:\Xray\Xray\pcb_xray_annotation_workspace\bridge_roi_dataset\train\normal\void_0041_0aa4d7fb0f_n00.jpg,E:\Xray\Xray\pcb_xray_annotation_workspace\images\void\void_0041.jpg,"(1855, 715, 2320, 1180)"
train,normal,E:\Xray\Xray\pcb_xray_annotation_workspace\bridge_roi_dataset\train\normal\void_0041_0aa4d7fb0f_n01.jpg,E:\Xray\Xray\pcb_xray_annotation_workspace\images\void\void_0041.jpg,"(719, 302, 1184, 767)"
train,normal,E:\Xray\Xray\pcb_xray_annotation_workspace\bridge_roi_dataset\train\normal\8_3d5d207635_n00.jpg,E:\Xray\X光图片20260330\X光图片20260330\合格\1\表贴及连接器通孔\AP5\74\8.jpg,"(967, 210, 1432, 675)"
train,normal,E:\Xray\Xray\pcb_xray_annotation_workspace\bridge_roi_dataset\train\normal\8_3d5d207635_n01.jpg,E:\Xray\X光图片20260330\X光图片20260330\合格\1\表贴及连接器通孔\AP5\74\8.jpg,"(599, 524, 1064, 989)"
train,normal,E:\Xray\Xray\pcb_xray_annotation_workspace\bridge_roi_dataset\train\normal\10_1a68902aa7_n00.jpg,E:\Xray\X光图片20260330\X光图片20260330\合格\2\5该文件夹里多为直插通孔类型\174\10.jpg,"(808, 355, 1273, 820)"
train,normal,E:\Xray\Xray\pcb_xray_annotation_workspace\bridge_roi_dataset\train\normal\10_1a68902aa7_n01.jpg,E:\Xray\X光图片20260330\X光图片20260330\合格\2\5该文件夹里多为直插通孔类型\174\10.jpg,"(2467, 313, 2932, 778)"
train,normal,E:\Xray\Xray\pcb_xray_annotation_workspace\bridge_roi_dataset\train\normal\void_0079_9fc4a6e685_n00.jpg,E:\Xray\Xray\pcb_xray_annotation_workspace\images\void\void_0079.jpg,"(77, 45, 542, 510)"
train,normal,E:\Xray\Xray\pcb_xray_annotation_workspace\bridge_roi_dataset\train\normal\void_0079_9fc4a6e685_n01.jpg,E:\Xray\Xray\pcb_xray_annotation_workspace\images\void\void_0079.jpg,"(505, 118, 970, 583)"
train,normal,E:\Xray\Xray\pcb_xray_annotation_workspace\bridge_roi_dataset\train\normal\3_b422deaee1_n00.jpg,E:\Xray\X光图片20260330\X光图片20260330\合格\2\4图片以表贴类型为主\105\3.jpg,"(2309, 1556, 2774, 2021)"
train,normal,E:\Xray\Xray\pcb_xray_annotation_workspace\bridge_roi_dataset\train\normal\3_b422deaee1_n01.jpg,E:\Xray\X光图片20260330\X光图片20260330\合格\2\4图片以表贴类型为主\105\3.jpg,"(2373, 919, 2838, 1384)"
train,normal,E:\Xray\Xray\pcb_xray_annotation_workspace\bridge_roi_dataset\train\normal\1_a55daf2992_n00.jpg,E:\Xray\X光图片20260330\X光图片20260330\合格\1\表贴及连接器通孔\AP4\74\1.jpg,"(2312, 1316, 2777, 1781)"
train,normal,E:\Xray\Xray\pcb_xray_annotation_workspace\bridge_roi_dataset\train\normal\1_a55daf2992_n01.jpg,E:\Xray\X光图片20260330\X光图片20260330\合格\1\表贴及连接器通孔\AP4\74\1.jpg,"(2602, 1279, 3067, 1744)"
train,normal,E:\Xray\Xray\pcb_xray_annotation_workspace\bridge_roi_dataset\train\normal\insufficient_through_solder_0073_919ac4e491_n00.jpg,E:\Xray\Xray\pcb_xray_annotation_workspace\images\insufficient_through_solder\insufficient_through_solder_0073.jpg,"(661, 1284, 1126, 1749)"
train,normal,E:\Xray\Xray\pcb_xray_annotation_workspace\bridge_roi_dataset\train\normal\insufficient_through_solder_0073_919ac4e491_n01.jpg,E:\Xray\Xray\pcb_xray_annotation_workspace\images\insufficient_through_solder\insufficient_through_solder_0073.jpg,"(647, 309, 1112, 774)"
train,normal,E:\Xray\Xray\pcb_xray_annotation_workspace\bridge_roi_dataset\train\normal\7_e0cf254ca3_n00.jpg,E:\Xray\X光图片20260330\X光图片20260330\合格\2\5该文件夹里多为直插通孔类型\179\7.jpg,"(1801, 139, 2266, 604)"
train,normal,E:\Xray\Xray\pcb_xray_annotation_workspace\bridge_roi_dataset\train\normal\7_e0cf254ca3_n01.jpg,E:\Xray\X光图片20260330\X光图片20260330\合格\2\5该文件夹里多为直插通孔类型\179\7.jpg,"(1920, 905, 2385, 1370)"
train,normal,E:\Xray\Xray\pcb_xray_annotation_workspace\bridge_roi_dataset\train\normal\5_f6e818a59d_n00.jpg,E:\Xray\X光图片20260330\X光图片20260330\合格\2\5该文件夹里多为直插通孔类型\189\5.jpg,"(2586, 620, 3051, 1085)"
train,normal,E:\Xray\Xray\pcb_xray_annotation_workspace\bridge_roi_dataset\train\normal\5_f6e818a59d_n01.jpg,E:\Xray\X光图片20260330\X光图片20260330\合格\2\5该文件夹里多为直插通孔类型\189\5.jpg,"(1125, 1211, 1590, 1676)"
train,normal,E:\Xray\Xray\pcb_xray_annotation_workspace\bridge_roi_dataset\train\normal\7_ee15a9031b_n00.jpg,E:\Xray\X光图片20260330\X光图片20260330\合格\2\5该文件夹里多为直插通孔类型\173\7.jpg,"(230, 720, 695, 1185)"
train,normal,E:\Xray\Xray\pcb_xray_annotation_workspace\bridge_roi_dataset\train\normal\7_ee15a9031b_n01.jpg,E:\Xray\X光图片20260330\X光图片20260330\合格\2\5该文件夹里多为直插通孔类型\173\7.jpg,"(2078, 151, 2543, 616)"
train,normal,E:\Xray\Xray\pcb_xray_annotation_workspace\bridge_roi_dataset\train\normal\5_60fb381707_n00.jpg,E:\Xray\X光图片20260330\X光图片20260330\合格\2\5该文件夹里多为直插通孔类型\192\5.jpg,"(1271, 945, 1736, 1410)"
train,normal,E:\Xray\Xray\pcb_xray_annotation_workspace\bridge_roi_dataset\train\normal\5_60fb381707_n01.jpg,E:\Xray\X光图片20260330\X光图片20260330\合格\2\5该文件夹里多为直插通孔类型\192\5.jpg,"(1851, 77, 2316, 542)"
train,normal,E:\Xray\Xray\pcb_xray_annotation_workspace\bridge_roi_dataset\train\normal\5_bc834df0f2_n00.jpg,E:\Xray\X光图片20260330\X光图片20260330\合格\1\表贴及连接器通孔2\076\5.jpg,"(233, 755, 698, 1220)"
train,normal,E:\Xray\Xray\pcb_xray_annotation_workspace\bridge_roi_dataset\train\normal\5_bc834df0f2_n01.jpg,E:\Xray\X光图片20260330\X光图片20260330\合格\1\表贴及连接器通孔2\076\5.jpg,"(1175, 157, 1640, 622)"
train,normal,E:\Xray\Xray\pcb_xray_annotation_workspace\bridge_roi_dataset\train\normal\11_1f551d210c_n00.jpg,E:\Xray\X光图片20260330\X光图片20260330\合格\2\5该文件夹里多为直插通孔类型\181\11.jpg,"(2640, 184, 3105, 649)"
train,normal,E:\Xray\Xray\pcb_xray_annotation_workspace\bridge_roi_dataset\train\normal\11_1f551d210c_n01.jpg,E:\Xray\X光图片20260330\X光图片20260330\合格\2\5该文件夹里多为直插通孔类型\181\11.jpg,"(2519, 1216, 2984, 1681)"
train,normal,E:\Xray\Xray\pcb_xray_annotation_workspace\bridge_roi_dataset\train\normal\2_a4e2dd1463_n00.jpg,E:\Xray\X光图片20260330\X光图片20260330\合格\2\5该文件夹里多为直插通孔类型\179\2.jpg,"(2076, 787, 2541, 1252)"
train,normal,E:\Xray\Xray\pcb_xray_annotation_workspace\bridge_roi_dataset\train\normal\2_a4e2dd1463_n01.jpg,E:\Xray\X光图片20260330\X光图片20260330\合格\2\5该文件夹里多为直插通孔类型\179\2.jpg,"(1895, 1188, 2360, 1653)"
train,normal,E:\Xray\Xray\pcb_xray_annotation_workspace\bridge_roi_dataset\train\normal\6_1f3b19d715_n00.jpg,E:\Xray\X光图片20260330\X光图片20260330\合格\1\表贴及连接器通孔\AP3\73\6.jpg,"(2270, 1621, 2735, 2086)"
train,normal,E:\Xray\Xray\pcb_xray_annotation_workspace\bridge_roi_dataset\train\normal\6_1f3b19d715_n01.jpg,E:\Xray\X光图片20260330\X光图片20260330\合格\1\表贴及连接器通孔\AP3\73\6.jpg,"(168, 921, 633, 1386)"
train,normal,E:\Xray\Xray\pcb_xray_annotation_workspace\bridge_roi_dataset\train\normal\3_1abe276d96_n00.jpg,E:\Xray\X光图片20260330\X光图片20260330\合格\2\5该文件夹里多为直插通孔类型\185\3.jpg,"(2341, 1334, 2806, 1799)"
train,normal,E:\Xray\Xray\pcb_xray_annotation_workspace\bridge_roi_dataset\train\normal\3_1abe276d96_n01.jpg,E:\Xray\X光图片20260330\X光图片20260330\合格\2\5该文件夹里多为直插通孔类型\185\3.jpg,"(771, 658, 1236, 1123)"
train,normal,E:\Xray\Xray\pcb_xray_annotation_workspace\bridge_roi_dataset\train\normal\8_8fe93648d1_n00.jpg,E:\Xray\X光图片20260330\X光图片20260330\合格\2\5该文件夹里多为直插通孔类型\191\8.jpg,"(2478, 974, 2943, 1439)"
train,normal,E:\Xray\Xray\pcb_xray_annotation_workspace\bridge_roi_dataset\train\normal\8_8fe93648d1_n01.jpg,E:\Xray\X光图片20260330\X光图片20260330\合格\2\5该文件夹里多为直插通孔类型\191\8.jpg,"(2053, 308, 2518, 773)"
train,normal,E:\Xray\Xray\pcb_xray_annotation_workspace\bridge_roi_dataset\train\normal\void_0001_32cf7be8ed_n00.jpg,E:\Xray\Xray\pcb_xray_annotation_workspace\images\void\void_0001.jpg,"(253, 922, 718, 1387)"
train,normal,E:\Xray\Xray\pcb_xray_annotation_workspace\bridge_roi_dataset\train\normal\void_0001_32cf7be8ed_n01.jpg,E:\Xray\Xray\pcb_xray_annotation_workspace\images\void\void_0001.jpg,"(423, 703, 888, 1168)"
train,normal,E:\Xray\Xray\pcb_xray_annotation_workspace\bridge_roi_dataset\train\normal\5_a98d9d5feb_n00.jpg,E:\Xray\X光图片20260330\X光图片20260330\合格\1\表贴及连接器通孔1\AP7\74\5.jpg,"(345, 1033, 810, 1498)"
train,normal,E:\Xray\Xray\pcb_xray_annotation_workspace\bridge_roi_dataset\train\normal\5_a98d9d5feb_n01.jpg,E:\Xray\X光图片20260330\X光图片20260330\合格\1\表贴及连接器通孔1\AP7\74\5.jpg,"(2646, 353, 3111, 818)"
train,normal,E:\Xray\Xray\pcb_xray_annotation_workspace\bridge_roi_dataset\train\normal\4_75ba8720bf_n00.jpg,E:\Xray\X光图片20260330\X光图片20260330\合格\2\5该文件夹里多为直插通孔类型\182\4.jpg,"(160, 507, 625, 972)"
train,normal,E:\Xray\Xray\pcb_xray_annotation_workspace\bridge_roi_dataset\train\normal\4_75ba8720bf_n01.jpg,E:\Xray\X光图片20260330\X光图片20260330\合格\2\5该文件夹里多为直插通孔类型\182\4.jpg,"(1793, 899, 2258, 1364)"
train,normal,E:\Xray\Xray\pcb_xray_annotation_workspace\bridge_roi_dataset\train\normal\7_303332938d_n00.jpg,E:\Xray\X光图片20260330\X光图片20260330\合格\1\表贴及连接器通孔\AP4\74\7.jpg,"(2146, 1070, 2611, 1535)"
train,normal,E:\Xray\Xray\pcb_xray_annotation_workspace\bridge_roi_dataset\train\normal\7_303332938d_n01.jpg,E:\Xray\X光图片20260330\X光图片20260330\合格\1\表贴及连接器通孔\AP4\74\7.jpg,"(2497, 325, 2962, 790)"
train,normal,E:\Xray\Xray\pcb_xray_annotation_workspace\bridge_roi_dataset\train\normal\3_6c9b809643_n00.jpg,E:\Xray\X光图片20260330\X光图片20260330\合格\2\1多为直插通孔\38\3.jpg,"(1490, 763, 1955, 1228)"
train,normal,E:\Xray\Xray\pcb_xray_annotation_workspace\bridge_roi_dataset\train\normal\3_6c9b809643_n01.jpg,E:\Xray\X光图片20260330\X光图片20260330\合格\2\1多为直插通孔\38\3.jpg,"(1158, 793, 1623, 1258)"
train,normal,E:\Xray\Xray\pcb_xray_annotation_workspace\bridge_roi_dataset\train\normal\void_0087_27db76e91b_n00.jpg,E:\Xray\Xray\pcb_xray_annotation_workspace\images\void\void_0087.jpg,"(418, 86, 883, 551)"
train,normal,E:\Xray\Xray\pcb_xray_annotation_workspace\bridge_roi_dataset\train\normal\void_0087_27db76e91b_n01.jpg,E:\Xray\Xray\pcb_xray_annotation_workspace\images\void\void_0087.jpg,"(53, 85, 518, 550)"
train,normal,E:\Xray\Xray\pcb_xray_annotation_workspace\bridge_roi_dataset\train\normal\8_22028e6f87_n00.jpg,E:\Xray\X光图片20260330\X光图片20260330\合格\2\5该文件夹里多为直插通孔类型\187\8.jpg,"(269, 675, 734, 1140)"
train,normal,E:\Xray\Xray\pcb_xray_annotation_workspace\bridge_roi_dataset\train\normal\8_22028e6f87_n01.jpg,E:\Xray\X光图片20260330\X光图片20260330\合格\2\5该文件夹里多为直插通孔类型\187\8.jpg,"(387, 1142, 852, 1607)"
train,normal,E:\Xray\Xray\pcb_xray_annotation_workspace\bridge_roi_dataset\train\normal\5_9d16abec4d_n00.jpg,E:\Xray\X光图片20260330\X光图片20260330\合格\1\通孔1\ap2\通孔2\5.jpg,"(1583, 581, 2048, 1046)"
train,normal,E:\Xray\Xray\pcb_xray_annotation_workspace\bridge_roi_dataset\train\normal\5_9d16abec4d_n01.jpg,E:\Xray\X光图片20260330\X光图片20260330\合格\1\通孔1\ap2\通孔2\5.jpg,"(1032, 1482, 1497, 1947)"
train,normal,E:\Xray\Xray\pcb_xray_annotation_workspace\bridge_roi_dataset\train\normal\8_9d7f56519e_n00.jpg,E:\Xray\X光图片20260330\X光图片20260330\合格\2\4图片以表贴类型为主\105\8.jpg,"(2689, 1234, 3154, 1699)"
train,normal,E:\Xray\Xray\pcb_xray_annotation_workspace\bridge_roi_dataset\train\normal\8_9d7f56519e_n01.jpg,E:\Xray\X光图片20260330\X光图片20260330\合格\2\4图片以表贴类型为主\105\8.jpg,"(615, 682, 1080, 1147)"
train,normal,E:\Xray\Xray\pcb_xray_annotation_workspace\bridge_roi_dataset\train\normal\3_9e7e56e657_n00.jpg,E:\Xray\X光图片20260330\X光图片20260330\合格\2\5该文件夹里多为直插通孔类型\179\3.jpg,"(333, 1193, 798, 1658)"
train,normal,E:\Xray\Xray\pcb_xray_annotation_workspace\bridge_roi_dataset\train\normal\3_9e7e56e657_n01.jpg,E:\Xray\X光图片20260330\X光图片20260330\合格\2\5该文件夹里多为直插通孔类型\179\3.jpg,"(2718, 289, 3183, 754)"
train,normal,E:\Xray\Xray\pcb_xray_annotation_workspace\bridge_roi_dataset\train\normal\5_d69533ab2e_n00.jpg,E:\Xray\X光图片20260330\X光图片20260330\合格\4\1多为直插通孔类型，下面文件类似\5.jpg,"(1432, 635, 1897, 1100)"
train,normal,E:\Xray\Xray\pcb_xray_annotation_workspace\bridge_roi_dataset\train\normal\5_d69533ab2e_n01.jpg,E:\Xray\X光图片20260330\X光图片20260330\合格\4\1多为直插通孔类型，下面文件类似\5.jpg,"(2687, 1430, 3152, 1895)"
train,normal,E:\Xray\Xray\pcb_xray_annotation_workspace\bridge_roi_dataset\train\normal\insufficient_through_solder_0008_eb45b622fe_n00.jpg,E:\Xray\Xray\pcb_xray_annotation_workspace\images\insufficient_through_solder\insufficient_through_solder_0008.jpg,"(2712, 802, 3177, 1267)"
train,normal,E:\Xray\Xray\pcb_xray_annotation_workspace\bridge_roi_dataset\train\normal\insufficient_through_solder_0008_eb45b622fe_n01.jpg,E:\Xray\Xray\pcb_xray_annotation_workspace\images\insufficient_through_solder\insufficient_through_solder_0008.jpg,"(528, 1218, 993, 1683)"
train,normal,E:\Xray\Xray\pcb_xray_annotation_workspace\bridge_roi_dataset\train\normal\9_957aaf02f3_n00.jpg,E:\Xray\X光图片20260330\X光图片20260330\合格\2\4图片以表贴类型为主\101\9.jpg,"(347, 634, 812, 1099)"
train,normal,E:\Xray\Xray\pcb_xray_annotation_workspace\bridge_roi_dataset\train\normal\9_957aaf02f3_n01.jpg,E:\Xray\X光图片20260330\X光图片20260330\合格\2\4图片以表贴类型为主\101\9.jpg,"(2289, 771, 2754, 1236)"
train,normal,E:\Xray\Xray\pcb_xray_annotation_workspace\bridge_roi_dataset\train\normal\6_cfa106f8bd_n00.jpg,E:\Xray\X光图片20260330\X光图片20260330\合格\4\3\6.jpg,"(2635, 1621, 3100, 2086)"
train,normal,E:\Xray\Xray\pcb_xray_annotation_workspace\bridge_roi_dataset\train\normal\6_cfa106f8bd_n01.jpg,E:\Xray\X光图片20260330\X光图片20260330\合格\4\3\6.jpg,"(1345, 261, 1810, 726)"
train,normal,E:\Xray\Xray\pcb_xray_annotation_workspace\bridge_roi_dataset\train\normal\9_102cb62dd1_n00.jpg,E:\Xray\X光图片20260330\X光图片20260330\合格\2\5该文件夹里多为直插通孔类型\195\9.jpg,"(2156, 191, 2621, 656)"
train,normal,E:\Xray\Xray\pcb_xray_annotation_workspace\bridge_roi_dataset\train\normal\9_102cb62dd1_n01.jpg,E:\Xray\X光图片20260330\X光图片20260330\合格\2\5该文件夹里多为直插通孔类型\195\9.jpg,"(2646, 1373, 3111, 1838)"
train,normal,E:\Xray\Xray\pcb_xray_annotation_workspace\bridge_roi_dataset\train\normal\9_aadfc97572_n00.jpg,E:\Xray\X光图片20260330\X光图片20260330\合格\2\5该文件夹里多为直插通孔类型\171\9.jpg,"(1734, 1041, 2199, 1506)"
train,normal,E:\Xray\Xray\pcb_xray_annotation_workspace\bridge_roi_dataset\train\normal\9_aadfc97572_n01.jpg,E:\Xray\X光图片20260330\X光图片20260330\合格\2\5该文件夹里多为直插通孔类型\171\9.jpg,"(1482, 37, 1947, 502)"
train,normal,E:\Xray\Xray\pcb_xray_annotation_workspace\bridge_roi_dataset\train\normal\10_3138f4c3cd_n00.jpg,E:\Xray\X光图片20260330\X光图片20260330\合格\2\5该文件夹里多为直插通孔类型\173\10.jpg,"(1485, 632, 1950, 1097)"
train,normal,E:\Xray\Xray\pcb_xray_annotation_workspace\bridge_roi_dataset\train\normal\10_3138f4c3cd_n01.jpg,E:\Xray\X光图片20260330\X光图片20260330\合格\2\5该文件夹里多为直插通孔类型\173\10.jpg,"(738, 438, 1203, 903)"
train,normal,E:\Xray\Xray\pcb_xray_annotation_workspace\bridge_roi_dataset\train\normal\9_0c31ae1ec7_n00.jpg,E:\Xray\X光图片20260330\X光图片20260330\合格\1\表贴及连接器通孔\AP5\73\9.jpg,"(1399, 1569, 1864, 2034)"
train,normal,E:\Xray\Xray\pcb_xray_annotation_workspace\bridge_roi_dataset\train\normal\9_0c31ae1ec7_n01.jpg,E:\Xray\X光图片20260330\X光图片20260330\合格\1\表贴及连接器通孔\AP5\73\9.jpg,"(1991, 393, 2456, 858)"
train,normal,E:\Xray\Xray\pcb_xray_annotation_workspace\bridge_roi_dataset\train\normal\2_f9ffe88e73_n00.jpg,E:\Xray\X光图片20260330\X光图片20260330\合格\2\4图片以表贴类型为主\101\2.jpg,"(927, 281, 1392, 746)"
train,normal,E:\Xray\Xray\pcb_xray_annotation_workspace\bridge_roi_dataset\train\normal\2_f9ffe88e73_n01.jpg,E:\Xray\X光图片20260330\X光图片20260330\合格\2\4图片以表贴类型为主\101\2.jpg,"(634, 158, 1099, 623)"
train,normal,E:\Xray\Xray\pcb_xray_annotation_workspace\bridge_roi_dataset\train\normal\7_6a0edbb7e3_n00.jpg,E:\Xray\X光图片20260330\X光图片20260330\合格\2\5该文件夹里多为直插通孔类型\195\7.jpg,"(1211, 1614, 1676, 2079)"
train,normal,E:\Xray\Xray\pcb_xray_annotation_workspace\bridge_roi_dataset\train\normal\7_6a0edbb7e3_n01.jpg,E:\Xray\X光图片20260330\X光图片20260330\合格\2\5该文件夹里多为直插通孔类型\195\7.jpg,"(414, 1039, 879, 1504)"
train,normal,E:\Xray\Xray\pcb_xray_annotation_workspace\bridge_roi_dataset\train\normal\直插1_ddaf87243a_n00.jpg,E:\Xray\X光图片20260330\X光图片20260330\合格\2\5该文件夹里多为直插通孔类型\185\直插1.jpg,"(2210, 1512, 2675, 1977)"
train,normal,E:\Xray\Xray\pcb_xray_annotation_workspace\bridge_roi_dataset\train\normal\直插1_ddaf87243a_n01.jpg,E:\Xray\X光图片20260330\X光图片20260330\合格\2\5该文件夹里多为直插通孔类型\185\直插1.jpg,"(2156, 77, 2621, 542)"
train,normal,E:\Xray\Xray\pcb_xray_annotation_workspace\bridge_roi_dataset\train\normal\7_9d731e3700_n00.jpg,E:\Xray\X光图片20260330\X光图片20260330\合格\2\5该文件夹里多为直插通孔类型\191\7.jpg,"(2711, 689, 3176, 1154)"
train,normal,E:\Xray\Xray\pcb_xray_annotation_workspace\bridge_roi_dataset\train\normal\7_9d731e3700_n01.jpg,E:\Xray\X光图片20260330\X光图片20260330\合格\2\5该文件夹里多为直插通孔类型\191\7.jpg,"(2531, 268, 2996, 733)"
train,normal,E:\Xray\Xray\pcb_xray_annotation_workspace\bridge_roi_dataset\train\normal\通孔1_2f9c156772_n00.jpg,E:\Xray\X光图片20260330\X光图片20260330\合格\2\1多为直插通孔\38\通孔1.jpg,"(2446, 771, 2911, 1236)"
train,normal,E:\Xray\Xray\pcb_xray_annotation_workspace\bridge_roi_dataset\train\normal\通孔1_2f9c156772_n01.jpg,E:\Xray\X光图片20260330\X光图片20260330\合格\2\1多为直插通孔\38\通孔1.jpg,"(631, 332, 1096, 797)"
train,normal,E:\Xray\Xray\pcb_xray_annotation_workspace\bridge_roi_dataset\train\normal\4_891a61831a_n00.jpg,E:\Xray\X光图片20260330\X光图片20260330\合格\2\1多为直插通孔\39\4.jpg,"(740, 1418, 1205, 1883)"
train,normal,E:\Xray\Xray\pcb_xray_annotation_workspace\bridge_roi_dataset\train\normal\4_891a61831a_n01.jpg,E:\Xray\X光图片20260330\X光图片20260330\合格\2\1多为直插通孔\39\4.jpg,"(2558, 1656, 3023, 2121)"
train,normal,E:\Xray\Xray\pcb_xray_annotation_workspace\bridge_roi_dataset\train\normal\表贴1_6ec89be856_n00.jpg,E:\Xray\X光图片20260330\X光图片20260330\合格\3\1\27\表贴1.jpg,"(678, 1476, 1143, 1941)"
train,normal,E:\Xray\Xray\pcb_xray_annotation_workspace\bridge_roi_dataset\train\normal\表贴1_6ec89be856_n01.jpg,E:\Xray\X光图片20260330\X光图片20260330\合格\3\1\27\表贴1.jpg,"(1792, 89, 2257, 554)"
train,normal,E:\Xray\Xray\pcb_xray_annotation_workspace\bridge_roi_dataset\train\normal\7_36a0a171ef_n00.jpg,E:\Xray\X光图片20260330\X光图片20260330\合格\2\5该文件夹里多为直插通孔类型\177\7.jpg,"(1682, 746, 2147, 1211)"
train,normal,E:\Xray\Xray\pcb_xray_annotation_workspace\bridge_roi_dataset\train\normal\7_36a0a171ef_n01.jpg,E:\Xray\X光图片20260330\X光图片20260330\合格\2\5该文件夹里多为直插通孔类型\177\7.jpg,"(972, 909, 1437, 1374)"
train,normal,E:\Xray\Xray\pcb_xray_annotation_workspace\bridge_roi_dataset\train\normal\13_977eea80ae_n00.jpg,E:\Xray\X光图片20260330\X光图片20260330\合格\2\3表贴，存在直插通孔\AP5\11\13.jpg,"(2500, 583, 2965, 1048)"
train,normal,E:\Xray\Xray\pcb_xray_annotation_workspace\bridge_roi_dataset\train\normal\13_977eea80ae_n01.jpg,E:\Xray\X光图片20260330\X光图片20260330\合格\2\3表贴，存在直插通孔\AP5\11\13.jpg,"(1838, 479, 2303, 944)"
train,normal,E:\Xray\Xray\pcb_xray_annotation_workspace\bridge_roi_dataset\train\normal\7_c0f9cd227d_n00.jpg,E:\Xray\X光图片20260330\X光图片20260330\合格\2\4图片以表贴类型为主\103\7.jpg,"(2187, 489, 2652, 954)"
train,normal,E:\Xray\Xray\pcb_xray_annotation_workspace\bridge_roi_dataset\train\normal\7_c0f9cd227d_n01.jpg,E:\Xray\X光图片20260330\X光图片20260330\合格\2\4图片以表贴类型为主\103\7.jpg,"(1267, 1656, 1732, 2121)"
train,normal,E:\Xray\Xray\pcb_xray_annotation_workspace\bridge_roi_dataset\train\normal\12_5caa9af3b1_n00.jpg,E:\Xray\X光图片20260330\X光图片20260330\合格\2\5该文件夹里多为直插通孔类型\171\12.jpg,"(1921, 397, 2386, 862)"
train,normal,E:\Xray\Xray\pcb_xray_annotation_workspace\bridge_roi_dataset\train\normal\12_5caa9af3b1_n01.jpg,E:\Xray\X光图片20260330\X光图片20260330\合格\2\5该文件夹里多为直插通孔类型\171\12.jpg,"(1506, 1389, 1971, 1854)"
train,normal,E:\Xray\Xray\pcb_xray_annotation_workspace\bridge_roi_dataset\train\normal\4_a73405dccc_n00.jpg,E:\Xray\X光图片20260330\X光图片20260330\合格\2\5该文件夹里多为直插通孔类型\180\4.jpg,"(2336, 902, 2801, 1367)"
train,normal,E:\Xray\Xray\pcb_xray_annotation_workspace\bridge_roi_dataset\train\normal\4_a73405dccc_n01.jpg,E:\Xray\X光图片20260330\X光图片20260330\合格\2\5该文件夹里多为直插通孔类型\180\4.jpg,"(1891, 1575, 2356, 2040)"
train,normal,E:\Xray\Xray\pcb_xray_annotation_workspace\bridge_roi_dataset\train\normal\2_75b476c2d1_n00.jpg,E:\Xray\X光图片20260330\X光图片20260330\合格\2\5该文件夹里多为直插通孔类型\173\2.jpg,"(1154, 1593, 1619, 2058)"
train,normal,E:\Xray\Xray\pcb_xray_annotation_workspace\bridge_roi_dataset\train\normal\2_75b476c2d1_n01.jpg,E:\Xray\X光图片20260330\X光图片20260330\合格\2\5该文件夹里多为直插通孔类型\173\2.jpg,"(1564, 1029, 2029, 1494)"
train,normal,E:\Xray\Xray\pcb_xray_annotation_workspace\bridge_roi_dataset\train\normal\5_ac77b628db_n00.jpg,E:\Xray\X光图片20260330\X光图片20260330\合格\2\1多为直插通孔\39\5.jpg,"(2160, 857, 2625, 1322)"
train,normal,E:\Xray\Xray\pcb_xray_annotation_workspace\bridge_roi_dataset\train\normal\5_ac77b628db_n01.jpg,E:\Xray\X光图片20260330\X光图片20260330\合格\2\1多为直插通孔\39\5.jpg,"(663, 408, 1128, 873)"
train,normal,E:\Xray\Xray\pcb_xray_annotation_workspace\bridge_roi_dataset\train\normal\4_ff26c85ccb_n00.jpg,E:\Xray\X光图片20260330\X光图片20260330\合格\1\表贴及连接器通孔1\AP6\73\4.jpg,"(2476, 283, 2941, 748)"
train,normal,E:\Xray\Xray\pcb_xray_annotation_workspace\bridge_roi_dataset\train\normal\4_ff26c85ccb_n01.jpg,E:\Xray\X光图片20260330\X光图片20260330\合格\1\表贴及连接器通孔1\AP6\73\4.jpg,"(1024, 106, 1489, 571)"
train,normal,E:\Xray\Xray\pcb_xray_annotation_workspace\bridge_roi_dataset\train\normal\1_6a80f096ec_n00.jpg,E:\Xray\X光图片20260330\X光图片20260330\合格\2\5该文件夹里多为直插通孔类型\176\1.jpg,"(2626, 984, 3091, 1449)"
train,normal,E:\Xray\Xray\pcb_xray_annotation_workspace\bridge_roi_dataset\train\normal\1_6a80f096ec_n01.jpg,E:\Xray\X光图片20260330\X光图片20260330\合格\2\5该文件夹里多为直插通孔类型\176\1.jpg,"(1520, 1135, 1985, 1600)"
train,normal,E:\Xray\Xray\pcb_xray_annotation_workspace\bridge_roi_dataset\train\normal\3_9b9aae76d3_n00.jpg,E:\Xray\X光图片20260330\X光图片20260330\合格\2\4图片以表贴类型为主\102\3.jpg,"(420, 1456, 885, 1921)"
train,normal,E:\Xray\Xray\pcb_xray_annotation_workspace\bridge_roi_dataset\train\normal\3_9b9aae76d3_n01.jpg,E:\Xray\X光图片20260330\X光图片20260330\合格\2\4图片以表贴类型为主\102\3.jpg,"(2113, 255, 2578, 720)"
train,normal,E:\Xray\Xray\pcb_xray_annotation_workspace\bridge_roi_dataset\train\normal\10_6740e03da6_n00.jpg,E:\Xray\X光图片20260330\X光图片20260330\合格\2\5该文件夹里多为直插通孔类型\191\10.jpg,"(1167, 171, 1632, 636)"
train,normal,E:\Xray\Xray\pcb_xray_annotation_workspace\bridge_roi_dataset\train\normal\10_6740e03da6_n01.jpg,E:\Xray\X光图片20260330\X光图片20260330\合格\2\5该文件夹里多为直插通孔类型\191\10.jpg,"(656, 558, 1121, 1023)"
train,normal,E:\Xray\Xray\pcb_xray_annotation_workspace\bridge_roi_dataset\train\normal\5_db8a3b6589_n00.jpg,E:\Xray\X光图片20260330\X光图片20260330\合格\2\5该文件夹里多为直插通孔类型\194\5.jpg,"(1840, 1051, 2305, 1516)"
train,normal,E:\Xray\Xray\pcb_xray_annotation_workspace\bridge_roi_dataset\train\normal\5_db8a3b6589_n01.jpg,E:\Xray\X光图片20260330\X光图片20260330\合格\2\5该文件夹里多为直插通孔类型\194\5.jpg,"(603, 895, 1068, 1360)"
train,normal,E:\Xray\Xray\pcb_xray_annotation_workspace\bridge_roi_dataset\train\normal\void_0102_f697d4d805_n00.jpg,E:\Xray\Xray\pcb_xray_annotation_workspace\images\void\void_0102.jpg,"(187, 454, 652, 919)"
train,normal,E:\Xray\Xray\pcb_xray_annotation_workspace\bridge_roi_dataset\train\normal\void_0102_f697d4d805_n01.jpg,E:\Xray\Xray\pcb_xray_annotation_workspace\images\void\void_0102.jpg,"(1672, 923, 2137, 1388)"
train,normal,E:\Xray\Xray\pcb_xray_annotation_workspace\bridge_roi_dataset\train\normal\表贴1_7c0bef6535_n00.jpg,E:\Xray\X光图片20260330\X光图片20260330\合格\1\表贴及连接器通孔\AP3\73\表贴1.jpg,"(1431, 54, 1896, 519)"
train,normal,E:\Xray\Xray\pcb_xray_annotation_workspace\bridge_roi_dataset\train\normal\表贴1_7c0bef6535_n01.jpg,E:\Xray\X光图片20260330\X光图片20260330\合格\1\表贴及连接器通孔\AP3\73\表贴1.jpg,"(1699, 109, 2164, 574)"
train,normal,E:\Xray\Xray\pcb_xray_annotation_workspace\bridge_roi_dataset\train\normal\3_dd7174aa0a_n00.jpg,E:\Xray\X光图片20260330\X光图片20260330\合格\2\1多为直插通孔\41\3.jpg,"(1623, 1028, 2088, 1493)"
train,normal,E:\Xray\Xray\pcb_xray_annotation_workspace\bridge_roi_dataset\train\normal\3_dd7174aa0a_n01.jpg,E:\Xray\X光图片20260330\X光图片20260330\合格\2\1多为直插通孔\41\3.jpg,"(1531, 482, 1996, 947)"
train,normal,E:\Xray\Xray\pcb_xray_annotation_workspace\bridge_roi_dataset\train\normal\2_c5e88eea8d_n00.jpg,E:\Xray\X光图片20260330\X光图片20260330\合格\2\5该文件夹里多为直插通孔类型\177\2.jpg,"(1581, 167, 2046, 632)"
train,normal,E:\Xray\Xray\pcb_xray_annotation_workspace\bridge_roi_dataset\train\normal\2_c5e88eea8d_n01.jpg,E:\Xray\X光图片20260330\X光图片20260330\合格\2\5该文件夹里多为直插通孔类型\177\2.jpg,"(1535, 459, 2000, 924)"
train,normal,E:\Xray\Xray\pcb_xray_annotation_workspace\bridge_roi_dataset\train\normal\5_818ea5f871_n00.jpg,E:\Xray\X光图片20260330\X光图片20260330\合格\1\表贴及连接器通孔1\AP7\73\5.jpg,"(115, 652, 580, 1117)"
train,normal,E:\Xray\Xray\pcb_xray_annotation_workspace\bridge_roi_dataset\train\normal\5_818ea5f871_n01.jpg,E:\Xray\X光图片20260330\X光图片20260330\合格\1\表贴及连接器通孔1\AP7\73\5.jpg,"(405, 1463, 870, 1928)"
train,normal,E:\Xray\Xray\pcb_xray_annotation_workspace\bridge_roi_dataset\train\normal\7_8ac34106f1_n00.jpg,E:\Xray\X光图片20260330\X光图片20260330\合格\1\表贴及连接器通孔\AP4\73\7.jpg,"(2662, 686, 3127, 1151)"
train,normal,E:\Xray\Xray\pcb_xray_annotation_workspace\bridge_roi_dataset\train\normal\7_8ac34106f1_n01.jpg,E:\Xray\X光图片20260330\X光图片20260330\合格\1\表贴及连接器通孔\AP4\73\7.jpg,"(598, 281, 1063, 746)"
train,normal,E:\Xray\Xray\pcb_xray_annotation_workspace\bridge_roi_dataset\train\normal\8_e0a18825db_n00.jpg,E:\Xray\X光图片20260330\X光图片20260330\合格\2\5该文件夹里多为直插通孔类型\194\8.jpg,"(156, 587, 621, 1052)"
train,normal,E:\Xray\Xray\pcb_xray_annotation_workspace\bridge_roi_dataset\train\normal\8_e0a18825db_n01.jpg,E:\Xray\X光图片20260330\X光图片20260330\合格\2\5该文件夹里多为直插通孔类型\194\8.jpg,"(1935, 1425, 2400, 1890)"
train,normal,E:\Xray\Xray\pcb_xray_annotation_workspace\bridge_roi_dataset\train\normal\7_41dfcea713_n00.jpg,E:\Xray\X光图片20260330\X光图片20260330\合格\2\5该文件夹里多为直插通孔类型\175\7.jpg,"(568, 1554, 1033, 2019)"
train,normal,E:\Xray\Xray\pcb_xray_annotation_workspace\bridge_roi_dataset\train\normal\7_41dfcea713_n01.jpg,E:\Xray\X光图片20260330\X光图片20260330\合格\2\5该文件夹里多为直插通孔类型\175\7.jpg,"(1921, 918, 2386, 1383)"
train,normal,E:\Xray\Xray\pcb_xray_annotation_workspace\bridge_roi_dataset\train\normal\void_0091_2a68b0cf53_n00.jpg,E:\Xray\Xray\pcb_xray_annotation_workspace\images\void\void_0091.jpg,"(5, 20, 470, 485)"
train,normal,E:\Xray\Xray\pcb_xray_annotation_workspace\bridge_roi_dataset\train\normal\void_0091_2a68b0cf53_n01.jpg,E:\Xray\Xray\pcb_xray_annotation_workspace\images\void\void_0091.jpg,"(19, 65, 484, 530)"
train,normal,E:\Xray\Xray\pcb_xray_annotation_workspace\bridge_roi_dataset\train\normal\6_8579d6ecd9_n00.jpg,E:\Xray\X光图片20260330\X光图片20260330\合格\2\5该文件夹里多为直插通孔类型\187\6.jpg,"(883, 306, 1348, 771)"
train,normal,E:\Xray\Xray\pcb_xray_annotation_workspace\bridge_roi_dataset\train\normal\6_8579d6ecd9_n01.jpg,E:\Xray\X光图片20260330\X光图片20260330\合格\2\5该文件夹里多为直插通孔类型\187\6.jpg,"(2247, 1489, 2712, 1954)"
train,normal,E:\Xray\Xray\pcb_xray_annotation_workspace\bridge_roi_dataset\train\normal\void_0025_8010f40660_n00.jpg,E:\Xray\Xray\pcb_xray_annotation_workspace\images\void\void_0025.jpg,"(2493, 1080, 2958, 1545)"
train,normal,E:\Xray\Xray\pcb_xray_annotation_workspace\bridge_roi_dataset\train\normal\void_0025_8010f40660_n01.jpg,E:\Xray\Xray\pcb_xray_annotation_workspace\images\void\void_0025.jpg,"(1733, 227, 2198, 692)"
train,normal,E:\Xray\Xray\pcb_xray_annotation_workspace\bridge_roi_dataset\train\normal\insufficient_through_solder_0002_a5b33e6eb4_n00.jpg,E:\Xray\Xray\pcb_xray_annotation_workspace\images\insufficient_through_solder\insufficient_through_solder_0002.jpg,"(1180, 486, 1645, 951)"
train,normal,E:\Xray\Xray\pcb_xray_annotation_workspace\bridge_roi_dataset\train\normal\insufficient_through_solder_0002_a5b33e6eb4_n01.jpg,E:\Xray\Xray\pcb_xray_annotation_workspace\images\insufficient_through_solder\insufficient_through_solder_0002.jpg,"(1233, 249, 1698, 714)"
train,normal,E:\Xray\Xray\pcb_xray_annotation_workspace\bridge_roi_dataset\train\normal\10_58920a177e_n00.jpg,E:\Xray\X光图片20260330\X光图片20260330\合格\2\5该文件夹里多为直插通孔类型\177\10.jpg,"(195, 488, 660, 953)"
train,normal,E:\Xray\Xray\pcb_xray_annotation_workspace\bridge_roi_dataset\train\normal\10_58920a177e_n01.jpg,E:\Xray\X光图片20260330\X光图片20260330\合格\2\5该文件夹里多为直插通孔类型\177\10.jpg,"(1719, 1308, 2184, 1773)"
train,normal,E:\Xray\Xray\pcb_xray_annotation_workspace\bridge_roi_dataset\train\normal\6_08e81059b5_n00.jpg,E:\Xray\X光图片20260330\X光图片20260330\合格\1\表贴及连接器通孔1\AP6\73\6.jpg,"(2551, 936, 3016, 1401)"
train,normal,E:\Xray\Xray\pcb_xray_annotation_workspace\bridge_roi_dataset\train\normal\6_08e81059b5_n01.jpg,E:\Xray\X光图片20260330\X光图片20260330\合格\1\表贴及连接器通孔1\AP6\73\6.jpg,"(257, 227, 722, 692)"
train,normal,E:\Xray\Xray\pcb_xray_annotation_workspace\bridge_roi_dataset\train\normal\7_e686caa4f7_n00.jpg,E:\Xray\X光图片20260330\X光图片20260330\合格\2\5该文件夹里多为直插通孔类型\178\7.jpg,"(2047, 1222, 2512, 1687)"
train,normal,E:\Xray\Xray\pcb_xray_annotation_workspace\bridge_roi_dataset\train\normal\7_e686caa4f7_n01.jpg,E:\Xray\X光图片20260330\X光图片20260330\合格\2\5该文件夹里多为直插通孔类型\178\7.jpg,"(2195, 33, 2660, 498)"
train,normal,E:\Xray\Xray\pcb_xray_annotation_workspace\bridge_roi_dataset\train\normal\4_7acf9aa979_n00.jpg,E:\Xray\X光图片20260330\X光图片20260330\合格\2\5该文件夹里多为直插通孔类型\192\4.jpg,"(2588, 1055, 3053, 1520)"
train,normal,E:\Xray\Xray\pcb_xray_annotation_workspace\bridge_roi_dataset\train\normal\4_7acf9aa979_n01.jpg,E:\Xray\X光图片20260330\X光图片20260330\合格\2\5该文件夹里多为直插通孔类型\192\4.jpg,"(2355, 495, 2820, 960)"
train,normal,E:\Xray\Xray\pcb_xray_annotation_workspace\bridge_roi_dataset\train\normal\2_2cf68eba3d_n00.jpg,E:\Xray\X光图片20260330\X光图片20260330\合格\2\5该文件夹里多为直插通孔类型\190\2.jpg,"(588, 596, 1053, 1061)"
train,normal,E:\Xray\Xray\pcb_xray_annotation_workspace\bridge_roi_dataset\train\normal\2_2cf68eba3d_n01.jpg,E:\Xray\X光图片20260330\X光图片20260330\合格\2\5该文件夹里多为直插通孔类型\190\2.jpg,"(1758, 3, 2223, 468)"
train,normal,E:\Xray\Xray\pcb_xray_annotation_workspace\bridge_roi_dataset\train\normal\10_4d44919017_n00.jpg,E:\Xray\X光图片20260330\X光图片20260330\合格\2\5该文件夹里多为直插通孔类型\193\10.jpg,"(2518, 722, 2983, 1187)"
train,normal,E:\Xray\Xray\pcb_xray_annotation_workspace\bridge_roi_dataset\train\normal\10_4d44919017_n01.jpg,E:\Xray\X光图片20260330\X光图片20260330\合格\2\5该文件夹里多为直插通孔类型\193\10.jpg,"(985, 1168, 1450, 1633)"
train,normal,E:\Xray\Xray\pcb_xray_annotation_workspace\bridge_roi_dataset\train\normal\6_50d0da0ffb_n00.jpg,E:\Xray\X光图片20260330\X光图片20260330\合格\1\表贴及连接器通孔\AP4\74\6.jpg,"(1706, 383, 2171, 848)"
train,normal,E:\Xray\Xray\pcb_xray_annotation_workspace\bridge_roi_dataset\train\normal\6_50d0da0ffb_n01.jpg,E:\Xray\X光图片20260330\X光图片20260330\合格\1\表贴及连接器通孔\AP4\74\6.jpg,"(2721, 1368, 3186, 1833)"
train,normal,E:\Xray\Xray\pcb_xray_annotation_workspace\bridge_roi_dataset\train\normal\insufficient_through_solder_0102_e1a096c219_n00.jpg,E:\Xray\Xray\pcb_xray_annotation_workspace\images\insufficient_through_solder\insufficient_through_solder_0102.jpg,"(87, 134, 552, 599)"
train,normal,E:\Xray\Xray\pcb_xray_annotation_workspace\bridge_roi_dataset\train\normal\insufficient_through_solder_0102_e1a096c219_n01.jpg,E:\Xray\Xray\pcb_xray_annotation_workspace\images\insufficient_through_solder\insufficient_through_solder_0102.jpg,"(369, 17, 834, 482)"
train,normal,E:\Xray\Xray\pcb_xray_annotation_workspace\bridge_roi_dataset\train\normal\5_d937642827_n00.jpg,E:\Xray\X光图片20260330\X光图片20260330\合格\2\5该文件夹里多为直插通孔类型\174\5.jpg,"(2154, 1114, 2619, 1579)"
train,normal,E:\Xray\Xray\pcb_xray_annotation_workspace\bridge_roi_dataset\train\normal\5_d937642827_n01.jpg,E:\Xray\X光图片20260330\X光图片20260330\合格\2\5该文件夹里多为直插通孔类型\174\5.jpg,"(2078, 1610, 2543, 2075)"
train,normal,E:\Xray\Xray\pcb_xray_annotation_workspace\bridge_roi_dataset\train\normal\8_0e68a77edb_n00.jpg,E:\Xray\X光图片20260330\X光图片20260330\合格\1\表贴及连接器通孔2\075\8.jpg,"(2079, 1134, 2544, 1599)"
train,normal,E:\Xray\Xray\pcb_xray_annotation_workspace\bridge_roi_dataset\train\normal\8_0e68a77edb_n01.jpg,E:\Xray\X光图片20260330\X光图片20260330\合格\1\表贴及连接器通孔2\075\8.jpg,"(83, 799, 548, 1264)"
train,normal,E:\Xray\Xray\pcb_xray_annotation_workspace\bridge_roi_dataset\train\normal\3_1cba211891_n00.jpg,E:\Xray\X光图片20260330\X光图片20260330\合格\2\5该文件夹里多为直插通孔类型\174\3.jpg,"(1925, 89, 2390, 554)"
train,normal,E:\Xray\Xray\pcb_xray_annotation_workspace\bridge_roi_dataset\train\normal\3_1cba211891_n01.jpg,E:\Xray\X光图片20260330\X光图片20260330\合格\2\5该文件夹里多为直插通孔类型\174\3.jpg,"(2603, 792, 3068, 1257)"
train,normal,E:\Xray\Xray\pcb_xray_annotation_workspace\bridge_roi_dataset\train\normal\10_3c6a77f0e0_n00.jpg,E:\Xray\X光图片20260330\X光图片20260330\合格\3\2\27\10.jpg,"(1529, 519, 1994, 984)"
train,normal,E:\Xray\Xray\pcb_xray_annotation_workspace\bridge_roi_dataset\train\normal\10_3c6a77f0e0_n01.jpg,E:\Xray\X光图片20260330\X光图片20260330\合格\3\2\27\10.jpg,"(66, 731, 531, 1196)"
train,normal,E:\Xray\Xray\pcb_xray_annotation_workspace\bridge_roi_dataset\train\normal\4_58ea8369dd_n00.jpg,E:\Xray\X光图片20260330\X光图片20260330\合格\1\表贴及连接器通孔\AP4\74\4.jpg,"(276, 706, 741, 1171)"
train,normal,E:\Xray\Xray\pcb_xray_annotation_workspace\bridge_roi_dataset\train\normal\4_58ea8369dd_n01.jpg,E:\Xray\X光图片20260330\X光图片20260330\合格\1\表贴及连接器通孔\AP4\74\4.jpg,"(987, 1501, 1452, 1966)"
train,normal,E:\Xray\Xray\pcb_xray_annotation_workspace\bridge_roi_dataset\train\normal\insufficient_through_solder_0009_859339ec6e_n00.jpg,E:\Xray\Xray\pcb_xray_annotation_workspace\images\insufficient_through_solder\insufficient_through_solder_0009.jpg,"(2691, 1286, 3156, 1751)"
train,normal,E:\Xray\Xray\pcb_xray_annotation_workspace\bridge_roi_dataset\train\normal\insufficient_through_solder_0009_859339ec6e_n01.jpg,E:\Xray\Xray\pcb_xray_annotation_workspace\images\insufficient_through_solder\insufficient_through_solder_0009.jpg,"(424, 1580, 889, 2045)"
train,normal,E:\Xray\Xray\pcb_xray_annotation_workspace\bridge_roi_dataset\train\normal\1_ed71aaf88b_n00.jpg,E:\Xray\X光图片20260330\X光图片20260330\合格\1\表贴及连接器通孔2\076\1.jpg,"(2383, 1505, 2848, 1970)"
train,normal,E:\Xray\Xray\pcb_xray_annotation_workspace\bridge_roi_dataset\train\normal\1_ed71aaf88b_n01.jpg,E:\Xray\X光图片20260330\X光图片20260330\合格\1\表贴及连接器通孔2\076\1.jpg,"(1361, 273, 1826, 738)"
train,normal,E:\Xray\Xray\pcb_xray_annotation_workspace\bridge_roi_dataset\train\normal\9_3a75ae5ef0_n00.jpg,E:\Xray\X光图片20260330\X光图片20260330\合格\4\5\9.jpg,"(181, 721, 646, 1186)"
train,normal,E:\Xray\Xray\pcb_xray_annotation_workspace\bridge_roi_dataset\train\normal\9_3a75ae5ef0_n01.jpg,E:\Xray\X光图片20260330\X光图片20260330\合格\4\5\9.jpg,"(2236, 693, 2701, 1158)"
train,normal,E:\Xray\Xray\pcb_xray_annotation_workspace\bridge_roi_dataset\train\normal\6_0d5b9f5d15_n00.jpg,E:\Xray\X光图片20260330\X光图片20260330\合格\4\5\6.jpg,"(2632, 358, 3097, 823)"
train,normal,E:\Xray\Xray\pcb_xray_annotation_workspace\bridge_roi_dataset\train\normal\6_0d5b9f5d15_n01.jpg,E:\Xray\X光图片20260330\X光图片20260330\合格\4\5\6.jpg,"(1903, 1424, 2368, 1889)"
train,normal,E:\Xray\Xray\pcb_xray_annotation_workspace\bridge_roi_dataset\train\normal\1_08ee983064_n00.jpg,E:\Xray\X光图片20260330\X光图片20260330\合格\2\5该文件夹里多为直插通孔类型\188\1.jpg,"(1960, 1293, 2425, 1758)"
train,normal,E:\Xray\Xray\pcb_xray_annotation_workspace\bridge_roi_dataset\train\normal\1_08ee983064_n01.jpg,E:\Xray\X光图片20260330\X光图片20260330\合格\2\5该文件夹里多为直插通孔类型\188\1.jpg,"(746, 276, 1211, 741)"
train,normal,E:\Xray\Xray\pcb_xray_annotation_workspace\bridge_roi_dataset\train\normal\void_0002_658d0f8b03_n00.jpg,E:\Xray\Xray\pcb_xray_annotation_workspace\images\void\void_0002.jpg,"(258, 1466, 723, 1931)"
train,normal,E:\Xray\Xray\pcb_xray_annotation_workspace\bridge_roi_dataset\train\normal\void_0002_658d0f8b03_n01.jpg,E:\Xray\Xray\pcb_xray_annotation_workspace\images\void\void_0002.jpg,"(1874, 75, 2339, 540)"
train,normal,E:\Xray\Xray\pcb_xray_annotation_workspace\bridge_roi_dataset\train\normal\3_2fde5ffbea_n00.jpg,E:\Xray\X光图片20260330\X光图片20260330\合格\1\表贴及连接器通孔2\073\3.jpg,"(1201, 412, 1666, 877)"
train,normal,E:\Xray\Xray\pcb_xray_annotation_workspace\bridge_roi_dataset\train\normal\3_2fde5ffbea_n01.jpg,E:\Xray\X光图片20260330\X光图片20260330\合格\1\表贴及连接器通孔2\073\3.jpg,"(179, 1620, 644, 2085)"
train,normal,E:\Xray\Xray\pcb_xray_annotation_workspace\bridge_roi_dataset\train\normal\1_93f6532130_n00.jpg,E:\Xray\X光图片20260330\X光图片20260330\合格\1\表贴及连接器通孔2\075\1.jpg,"(817, 85, 1282, 550)"
train,normal,E:\Xray\Xray\pcb_xray_annotation_workspace\bridge_roi_dataset\train\normal\1_93f6532130_n01.jpg,E:\Xray\X光图片20260330\X光图片20260330\合格\1\表贴及连接器通孔2\075\1.jpg,"(1292, 635, 1757, 1100)"
train,normal,E:\Xray\Xray\pcb_xray_annotation_workspace\bridge_roi_dataset\train\normal\insufficient_through_solder_0017_f489ad98b8_n00.jpg,E:\Xray\Xray\pcb_xray_annotation_workspace\images\insufficient_through_solder\insufficient_through_solder_0017.jpg,"(1055, 815, 1520, 1280)"
train,normal,E:\Xray\Xray\pcb_xray_annotation_workspace\bridge_roi_dataset\train\normal\insufficient_through_solder_0017_f489ad98b8_n01.jpg,E:\Xray\Xray\pcb_xray_annotation_workspace\images\insufficient_through_solder\insufficient_through_solder_0017.jpg,"(1112, 969, 1577, 1434)"
train,normal,E:\Xray\Xray\pcb_xray_annotation_workspace\bridge_roi_dataset\train\normal\8_ef8a18468a_n00.jpg,E:\Xray\X光图片20260330\X光图片20260330\合格\2\5该文件夹里多为直插通孔类型\173\8.jpg,"(1037, 74, 1502, 539)"
train,normal,E:\Xray\Xray\pcb_xray_annotation_workspace\bridge_roi_dataset\train\normal\8_ef8a18468a_n01.jpg,E:\Xray\X光图片20260330\X光图片20260330\合格\2\5该文件夹里多为直插通孔类型\173\8.jpg,"(2649, 391, 3114, 856)"
train,normal,E:\Xray\Xray\pcb_xray_annotation_workspace\bridge_roi_dataset\train\normal\7_c79d7d7b76_n00.jpg,E:\Xray\X光图片20260330\X光图片20260330\合格\2\5该文件夹里多为直插通孔类型\188\7.jpg,"(1171, 731, 1636, 1196)"
train,normal,E:\Xray\Xray\pcb_xray_annotation_workspace\bridge_roi_dataset\train\normal\7_c79d7d7b76_n01.jpg,E:\Xray\X光图片20260330\X光图片20260330\合格\2\5该文件夹里多为直插通孔类型\188\7.jpg,"(195, 1342, 660, 1807)"
train,normal,E:\Xray\Xray\pcb_xray_annotation_workspace\bridge_roi_dataset\train\normal\12_d7008f2619_n00.jpg,E:\Xray\X光图片20260330\X光图片20260330\合格\2\4图片以表贴类型为主\101\12.jpg,"(1359, 559, 1824, 1024)"
train,normal,E:\Xray\Xray\pcb_xray_annotation_workspace\bridge_roi_dataset\train\normal\12_d7008f2619_n01.jpg,E:\Xray\X光图片20260330\X光图片20260330\合格\2\4图片以表贴类型为主\101\12.jpg,"(509, 1637, 974, 2102)"
train,normal,E:\Xray\Xray\pcb_xray_annotation_workspace\bridge_roi_dataset\train\normal\5_d387e8be40_n00.jpg,E:\Xray\X光图片20260330\X光图片20260330\合格\2\5该文件夹里多为直插通孔类型\176\5.jpg,"(1507, 894, 1972, 1359)"
train,normal,E:\Xray\Xray\pcb_xray_annotation_workspace\bridge_roi_dataset\train\normal\5_d387e8be40_n01.jpg,E:\Xray\X光图片20260330\X光图片20260330\合格\2\5该文件夹里多为直插通孔类型\176\5.jpg,"(1638, 1522, 2103, 1987)"
train,normal,E:\Xray\Xray\pcb_xray_annotation_workspace\bridge_roi_dataset\train\normal\4_9c350aa8df_n00.jpg,E:\Xray\X光图片20260330\X光图片20260330\合格\2\5该文件夹里多为直插通孔类型\193\4.jpg,"(1801, 791, 2266, 1256)"
train,normal,E:\Xray\Xray\pcb_xray_annotation_workspace\bridge_roi_dataset\train\normal\4_9c350aa8df_n01.jpg,E:\Xray\X光图片20260330\X光图片20260330\合格\2\5该文件夹里多为直插通孔类型\193\4.jpg,"(1388, 382, 1853, 847)"
train,normal,E:\Xray\Xray\pcb_xray_annotation_workspace\bridge_roi_dataset\train\normal\9_7848a05574_n00.jpg,E:\Xray\X光图片20260330\X光图片20260330\合格\2\4图片以表贴类型为主\103\9.jpg,"(2032, 1417, 2497, 1882)"
train,normal,E:\Xray\Xray\pcb_xray_annotation_workspace\bridge_roi_dataset\train\normal\9_7848a05574_n01.jpg,E:\Xray\X光图片20260330\X光图片20260330\合格\2\4图片以表贴类型为主\103\9.jpg,"(2037, 752, 2502, 1217)"
train,normal,E:\Xray\Xray\pcb_xray_annotation_workspace\bridge_roi_dataset\train\normal\insufficient_through_solder_0082_31f3665d0e_n00.jpg,E:\Xray\Xray\pcb_xray_annotation_workspace\images\insufficient_through_solder\insufficient_through_solder_0082.jpg,"(1892, 1063, 2357, 1528)"
train,normal,E:\Xray\Xray\pcb_xray_annotation_workspace\bridge_roi_dataset\train\normal\insufficient_through_solder_0082_31f3665d0e_n01.jpg,E:\Xray\Xray\pcb_xray_annotation_workspace\images\insufficient_through_solder\insufficient_through_solder_0082.jpg,"(546, 169, 1011, 634)"
train,normal,E:\Xray\Xray\pcb_xray_annotation_workspace\bridge_roi_dataset\train\normal\4_18d536a571_n00.jpg,E:\Xray\X光图片20260330\X光图片20260330\合格\1\通孔1\ap1\通孔2\4.jpg,"(1738, 161, 2203, 626)"
train,normal,E:\Xray\Xray\pcb_xray_annotation_workspace\bridge_roi_dataset\train\normal\4_18d536a571_n01.jpg,E:\Xray\X光图片20260330\X光图片20260330\合格\1\通孔1\ap1\通孔2\4.jpg,"(1763, 1233, 2228, 1698)"
train,normal,E:\Xray\Xray\pcb_xray_annotation_workspace\bridge_roi_dataset\train\normal\9_c4701a8848_n00.jpg,E:\Xray\X光图片20260330\X光图片20260330\合格\2\5该文件夹里多为直插通孔类型\187\9.jpg,"(739, 1117, 1204, 1582)"
train,normal,E:\Xray\Xray\pcb_xray_annotation_workspace\bridge_roi_dataset\train\normal\9_c4701a8848_n01.jpg,E:\Xray\X光图片20260330\X光图片20260330\合格\2\5该文件夹里多为直插通孔类型\187\9.jpg,"(1203, 657, 1668, 1122)"
train,normal,E:\Xray\Xray\pcb_xray_annotation_workspace\bridge_roi_dataset\train\normal\2_c9308c7b04_n00.jpg,E:\Xray\X光图片20260330\X光图片20260330\合格\2\5该文件夹里多为直插通孔类型\193\2.jpg,"(420, 163, 885, 628)"
train,normal,E:\Xray\Xray\pcb_xray_annotation_workspace\bridge_roi_dataset\train\normal\2_c9308c7b04_n01.jpg,E:\Xray\X光图片20260330\X光图片20260330\合格\2\5该文件夹里多为直插通孔类型\193\2.jpg,"(1343, 1353, 1808, 1818)"
train,normal,E:\Xray\Xray\pcb_xray_annotation_workspace\bridge_roi_dataset\train\normal\3_6167ca69a3_n00.jpg,E:\Xray\X光图片20260330\X光图片20260330\合格\2\5该文件夹里多为直插通孔类型\172\3.jpg,"(1210, 627, 1675, 1092)"
train,normal,E:\Xray\Xray\pcb_xray_annotation_workspace\bridge_roi_dataset\train\normal\3_6167ca69a3_n01.jpg,E:\Xray\X光图片20260330\X光图片20260330\合格\2\5该文件夹里多为直插通孔类型\172\3.jpg,"(1826, 1234, 2291, 1699)"
train,normal,E:\Xray\Xray\pcb_xray_annotation_workspace\bridge_roi_dataset\train\normal\1_8c5f0843e6_n00.jpg,E:\Xray\X光图片20260330\X光图片20260330\合格\1\表贴及连接器通孔1\AP6\73\1.jpg,"(1745, 341, 2210, 806)"
train,normal,E:\Xray\Xray\pcb_xray_annotation_workspace\bridge_roi_dataset\train\normal\1_8c5f0843e6_n01.jpg,E:\Xray\X光图片20260330\X光图片20260330\合格\1\表贴及连接器通孔1\AP6\73\1.jpg,"(1818, 719, 2283, 1184)"
train,normal,E:\Xray\Xray\pcb_xray_annotation_workspace\bridge_roi_dataset\train\normal\insufficient_through_solder_0091_b57b3556ef_n00.jpg,E:\Xray\Xray\pcb_xray_annotation_workspace\images\insufficient_through_solder\insufficient_through_solder_0091.jpg,"(915, 43, 1380, 508)"
train,normal,E:\Xray\Xray\pcb_xray_annotation_workspace\bridge_roi_dataset\train\normal\insufficient_through_solder_0091_b57b3556ef_n01.jpg,E:\Xray\Xray\pcb_xray_annotation_workspace\images\insufficient_through_solder\insufficient_through_solder_0091.jpg,"(722, 629, 1187, 1094)"
train,normal,E:\Xray\Xray\pcb_xray_annotation_workspace\bridge_roi_dataset\train\normal\1_4142e74fa4_n00.jpg,E:\Xray\X光图片20260330\X光图片20260330\合格\3\2\27\1.jpg,"(1781, 562, 2246, 1027)"
train,normal,E:\Xray\Xray\pcb_xray_annotation_workspace\bridge_roi_dataset\train\normal\1_4142e74fa4_n01.jpg,E:\Xray\X光图片20260330\X光图片20260330\合格\3\2\27\1.jpg,"(2619, 1620, 3084, 2085)"
train,normal,E:\Xray\Xray\pcb_xray_annotation_workspace\bridge_roi_dataset\train\normal\insufficient_through_solder_0020_a1c4f52a24_n00.jpg,E:\Xray\Xray\pcb_xray_annotation_workspace\images\insufficient_through_solder\insufficient_through_solder_0020.jpg,"(234, 153, 699, 618)"
train,normal,E:\Xray\Xray\pcb_xray_annotation_workspace\bridge_roi_dataset\train\normal\insufficient_through_solder_0020_a1c4f52a24_n01.jpg,E:\Xray\Xray\pcb_xray_annotation_workspace\images\insufficient_through_solder\insufficient_through_solder_0020.jpg,"(2611, 831, 3076, 1296)"
train,normal,E:\Xray\Xray\pcb_xray_annotation_workspace\bridge_roi_dataset\train\normal\5_1fcc76be89_n00.jpg,E:\Xray\X光图片20260330\X光图片20260330\合格\4\2\5.jpg,"(1488, 1050, 1953, 1515)"
train,normal,E:\Xray\Xray\pcb_xray_annotation_workspace\bridge_roi_dataset\train\normal\5_1fcc76be89_n01.jpg,E:\Xray\X光图片20260330\X光图片20260330\合格\4\2\5.jpg,"(655, 63, 1120, 528)"
train,normal,E:\Xray\Xray\pcb_xray_annotation_workspace\bridge_roi_dataset\train\normal\12_2a29953ebc_n00.jpg,E:\Xray\X光图片20260330\X光图片20260330\合格\1\表贴及连接器通孔\AP4\73\12.jpg,"(584, 1244, 1049, 1709)"
train,normal,E:\Xray\Xray\pcb_xray_annotation_workspace\bridge_roi_dataset\train\normal\12_2a29953ebc_n01.jpg,E:\Xray\X光图片20260330\X光图片20260330\合格\1\表贴及连接器通孔\AP4\73\12.jpg,"(1794, 71, 2259, 536)"
train,normal,E:\Xray\Xray\pcb_xray_annotation_workspace\bridge_roi_dataset\train\normal\表贴1_c977c9b1fb_n00.jpg,E:\Xray\X光图片20260330\X光图片20260330\合格\2\4图片以表贴类型为主\101\表贴1.jpg,"(517, 137, 982, 602)"
train,normal,E:\Xray\Xray\pcb_xray_annotation_workspace\bridge_roi_dataset\train\normal\表贴1_c977c9b1fb_n01.jpg,E:\Xray\X光图片20260330\X光图片20260330\合格\2\4图片以表贴类型为主\101\表贴1.jpg,"(966, 1594, 1431, 2059)"
train,normal,E:\Xray\Xray\pcb_xray_annotation_workspace\bridge_roi_dataset\train\normal\6_2bc5cce29c_n00.jpg,E:\Xray\X光图片20260330\X光图片20260330\合格\2\4图片以表贴类型为主\104\6.jpg,"(2642, 750, 3107, 1215)"
train,normal,E:\Xray\Xray\pcb_xray_annotation_workspace\bridge_roi_dataset\train\normal\6_2bc5cce29c_n01.jpg,E:\Xray\X光图片20260330\X光图片20260330\合格\2\4图片以表贴类型为主\104\6.jpg,"(1483, 784, 1948, 1249)"
train,normal,E:\Xray\Xray\pcb_xray_annotation_workspace\bridge_roi_dataset\train\normal\12_cd29ea9263_n00.jpg,E:\Xray\X光图片20260330\X光图片20260330\合格\2\5该文件夹里多为直插通孔类型\187\12.jpg,"(2323, 66, 2788, 531)"
train,normal,E:\Xray\Xray\pcb_xray_annotation_workspace\bridge_roi_dataset\train\normal\12_cd29ea9263_n01.jpg,E:\Xray\X光图片20260330\X光图片20260330\合格\2\5该文件夹里多为直插通孔类型\187\12.jpg,"(2478, 314, 2943, 779)"
train,normal,E:\Xray\Xray\pcb_xray_annotation_workspace\bridge_roi_dataset\train\normal\insufficient_through_solder_0105_481baa3158_n00.jpg,E:\Xray\Xray\pcb_xray_annotation_workspace\images\insufficient_through_solder\insufficient_through_solder_0105.jpg,"(460, 94, 925, 559)"
train,normal,E:\Xray\Xray\pcb_xray_annotation_workspace\bridge_roi_dataset\train\normal\insufficient_through_solder_0105_481baa3158_n01.jpg,E:\Xray\Xray\pcb_xray_annotation_workspace\images\insufficient_through_solder\insufficient_through_solder_0105.jpg,"(380, 113, 845, 578)"
train,normal,E:\Xray\Xray\pcb_xray_annotation_workspace\bridge_roi_dataset\train\normal\void_0024_265cf7ef65_n00.jpg,E:\Xray\Xray\pcb_xray_annotation_workspace\images\void\void_0024.jpg,"(314, 1175, 779, 1640)"
train,normal,E:\Xray\Xray\pcb_xray_annotation_workspace\bridge_roi_dataset\train\normal\void_0024_265cf7ef65_n01.jpg,E:\Xray\Xray\pcb_xray_annotation_workspace\images\void\void_0024.jpg,"(563, 1084, 1028, 1549)"
train,normal,E:\Xray\Xray\pcb_xray_annotation_workspace\bridge_roi_dataset\train\normal\7_311c26ec6e_n00.jpg,E:\Xray\X光图片20260330\X光图片20260330\合格\1\表贴及连接器通孔\AP5\73\7.jpg,"(1503, 815, 1968, 1280)"
train,normal,E:\Xray\Xray\pcb_xray_annotation_workspace\bridge_roi_dataset\train\normal\7_311c26ec6e_n01.jpg,E:\Xray\X光图片20260330\X光图片20260330\合格\1\表贴及连接器通孔\AP5\73\7.jpg,"(1287, 1330, 1752, 1795)"
train,normal,E:\Xray\Xray\pcb_xray_annotation_workspace\bridge_roi_dataset\train\normal\12_1f255f837a_n00.jpg,E:\Xray\X光图片20260330\X光图片20260330\合格\3\3\27\12.jpg,"(1141, 511, 1606, 976)"
train,normal,E:\Xray\Xray\pcb_xray_annotation_workspace\bridge_roi_dataset\train\normal\12_1f255f837a_n01.jpg,E:\Xray\X光图片20260330\X光图片20260330\合格\3\3\27\12.jpg,"(464, 53, 929, 518)"
train,normal,E:\Xray\Xray\pcb_xray_annotation_workspace\bridge_roi_dataset\train\normal\11_79a2b79645_n00.jpg,E:\Xray\X光图片20260330\X光图片20260330\合格\2\5该文件夹里多为直插通孔类型\174\11.jpg,"(762, 1022, 1227, 1487)"
train,normal,E:\Xray\Xray\pcb_xray_annotation_workspace\bridge_roi_dataset\train\normal\11_79a2b79645_n01.jpg,E:\Xray\X光图片20260330\X光图片20260330\合格\2\5该文件夹里多为直插通孔类型\174\11.jpg,"(2120, 792, 2585, 1257)"
train,normal,E:\Xray\Xray\pcb_xray_annotation_workspace\bridge_roi_dataset\train\normal\1_9f85907fff_n00.jpg,E:\Xray\X光图片20260330\X光图片20260330\合格\1\表贴及连接器通孔2\073\1.jpg,"(2300, 241, 2765, 706)"
train,normal,E:\Xray\Xray\pcb_xray_annotation_workspace\bridge_roi_dataset\train\normal\1_9f85907fff_n01.jpg,E:\Xray\X光图片20260330\X光图片20260330\合格\1\表贴及连接器通孔2\073\1.jpg,"(1072, 1587, 1537, 2052)"
train,normal,E:\Xray\Xray\pcb_xray_annotation_workspace\bridge_roi_dataset\train\normal\11_b5c6eaef5f_n00.jpg,E:\Xray\X光图片20260330\X光图片20260330\合格\2\5该文件夹里多为直插通孔类型\195\11.jpg,"(1066, 1441, 1531, 1906)"
train,normal,E:\Xray\Xray\pcb_xray_annotation_workspace\bridge_roi_dataset\train\normal\11_b5c6eaef5f_n01.jpg,E:\Xray\X光图片20260330\X光图片20260330\合格\2\5该文件夹里多为直插通孔类型\195\11.jpg,"(1827, 439, 2292, 904)"
train,normal,E:\Xray\Xray\pcb_xray_annotation_workspace\bridge_roi_dataset\train\normal\insufficient_through_solder_0018_a2472d330d_n00.jpg,E:\Xray\Xray\pcb_xray_annotation_workspace\images\insufficient_through_solder\insufficient_through_solder_0018.jpg,"(1253, 584, 1718, 1049)"
train,normal,E:\Xray\Xray\pcb_xray_annotation_workspace\bridge_roi_dataset\train\normal\insufficient_through_solder_0018_a2472d330d_n01.jpg,E:\Xray\Xray\pcb_xray_annotation_workspace\images\insufficient_through_solder\insufficient_through_solder_0018.jpg,"(1005, 409, 1470, 874)"
train,normal,E:\Xray\Xray\pcb_xray_annotation_workspace\bridge_roi_dataset\train\normal\void_0086_401534094f_n00.jpg,E:\Xray\Xray\pcb_xray_annotation_workspace\images\void\void_0086.jpg,"(125, 34, 590, 499)"
train,normal,E:\Xray\Xray\pcb_xray_annotation_workspace\bridge_roi_dataset\train\normal\void_0086_401534094f_n01.jpg,E:\Xray\Xray\pcb_xray_annotation_workspace\images\void\void_0086.jpg,"(75, 115, 540, 580)"
train,normal,E:\Xray\Xray\pcb_xray_annotation_workspace\bridge_roi_dataset\train\normal\insufficient_through_solder_0083_6e287027bc_n00.jpg,E:\Xray\Xray\pcb_xray_annotation_workspace\images\insufficient_through_solder\insufficient_through_solder_0083.jpg,"(353, 911, 818, 1376)"
train,normal,E:\Xray\Xray\pcb_xray_annotation_workspace\bridge_roi_dataset\train\normal\insufficient_through_solder_0083_6e287027bc_n01.jpg,E:\Xray\Xray\pcb_xray_annotation_workspace\images\insufficient_through_solder\insufficient_through_solder_0083.jpg,"(179, 654, 644, 1119)"
train,normal,E:\Xray\Xray\pcb_xray_annotation_workspace\bridge_roi_dataset\train\normal\2_a0e8620435_n00.jpg,E:\Xray\X光图片20260330\X光图片20260330\合格\2\5该文件夹里多为直插通孔类型\171\2.jpg,"(2735, 711, 3200, 1176)"
train,normal,E:\Xray\Xray\pcb_xray_annotation_workspace\bridge_roi_dataset\train\normal\2_a0e8620435_n01.jpg,E:\Xray\X光图片20260330\X光图片20260330\合格\2\5该文件夹里多为直插通孔类型\171\2.jpg,"(265, 1126, 730, 1591)"
train,normal,E:\Xray\Xray\pcb_xray_annotation_workspace\bridge_roi_dataset\train\normal\12_5012522db9_n00.jpg,E:\Xray\X光图片20260330\X光图片20260330\合格\2\3表贴，存在直插通孔\AP5\11\12.jpg,"(2220, 594, 2685, 1059)"
train,normal,E:\Xray\Xray\pcb_xray_annotation_workspace\bridge_roi_dataset\train\normal\12_5012522db9_n01.jpg,E:\Xray\X光图片20260330\X光图片20260330\合格\2\3表贴，存在直插通孔\AP5\11\12.jpg,"(1228, 322, 1693, 787)"
train,normal,E:\Xray\Xray\pcb_xray_annotation_workspace\bridge_roi_dataset\train\normal\void_0077_d466ed71e1_n00.jpg,E:\Xray\Xray\pcb_xray_annotation_workspace\images\void\void_0077.jpg,"(178, 92, 643, 557)"
train,normal,E:\Xray\Xray\pcb_xray_annotation_workspace\bridge_roi_dataset\train\normal\void_0077_d466ed71e1_n01.jpg,E:\Xray\Xray\pcb_xray_annotation_workspace\images\void\void_0077.jpg,"(520, 57, 985, 522)"
train,normal,E:\Xray\Xray\pcb_xray_annotation_workspace\bridge_roi_dataset\train\normal\2_8d280069f0_n00.jpg,E:\Xray\X光图片20260330\X光图片20260330\合格\1\表贴及连接器通孔\AP4\74\2.jpg,"(497, 411, 962, 876)"
train,normal,E:\Xray\Xray\pcb_xray_annotation_workspace\bridge_roi_dataset\train\normal\2_8d280069f0_n01.jpg,E:\Xray\X光图片20260330\X光图片20260330\合格\1\表贴及连接器通孔\AP4\74\2.jpg,"(568, 484, 1033, 949)"
train,normal,E:\Xray\Xray\pcb_xray_annotation_workspace\bridge_roi_dataset\train\normal\7_36fa865c6d_n00.jpg,E:\Xray\X光图片20260330\X光图片20260330\合格\2\5该文件夹里多为直插通孔类型\172\7.jpg,"(2023, 53, 2488, 518)"
train,normal,E:\Xray\Xray\pcb_xray_annotation_workspace\bridge_roi_dataset\train\normal\7_36fa865c6d_n01.jpg,E:\Xray\X光图片20260330\X光图片20260330\合格\2\5该文件夹里多为直插通孔类型\172\7.jpg,"(1478, 1134, 1943, 1599)"
train,normal,E:\Xray\Xray\pcb_xray_annotation_workspace\bridge_roi_dataset\train\normal\6_68319de344_n00.jpg,E:\Xray\X光图片20260330\X光图片20260330\合格\4\6\6.jpg,"(2344, 755, 2809, 1220)"
train,normal,E:\Xray\Xray\pcb_xray_annotation_workspace\bridge_roi_dataset\train\normal\6_68319de344_n01.jpg,E:\Xray\X光图片20260330\X光图片20260330\合格\4\6\6.jpg,"(1914, 1645, 2379, 2110)"
train,normal,E:\Xray\Xray\pcb_xray_annotation_workspace\bridge_roi_dataset\train\normal\2_5458d0e314_n00.jpg,E:\Xray\X光图片20260330\X光图片20260330\合格\1\表贴及连接器通孔2\073\2.jpg,"(2259, 265, 2724, 730)"
train,normal,E:\Xray\Xray\pcb_xray_annotation_workspace\bridge_roi_dataset\train\normal\2_5458d0e314_n01.jpg,E:\Xray\X光图片20260330\X光图片20260330\合格\1\表贴及连接器通孔2\073\2.jpg,"(2506, 176, 2971, 641)"
train,normal,E:\Xray\Xray\pcb_xray_annotation_workspace\bridge_roi_dataset\train\normal\10_88617df399_n00.jpg,E:\Xray\X光图片20260330\X光图片20260330\合格\1\表贴及连接器通孔\AP4\73\10.jpg,"(269, 633, 734, 1098)"
train,normal,E:\Xray\Xray\pcb_xray_annotation_workspace\bridge_roi_dataset\train\normal\10_88617df399_n01.jpg,E:\Xray\X光图片20260330\X光图片20260330\合格\1\表贴及连接器通孔\AP4\73\10.jpg,"(1630, 1468, 2095, 1933)"
train,normal,E:\Xray\Xray\pcb_xray_annotation_workspace\bridge_roi_dataset\train\normal\void_0043_281520c498_n00.jpg,E:\Xray\Xray\pcb_xray_annotation_workspace\images\void\void_0043.jpg,"(1472, 980, 1937, 1445)"
train,normal,E:\Xray\Xray\pcb_xray_annotation_workspace\bridge_roi_dataset\train\normal\void_0043_281520c498_n01.jpg,E:\Xray\Xray\pcb_xray_annotation_workspace\images\void\void_0043.jpg,"(1076, 841, 1541, 1306)"
train,normal,E:\Xray\Xray\pcb_xray_annotation_workspace\bridge_roi_dataset\train\normal\6_c456165196_n00.jpg,E:\Xray\X光图片20260330\X光图片20260330\合格\2\5该文件夹里多为直插通孔类型\193\6.jpg,"(1677, 1177, 2142, 1642)"
train,normal,E:\Xray\Xray\pcb_xray_annotation_workspace\bridge_roi_dataset\train\normal\6_c456165196_n01.jpg,E:\Xray\X光图片20260330\X光图片20260330\合格\2\5该文件夹里多为直插通孔类型\193\6.jpg,"(302, 256, 767, 721)"
train,normal,E:\Xray\Xray\pcb_xray_annotation_workspace\bridge_roi_dataset\train\normal\14_d5fee44faf_n00.jpg,E:\Xray\X光图片20260330\X光图片20260330\合格\1\表贴及连接器通孔1\AP7\73\14.jpg,"(1298, 1315, 1763, 1780)"
train,normal,E:\Xray\Xray\pcb_xray_annotation_workspace\bridge_roi_dataset\train\normal\14_d5fee44faf_n01.jpg,E:\Xray\X光图片20260330\X光图片20260330\合格\1\表贴及连接器通孔1\AP7\73\14.jpg,"(303, 921, 768, 1386)"
train,normal,E:\Xray\Xray\pcb_xray_annotation_workspace\bridge_roi_dataset\train\normal\14_2c812457a7_n00.jpg,E:\Xray\X光图片20260330\X光图片20260330\合格\1\表贴及连接器通孔1\AP7\74\14.jpg,"(1908, 1392, 2373, 1857)"
train,normal,E:\Xray\Xray\pcb_xray_annotation_workspace\bridge_roi_dataset\train\normal\14_2c812457a7_n01.jpg,E:\Xray\X光图片20260330\X光图片20260330\合格\1\表贴及连接器通孔1\AP7\74\14.jpg,"(2119, 705, 2584, 1170)"
train,normal,E:\Xray\Xray\pcb_xray_annotation_workspace\bridge_roi_dataset\train\normal\8_491cf2ec48_n00.jpg,E:\Xray\X光图片20260330\X光图片20260330\合格\2\5该文件夹里多为直插通孔类型\182\8.jpg,"(525, 1597, 990, 2062)"
train,normal,E:\Xray\Xray\pcb_xray_annotation_workspace\bridge_roi_dataset\train\normal\8_491cf2ec48_n01.jpg,E:\Xray\X光图片20260330\X光图片20260330\合格\2\5该文件夹里多为直插通孔类型\182\8.jpg,"(2258, 1310, 2723, 1775)"
train,normal,E:\Xray\Xray\pcb_xray_annotation_workspace\bridge_roi_dataset\train\normal\6_d99dcda6e8_n00.jpg,E:\Xray\X光图片20260330\X光图片20260330\合格\1\表贴及连接器通孔1\AP7\74\6.jpg,"(2407, 372, 2872, 837)"
train,normal,E:\Xray\Xray\pcb_xray_annotation_workspace\bridge_roi_dataset\train\normal\6_d99dcda6e8_n01.jpg,E:\Xray\X光图片20260330\X光图片20260330\合格\1\表贴及连接器通孔1\AP7\74\6.jpg,"(528, 886, 993, 1351)"
train,normal,E:\Xray\Xray\pcb_xray_annotation_workspace\bridge_roi_dataset\train\normal\11_e21b0d00d2_n00.jpg,E:\Xray\X光图片20260330\X光图片20260330\合格\1\表贴及连接器通孔\AP5\73\11.jpg,"(2059, 113, 2524, 578)"
train,normal,E:\Xray\Xray\pcb_xray_annotation_workspace\bridge_roi_dataset\train\normal\11_e21b0d00d2_n01.jpg,E:\Xray\X光图片20260330\X光图片20260330\合格\1\表贴及连接器通孔\AP5\73\11.jpg,"(508, 1061, 973, 1526)"
train,normal,E:\Xray\Xray\pcb_xray_annotation_workspace\bridge_roi_dataset\train\normal\3_e2dc5181a2_n00.jpg,E:\Xray\X光图片20260330\X光图片20260330\合格\1\通孔1\ap2\通孔2\3.jpg,"(626, 622, 1091, 1087)"
train,normal,E:\Xray\Xray\pcb_xray_annotation_workspace\bridge_roi_dataset\train\normal\3_e2dc5181a2_n01.jpg,E:\Xray\X光图片20260330\X光图片20260330\合格\1\通孔1\ap2\通孔2\3.jpg,"(674, 331, 1139, 796)"
train,normal,E:\Xray\Xray\pcb_xray_annotation_workspace\bridge_roi_dataset\train\normal\insufficient_through_solder_0037_e7eeea42ab_n00.jpg,E:\Xray\Xray\pcb_xray_annotation_workspace\images\insufficient_through_solder\insufficient_through_solder_0037.jpg,"(1321, 1452, 1786, 1917)"
train,normal,E:\Xray\Xray\pcb_xray_annotation_workspace\bridge_roi_dataset\train\normal\insufficient_through_solder_0037_e7eeea42ab_n01.jpg,E:\Xray\Xray\pcb_xray_annotation_workspace\images\insufficient_through_solder\insufficient_through_solder_0037.jpg,"(923, 708, 1388, 1173)"
train,normal,E:\Xray\Xray\pcb_xray_annotation_workspace\bridge_roi_dataset\train\normal\6_4aa9835771_n00.jpg,E:\Xray\X光图片20260330\X光图片20260330\合格\2\5该文件夹里多为直插通孔类型\173\6.jpg,"(2125, 581, 2590, 1046)"
train,normal,E:\Xray\Xray\pcb_xray_annotation_workspace\bridge_roi_dataset\train\normal\6_4aa9835771_n01.jpg,E:\Xray\X光图片20260330\X光图片20260330\合格\2\5该文件夹里多为直插通孔类型\173\6.jpg,"(323, 513, 788, 978)"
train,normal,E:\Xray\Xray\pcb_xray_annotation_workspace\bridge_roi_dataset\train\normal\4_00922bfd26_n00.jpg,E:\Xray\X光图片20260330\X光图片20260330\合格\2\4图片以表贴类型为主\104\4.jpg,"(804, 1300, 1269, 1765)"
train,normal,E:\Xray\Xray\pcb_xray_annotation_workspace\bridge_roi_dataset\train\normal\4_00922bfd26_n01.jpg,E:\Xray\X光图片20260330\X光图片20260330\合格\2\4图片以表贴类型为主\104\4.jpg,"(2256, 562, 2721, 1027)"
train,normal,E:\Xray\Xray\pcb_xray_annotation_workspace\bridge_roi_dataset\train\normal\6_05a1f6ba9d_n00.jpg,E:\Xray\X光图片20260330\X光图片20260330\合格\1\表贴及连接器通孔2\076\6.jpg,"(512, 1280, 977, 1745)"
train,normal,E:\Xray\Xray\pcb_xray_annotation_workspace\bridge_roi_dataset\train\normal\6_05a1f6ba9d_n01.jpg,E:\Xray\X光图片20260330\X光图片20260330\合格\1\表贴及连接器通孔2\076\6.jpg,"(1240, 1258, 1705, 1723)"
train,normal,E:\Xray\Xray\pcb_xray_annotation_workspace\bridge_roi_dataset\train\normal\8_b99c48a0fa_n00.jpg,E:\Xray\X光图片20260330\X光图片20260330\合格\1\表贴及连接器通孔\AP4\74\8.jpg,"(2185, 191, 2650, 656)"
train,normal,E:\Xray\Xray\pcb_xray_annotation_workspace\bridge_roi_dataset\train\normal\8_b99c48a0fa_n01.jpg,E:\Xray\X光图片20260330\X光图片20260330\合格\1\表贴及连接器通孔\AP4\74\8.jpg,"(2058, 1312, 2523, 1777)"
train,normal,E:\Xray\Xray\pcb_xray_annotation_workspace\bridge_roi_dataset\train\normal\9_c9141a03d7_n00.jpg,E:\Xray\X光图片20260330\X光图片20260330\合格\2\5该文件夹里多为直插通孔类型\188\9.jpg,"(690, 1212, 1155, 1677)"
train,normal,E:\Xray\Xray\pcb_xray_annotation_workspace\bridge_roi_dataset\train\normal\9_c9141a03d7_n01.jpg,E:\Xray\X光图片20260330\X光图片20260330\合格\2\5该文件夹里多为直插通孔类型\188\9.jpg,"(2378, 315, 2843, 780)"
train,normal,E:\Xray\Xray\pcb_xray_annotation_workspace\bridge_roi_dataset\train\normal\13_a9caffdb15_n00.jpg,E:\Xray\X光图片20260330\X光图片20260330\合格\1\表贴及连接器通孔1\AP6\74\13.jpg,"(701, 1349, 1166, 1814)"
train,normal,E:\Xray\Xray\pcb_xray_annotation_workspace\bridge_roi_dataset\train\normal\13_a9caffdb15_n01.jpg,E:\Xray\X光图片20260330\X光图片20260330\合格\1\表贴及连接器通孔1\AP6\74\13.jpg,"(2557, 1475, 3022, 1940)"
train,normal,E:\Xray\Xray\pcb_xray_annotation_workspace\bridge_roi_dataset\train\normal\2_3a5163f535_n00.jpg,E:\Xray\X光图片20260330\X光图片20260330\合格\4\1多为直插通孔类型，下面文件类似\2.jpg,"(2478, 691, 2943, 1156)"
train,normal,E:\Xray\Xray\pcb_xray_annotation_workspace\bridge_roi_dataset\train\normal\2_3a5163f535_n01.jpg,E:\Xray\X光图片20260330\X光图片20260330\合格\4\1多为直插通孔类型，下面文件类似\2.jpg,"(2308, 84, 2773, 549)"
train,normal,E:\Xray\Xray\pcb_xray_annotation_workspace\bridge_roi_dataset\train\normal\4_e368c84030_n00.jpg,E:\Xray\X光图片20260330\X光图片20260330\合格\4\4\4.jpg,"(116, 166, 581, 631)"
train,normal,E:\Xray\Xray\pcb_xray_annotation_workspace\bridge_roi_dataset\train\normal\4_e368c84030_n01.jpg,E:\Xray\X光图片20260330\X光图片20260330\合格\4\4\4.jpg,"(186, 1313, 651, 1778)"
train,normal,E:\Xray\Xray\pcb_xray_annotation_workspace\bridge_roi_dataset\train\normal\insufficient_through_solder_0033_1a69710372_n00.jpg,E:\Xray\Xray\pcb_xray_annotation_workspace\images\insufficient_through_solder\insufficient_through_solder_0033.jpg,"(2362, 542, 2827, 1007)"
train,normal,E:\Xray\Xray\pcb_xray_annotation_workspace\bridge_roi_dataset\train\normal\insufficient_through_solder_0033_1a69710372_n01.jpg,E:\Xray\Xray\pcb_xray_annotation_workspace\images\insufficient_through_solder\insufficient_through_solder_0033.jpg,"(2667, 431, 3132, 896)"
train,normal,E:\Xray\Xray\pcb_xray_annotation_workspace\bridge_roi_dataset\train\normal\2_335ea85ddc_n00.jpg,E:\Xray\X光图片20260330\X光图片20260330\合格\2\5该文件夹里多为直插通孔类型\175\2.jpg,"(2343, 853, 2808, 1318)"
train,normal,E:\Xray\Xray\pcb_xray_annotation_workspace\bridge_roi_dataset\train\normal\2_335ea85ddc_n01.jpg,E:\Xray\X光图片20260330\X光图片20260330\合格\2\5该文件夹里多为直插通孔类型\175\2.jpg,"(2531, 1308, 2996, 1773)"
train,normal,E:\Xray\Xray\pcb_xray_annotation_workspace\bridge_roi_dataset\train\normal\4_4cfa6863fb_n00.jpg,E:\Xray\X光图片20260330\X光图片20260330\合格\2\5该文件夹里多为直插通孔类型\188\4.jpg,"(124, 1019, 589, 1484)"
train,normal,E:\Xray\Xray\pcb_xray_annotation_workspace\bridge_roi_dataset\train\normal\4_4cfa6863fb_n01.jpg,E:\Xray\X光图片20260330\X光图片20260330\合格\2\5该文件夹里多为直插通孔类型\188\4.jpg,"(2568, 1117, 3033, 1582)"
train,normal,E:\Xray\Xray\pcb_xray_annotation_workspace\bridge_roi_dataset\train\normal\表贴、连接器插孔_5f312dbe7a_n00.jpg,E:\Xray\X光图片20260330\X光图片20260330\合格\2\3表贴，存在直插通孔\AP5\11\表贴、连接器插孔.jpg,"(1186, 1314, 1651, 1779)"
train,normal,E:\Xray\Xray\pcb_xray_annotation_workspace\bridge_roi_dataset\train\normal\表贴、连接器插孔_5f312dbe7a_n01.jpg,E:\Xray\X光图片20260330\X光图片20260330\合格\2\3表贴，存在直插通孔\AP5\11\表贴、连接器插孔.jpg,"(1237, 989, 1702, 1454)"
train,normal,E:\Xray\Xray\pcb_xray_annotation_workspace\bridge_roi_dataset\train\normal\void_0073_7b52f4d675_n00.jpg,E:\Xray\Xray\pcb_xray_annotation_workspace\images\void\void_0073.jpg,"(250, 103, 715, 568)"
train,normal,E:\Xray\Xray\pcb_xray_annotation_workspace\bridge_roi_dataset\train\normal\void_0073_7b52f4d675_n01.jpg,E:\Xray\Xray\pcb_xray_annotation_workspace\images\void\void_0073.jpg,"(304, 116, 769, 581)"
train,normal,E:\Xray\Xray\pcb_xray_annotation_workspace\bridge_roi_dataset\train\normal\1_f69b135413_n00.jpg,E:\Xray\X光图片20260330\X光图片20260330\合格\1\通孔1\ap2\通孔1\1.jpg,"(298, 1410, 763, 1875)"
train,normal,E:\Xray\Xray\pcb_xray_annotation_workspace\bridge_roi_dataset\train\normal\1_f69b135413_n01.jpg,E:\Xray\X光图片20260330\X光图片20260330\合格\1\通孔1\ap2\通孔1\1.jpg,"(245, 323, 710, 788)"
train,normal,E:\Xray\Xray\pcb_xray_annotation_workspace\bridge_roi_dataset\train\normal\4_030886f844_n00.jpg,E:\Xray\X光图片20260330\X光图片20260330\合格\2\5该文件夹里多为直插通孔类型\174\4.jpg,"(1800, 851, 2265, 1316)"
train,normal,E:\Xray\Xray\pcb_xray_annotation_workspace\bridge_roi_dataset\train\normal\4_030886f844_n01.jpg,E:\Xray\X光图片20260330\X光图片20260330\合格\2\5该文件夹里多为直插通孔类型\174\4.jpg,"(1983, 951, 2448, 1416)"
train,normal,E:\Xray\Xray\pcb_xray_annotation_workspace\bridge_roi_dataset\train\normal\1_1912f0f156_n00.jpg,E:\Xray\X光图片20260330\X光图片20260330\合格\2\5该文件夹里多为直插通孔类型\186\1.jpg,"(835, 696, 1300, 1161)"
train,normal,E:\Xray\Xray\pcb_xray_annotation_workspace\bridge_roi_dataset\train\normal\1_1912f0f156_n01.jpg,E:\Xray\X光图片20260330\X光图片20260330\合格\2\5该文件夹里多为直插通孔类型\186\1.jpg,"(2484, 294, 2949, 759)"
train,normal,E:\Xray\Xray\pcb_xray_annotation_workspace\bridge_roi_dataset\train\normal\void_0075_d66d9f60c0_n00.jpg,E:\Xray\Xray\pcb_xray_annotation_workspace\images\void\void_0075.jpg,"(320, 81, 785, 546)"
train,normal,E:\Xray\Xray\pcb_xray_annotation_workspace\bridge_roi_dataset\train\normal\void_0075_d66d9f60c0_n01.jpg,E:\Xray\Xray\pcb_xray_annotation_workspace\images\void\void_0075.jpg,"(353, 102, 818, 567)"
train,normal,E:\Xray\Xray\pcb_xray_annotation_workspace\bridge_roi_dataset\train\normal\insufficient_through_solder_0096_c659c2f88a_n00.jpg,E:\Xray\Xray\pcb_xray_annotation_workspace\images\insufficient_through_solder\insufficient_through_solder_0096.jpg,"(133, 94, 598, 559)"
train,normal,E:\Xray\Xray\pcb_xray_annotation_workspace\bridge_roi_dataset\train\normal\insufficient_through_solder_0096_c659c2f88a_n01.jpg,E:\Xray\Xray\pcb_xray_annotation_workspace\images\insufficient_through_solder\insufficient_through_solder_0096.jpg,"(527, 143, 992, 608)"
train,normal,E:\Xray\Xray\pcb_xray_annotation_workspace\bridge_roi_dataset\train\normal\1_532a0fa3b3_n00.jpg,E:\Xray\X光图片20260330\X光图片20260330\合格\2\5该文件夹里多为直插通孔类型\189\1.jpg,"(434, 653, 899, 1118)"
train,normal,E:\Xray\Xray\pcb_xray_annotation_workspace\bridge_roi_dataset\train\normal\1_532a0fa3b3_n01.jpg,E:\Xray\X光图片20260330\X光图片20260330\合格\2\5该文件夹里多为直插通孔类型\189\1.jpg,"(990, 955, 1455, 1420)"
train,normal,E:\Xray\Xray\pcb_xray_annotation_workspace\bridge_roi_dataset\train\normal\void_0018_09a3f582d0_n00.jpg,E:\Xray\Xray\pcb_xray_annotation_workspace\images\void\void_0018.jpg,"(501, 547, 966, 1012)"
train,normal,E:\Xray\Xray\pcb_xray_annotation_workspace\bridge_roi_dataset\train\normal\void_0018_09a3f582d0_n01.jpg,E:\Xray\Xray\pcb_xray_annotation_workspace\images\void\void_0018.jpg,"(1841, 507, 2306, 972)"
train,normal,E:\Xray\Xray\pcb_xray_annotation_workspace\bridge_roi_dataset\train\normal\2_7c3dacfd80_n00.jpg,E:\Xray\X光图片20260330\X光图片20260330\合格\1\通孔1\ap1\通孔1\2.jpg,"(577, 198, 1042, 663)"
train,normal,E:\Xray\Xray\pcb_xray_annotation_workspace\bridge_roi_dataset\train\normal\2_7c3dacfd80_n01.jpg,E:\Xray\X光图片20260330\X光图片20260330\合格\1\通孔1\ap1\通孔1\2.jpg,"(207, 594, 672, 1059)"
train,normal,E:\Xray\Xray\pcb_xray_annotation_workspace\bridge_roi_dataset\train\normal\8_b7068d475b_n00.jpg,E:\Xray\X光图片20260330\X光图片20260330\合格\4\1多为直插通孔类型，下面文件类似\8.jpg,"(1573, 1260, 2038, 1725)"
train,normal,E:\Xray\Xray\pcb_xray_annotation_workspace\bridge_roi_dataset\train\normal\8_b7068d475b_n01.jpg,E:\Xray\X光图片20260330\X光图片20260330\合格\4\1多为直插通孔类型，下面文件类似\8.jpg,"(1712, 508, 2177, 973)"
train,normal,E:\Xray\Xray\pcb_xray_annotation_workspace\bridge_roi_dataset\train\normal\表贴1_f7ff544b23_n00.jpg,E:\Xray\X光图片20260330\X光图片20260330\合格\2\4图片以表贴类型为主\105\表贴1.jpg,"(654, 670, 1119, 1135)"
train,normal,E:\Xray\Xray\pcb_xray_annotation_workspace\bridge_roi_dataset\train\normal\表贴1_f7ff544b23_n01.jpg,E:\Xray\X光图片20260330\X光图片20260330\合格\2\4图片以表贴类型为主\105\表贴1.jpg,"(2366, 1476, 2831, 1941)"
train,normal,E:\Xray\Xray\pcb_xray_annotation_workspace\bridge_roi_dataset\train\normal\2_9266966ef1_n00.jpg,E:\Xray\X光图片20260330\X光图片20260330\合格\2\2多为直插通孔\38\2.jpg,"(1280, 388, 1745, 853)"
train,normal,E:\Xray\Xray\pcb_xray_annotation_workspace\bridge_roi_dataset\train\normal\2_9266966ef1_n01.jpg,E:\Xray\X光图片20260330\X光图片20260330\合格\2\2多为直插通孔\38\2.jpg,"(652, 1020, 1117, 1485)"
train,normal,E:\Xray\Xray\pcb_xray_annotation_workspace\bridge_roi_dataset\train\normal\1_b4f3b5e171_n00.jpg,E:\Xray\X光图片20260330\X光图片20260330\合格\1\通孔1\ap1\通孔1\1.jpg,"(2108, 956, 2573, 1421)"
train,normal,E:\Xray\Xray\pcb_xray_annotation_workspace\bridge_roi_dataset\train\normal\1_b4f3b5e171_n01.jpg,E:\Xray\X光图片20260330\X光图片20260330\合格\1\通孔1\ap1\通孔1\1.jpg,"(2042, 631, 2507, 1096)"
train,normal,E:\Xray\Xray\pcb_xray_annotation_workspace\bridge_roi_dataset\train\normal\void_0011_239536abb2_n00.jpg,E:\Xray\Xray\pcb_xray_annotation_workspace\images\void\void_0011.jpg,"(2037, 47, 2502, 512)"
train,normal,E:\Xray\Xray\pcb_xray_annotation_workspace\bridge_roi_dataset\train\normal\void_0011_239536abb2_n01.jpg,E:\Xray\Xray\pcb_xray_annotation_workspace\images\void\void_0011.jpg,"(368, 805, 833, 1270)"
train,normal,E:\Xray\Xray\pcb_xray_annotation_workspace\bridge_roi_dataset\train\normal\1_100ebc255d_n00.jpg,E:\Xray\X光图片20260330\X光图片20260330\合格\2\5该文件夹里多为直插通孔类型\173\1.jpg,"(2070, 936, 2535, 1401)"
train,normal,E:\Xray\Xray\pcb_xray_annotation_workspace\bridge_roi_dataset\train\normal\1_100ebc255d_n01.jpg,E:\Xray\X光图片20260330\X光图片20260330\合格\2\5该文件夹里多为直插通孔类型\173\1.jpg,"(986, 440, 1451, 905)"
train,normal,E:\Xray\Xray\pcb_xray_annotation_workspace\bridge_roi_dataset\train\normal\3_c750d67661_n00.jpg,E:\Xray\X光图片20260330\X光图片20260330\合格\1\表贴及连接器通孔1\AP6\74\3.jpg,"(2389, 722, 2854, 1187)"
train,normal,E:\Xray\Xray\pcb_xray_annotation_workspace\bridge_roi_dataset\train\normal\3_c750d67661_n01.jpg,E:\Xray\X光图片20260330\X光图片20260330\合格\1\表贴及连接器通孔1\AP6\74\3.jpg,"(199, 103, 664, 568)"
train,normal,E:\Xray\Xray\pcb_xray_annotation_workspace\bridge_roi_dataset\train\normal\insufficient_through_solder_0025_984c9403b5_n00.jpg,E:\Xray\Xray\pcb_xray_annotation_workspace\images\insufficient_through_solder\insufficient_through_solder_0025.jpg,"(1152, 1013, 1617, 1478)"
train,normal,E:\Xray\Xray\pcb_xray_annotation_workspace\bridge_roi_dataset\train\normal\insufficient_through_solder_0025_984c9403b5_n01.jpg,E:\Xray\Xray\pcb_xray_annotation_workspace\images\insufficient_through_solder\insufficient_through_solder_0025.jpg,"(2447, 1339, 2912, 1804)"
train,normal,E:\Xray\Xray\pcb_xray_annotation_workspace\bridge_roi_dataset\train\normal\4_9c97e07b93_n00.jpg,E:\Xray\X光图片20260330\X光图片20260330\合格\3\2\27\4.jpg,"(1927, 585, 2392, 1050)"
train,normal,E:\Xray\Xray\pcb_xray_annotation_workspace\bridge_roi_dataset\train\normal\4_9c97e07b93_n01.jpg,E:\Xray\X光图片20260330\X光图片20260330\合格\3\2\27\4.jpg,"(2198, 16, 2663, 481)"
train,normal,E:\Xray\Xray\pcb_xray_annotation_workspace\bridge_roi_dataset\train\normal\2_7dd59d22df_n00.jpg,E:\Xray\X光图片20260330\X光图片20260330\合格\3\3\27\2.jpg,"(440, 882, 905, 1347)"
train,normal,E:\Xray\Xray\pcb_xray_annotation_workspace\bridge_roi_dataset\train\normal\2_7dd59d22df_n01.jpg,E:\Xray\X光图片20260330\X光图片20260330\合格\3\3\27\2.jpg,"(548, 541, 1013, 1006)"
train,normal,E:\Xray\Xray\pcb_xray_annotation_workspace\bridge_roi_dataset\train\normal\5_90da775477_n00.jpg,E:\Xray\X光图片20260330\X光图片20260330\合格\2\5该文件夹里多为直插通孔类型\191\5.jpg,"(1498, 1564, 1963, 2029)"
train,normal,E:\Xray\Xray\pcb_xray_annotation_workspace\bridge_roi_dataset\train\normal\5_90da775477_n01.jpg,E:\Xray\X光图片20260330\X光图片20260330\合格\2\5该文件夹里多为直插通孔类型\191\5.jpg,"(1651, 749, 2116, 1214)"
train,normal,E:\Xray\Xray\pcb_xray_annotation_workspace\bridge_roi_dataset\train\normal\1_5d62235363_n00.jpg,E:\Xray\X光图片20260330\X光图片20260330\合格\4\2\1.jpg,"(185, 820, 650, 1285)"
train,normal,E:\Xray\Xray\pcb_xray_annotation_workspace\bridge_roi_dataset\train\normal\1_5d62235363_n01.jpg,E:\Xray\X光图片20260330\X光图片20260330\合格\4\2\1.jpg,"(209, 1167, 674, 1632)"
train,normal,E:\Xray\Xray\pcb_xray_annotation_workspace\bridge_roi_dataset\train\normal\6_4d4baf94e0_n00.jpg,E:\Xray\X光图片20260330\X光图片20260330\合格\2\5该文件夹里多为直插通孔类型\189\6.jpg,"(2301, 398, 2766, 863)"
train,normal,E:\Xray\Xray\pcb_xray_annotation_workspace\bridge_roi_dataset\train\normal\6_4d4baf94e0_n01.jpg,E:\Xray\X光图片20260330\X光图片20260330\合格\2\5该文件夹里多为直插通孔类型\189\6.jpg,"(1484, 1133, 1949, 1598)"
train,normal,E:\Xray\Xray\pcb_xray_annotation_workspace\bridge_roi_dataset\train\normal\void_0023_4f2c4810d6_n00.jpg,E:\Xray\Xray\pcb_xray_annotation_workspace\images\void\void_0023.jpg,"(1182, 150, 1647, 615)"
train,normal,E:\Xray\Xray\pcb_xray_annotation_workspace\bridge_roi_dataset\train\normal\void_0023_4f2c4810d6_n01.jpg,E:\Xray\Xray\pcb_xray_annotation_workspace\images\void\void_0023.jpg,"(1582, 1032, 2047, 1497)"
train,normal,E:\Xray\Xray\pcb_xray_annotation_workspace\bridge_roi_dataset\train\normal\void_0022_49e75e08dc_n00.jpg,E:\Xray\Xray\pcb_xray_annotation_workspace\images\void\void_0022.jpg,"(1844, 1565, 2309, 2030)"
train,normal,E:\Xray\Xray\pcb_xray_annotation_workspace\bridge_roi_dataset\train\normal\void_0022_49e75e08dc_n01.jpg,E:\Xray\Xray\pcb_xray_annotation_workspace\images\void\void_0022.jpg,"(2252, 572, 2717, 1037)"
train,normal,E:\Xray\Xray\pcb_xray_annotation_workspace\bridge_roi_dataset\train\normal\12_60b85eb5b9_n00.jpg,E:\Xray\X光图片20260330\X光图片20260330\合格\2\5该文件夹里多为直插通孔类型\176\12.jpg,"(2552, 1393, 3017, 1858)"
train,normal,E:\Xray\Xray\pcb_xray_annotation_workspace\bridge_roi_dataset\train\normal\12_60b85eb5b9_n01.jpg,E:\Xray\X光图片20260330\X光图片20260330\合格\2\5该文件夹里多为直插通孔类型\176\12.jpg,"(2502, 243, 2967, 708)"
train,normal,E:\Xray\Xray\pcb_xray_annotation_workspace\bridge_roi_dataset\train\normal\1_c76d3898ec_n00.jpg,E:\Xray\X光图片20260330\X光图片20260330\合格\2\2多为直插通孔\38\1.jpg,"(527, 198, 992, 663)"
train,normal,E:\Xray\Xray\pcb_xray_annotation_workspace\bridge_roi_dataset\train\normal\1_c76d3898ec_n01.jpg,E:\Xray\X光图片20260330\X光图片20260330\合格\2\2多为直插通孔\38\1.jpg,"(1613, 764, 2078, 1229)"
train,normal,E:\Xray\Xray\pcb_xray_annotation_workspace\bridge_roi_dataset\train\normal\void_0047_11a435cdd0_n00.jpg,E:\Xray\Xray\pcb_xray_annotation_workspace\images\void\void_0047.jpg,"(1627, 694, 2092, 1159)"
train,normal,E:\Xray\Xray\pcb_xray_annotation_workspace\bridge_roi_dataset\train\normal\void_0047_11a435cdd0_n01.jpg,E:\Xray\Xray\pcb_xray_annotation_workspace\images\void\void_0047.jpg,"(1142, 748, 1607, 1213)"
train,normal,E:\Xray\Xray\pcb_xray_annotation_workspace\bridge_roi_dataset\train\normal\void_0012_7aeca06878_n00.jpg,E:\Xray\Xray\pcb_xray_annotation_workspace\images\void\void_0012.jpg,"(295, 407, 760, 872)"
train,normal,E:\Xray\Xray\pcb_xray_annotation_workspace\bridge_roi_dataset\train\normal\void_0012_7aeca06878_n01.jpg,E:\Xray\Xray\pcb_xray_annotation_workspace\images\void\void_0012.jpg,"(1233, 1042, 1698, 1507)"
train,normal,E:\Xray\Xray\pcb_xray_annotation_workspace\bridge_roi_dataset\train\normal\2_0acdbf82ca_n00.jpg,E:\Xray\X光图片20260330\X光图片20260330\合格\2\5该文件夹里多为直插通孔类型\188\2.jpg,"(1644, 1024, 2109, 1489)"
train,normal,E:\Xray\Xray\pcb_xray_annotation_workspace\bridge_roi_dataset\train\normal\2_0acdbf82ca_n01.jpg,E:\Xray\X光图片20260330\X光图片20260330\合格\2\5该文件夹里多为直插通孔类型\188\2.jpg,"(164, 92, 629, 557)"
train,normal,E:\Xray\Xray\pcb_xray_annotation_workspace\bridge_roi_dataset\train\normal\5_dedffa4a92_n00.jpg,E:\Xray\X光图片20260330\X光图片20260330\合格\3\2\27\5.jpg,"(159, 280, 624, 745)"
train,normal,E:\Xray\Xray\pcb_xray_annotation_workspace\bridge_roi_dataset\train\normal\5_dedffa4a92_n01.jpg,E:\Xray\X光图片20260330\X光图片20260330\合格\3\2\27\5.jpg,"(1364, 1646, 1829, 2111)"
train,normal,E:\Xray\Xray\pcb_xray_annotation_workspace\bridge_roi_dataset\train\normal\1_811cdde35a_n00.jpg,E:\Xray\X光图片20260330\X光图片20260330\合格\2\4图片以表贴类型为主\104\1.jpg,"(1940, 1063, 2405, 1528)"
train,normal,E:\Xray\Xray\pcb_xray_annotation_workspace\bridge_roi_dataset\train\normal\1_811cdde35a_n01.jpg,E:\Xray\X光图片20260330\X光图片20260330\合格\2\4图片以表贴类型为主\104\1.jpg,"(1871, 305, 2336, 770)"
train,normal,E:\Xray\Xray\pcb_xray_annotation_workspace\bridge_roi_dataset\train\normal\5_c310882ec7_n00.jpg,E:\Xray\X光图片20260330\X光图片20260330\合格\1\通孔1\ap1\通孔\5.jpg,"(2483, 1055, 2948, 1520)"
train,normal,E:\Xray\Xray\pcb_xray_annotation_workspace\bridge_roi_dataset\train\normal\5_c310882ec7_n01.jpg,E:\Xray\X光图片20260330\X光图片20260330\合格\1\通孔1\ap1\通孔\5.jpg,"(572, 671, 1037, 1136)"
train,normal,E:\Xray\Xray\pcb_xray_annotation_workspace\bridge_roi_dataset\train\normal\6_ce0f53be2d_n00.jpg,E:\Xray\X光图片20260330\X光图片20260330\合格\2\5该文件夹里多为直插通孔类型\179\6.jpg,"(2511, 652, 2976, 1117)"
train,normal,E:\Xray\Xray\pcb_xray_annotation_workspace\bridge_roi_dataset\train\normal\6_ce0f53be2d_n01.jpg,E:\Xray\X光图片20260330\X光图片20260330\合格\2\5该文件夹里多为直插通孔类型\179\6.jpg,"(665, 804, 1130, 1269)"
train,normal,E:\Xray\Xray\pcb_xray_annotation_workspace\bridge_roi_dataset\train\normal\5_22f93e4476_n00.jpg,E:\Xray\X光图片20260330\X光图片20260330\合格\1\表贴及连接器通孔\AP5\74\5.jpg,"(2525, 1514, 2990, 1979)"
train,normal,E:\Xray\Xray\pcb_xray_annotation_workspace\bridge_roi_dataset\train\normal\5_22f93e4476_n01.jpg,E:\Xray\X光图片20260330\X光图片20260330\合格\1\表贴及连接器通孔\AP5\74\5.jpg,"(1225, 1215, 1690, 1680)"
train,normal,E:\Xray\Xray\pcb_xray_annotation_workspace\bridge_roi_dataset\train\normal\8_a5ecb407c2_n00.jpg,E:\Xray\X光图片20260330\X光图片20260330\合格\2\5该文件夹里多为直插通孔类型\174\8.jpg,"(1377, 1038, 1842, 1503)"
train,normal,E:\Xray\Xray\pcb_xray_annotation_workspace\bridge_roi_dataset\train\normal\8_a5ecb407c2_n01.jpg,E:\Xray\X光图片20260330\X光图片20260330\合格\2\5该文件夹里多为直插通孔类型\174\8.jpg,"(2087, 1090, 2552, 1555)"
train,normal,E:\Xray\Xray\pcb_xray_annotation_workspace\bridge_roi_dataset\train\normal\8_83577a455a_n00.jpg,E:\Xray\X光图片20260330\X光图片20260330\合格\4\3\8.jpg,"(2006, 1451, 2471, 1916)"
train,normal,E:\Xray\Xray\pcb_xray_annotation_workspace\bridge_roi_dataset\train\normal\8_83577a455a_n01.jpg,E:\Xray\X光图片20260330\X光图片20260330\合格\4\3\8.jpg,"(2305, 613, 2770, 1078)"
train,normal,E:\Xray\Xray\pcb_xray_annotation_workspace\bridge_roi_dataset\train\normal\void_0056_8d59e11c86_n00.jpg,E:\Xray\Xray\pcb_xray_annotation_workspace\images\void\void_0056.jpg,"(972, 34, 1437, 499)"
train,normal,E:\Xray\Xray\pcb_xray_annotation_workspace\bridge_roi_dataset\train\normal\void_0056_8d59e11c86_n01.jpg,E:\Xray\Xray\pcb_xray_annotation_workspace\images\void\void_0056.jpg,"(754, 678, 1219, 1143)"
train,normal,E:\Xray\Xray\pcb_xray_annotation_workspace\bridge_roi_dataset\train\normal\11_82672fe2bd_n00.jpg,E:\Xray\X光图片20260330\X光图片20260330\合格\2\5该文件夹里多为直插通孔类型\182\11.jpg,"(448, 853, 913, 1318)"
train,normal,E:\Xray\Xray\pcb_xray_annotation_workspace\bridge_roi_dataset\train\normal\11_82672fe2bd_n01.jpg,E:\Xray\X光图片20260330\X光图片20260330\合格\2\5该文件夹里多为直插通孔类型\182\11.jpg,"(2390, 630, 2855, 1095)"
train,normal,E:\Xray\Xray\pcb_xray_annotation_workspace\bridge_roi_dataset\train\normal\9_0aa1755ac5_n00.jpg,E:\Xray\X光图片20260330\X光图片20260330\合格\2\5该文件夹里多为直插通孔类型\174\9.jpg,"(2577, 54, 3042, 519)"
train,normal,E:\Xray\Xray\pcb_xray_annotation_workspace\bridge_roi_dataset\train\normal\9_0aa1755ac5_n01.jpg,E:\Xray\X光图片20260330\X光图片20260330\合格\2\5该文件夹里多为直插通孔类型\174\9.jpg,"(2444, 971, 2909, 1436)"
train,normal,E:\Xray\Xray\pcb_xray_annotation_workspace\bridge_roi_dataset\train\normal\9_fa61be283c_n00.jpg,E:\Xray\X光图片20260330\X光图片20260330\合格\2\5该文件夹里多为直插通孔类型\182\9.jpg,"(1087, 1342, 1552, 1807)"
train,normal,E:\Xray\Xray\pcb_xray_annotation_workspace\bridge_roi_dataset\train\normal\9_fa61be283c_n01.jpg,E:\Xray\X光图片20260330\X光图片20260330\合格\2\5该文件夹里多为直插通孔类型\182\9.jpg,"(2369, 1182, 2834, 1647)"
train,normal,E:\Xray\Xray\pcb_xray_annotation_workspace\bridge_roi_dataset\train\normal\7_3135ab7f27_n00.jpg,E:\Xray\X光图片20260330\X光图片20260330\合格\2\5该文件夹里多为直插通孔类型\189\7.jpg,"(932, 1477, 1397, 1942)"
train,normal,E:\Xray\Xray\pcb_xray_annotation_workspace\bridge_roi_dataset\train\normal\7_3135ab7f27_n01.jpg,E:\Xray\X光图片20260330\X光图片20260330\合格\2\5该文件夹里多为直插通孔类型\189\7.jpg,"(210, 1195, 675, 1660)"
train,normal,E:\Xray\Xray\pcb_xray_annotation_workspace\bridge_roi_dataset\train\normal\3_05478a2fbe_n00.jpg,E:\Xray\X光图片20260330\X光图片20260330\合格\2\5该文件夹里多为直插通孔类型\189\3.jpg,"(1967, 349, 2432, 814)"
train,normal,E:\Xray\Xray\pcb_xray_annotation_workspace\bridge_roi_dataset\train\normal\3_05478a2fbe_n01.jpg,E:\Xray\X光图片20260330\X光图片20260330\合格\2\5该文件夹里多为直插通孔类型\189\3.jpg,"(2147, 1288, 2612, 1753)"
train,normal,E:\Xray\Xray\pcb_xray_annotation_workspace\bridge_roi_dataset\train\normal\7_2a0ffb3ce2_n00.jpg,E:\Xray\X光图片20260330\X光图片20260330\合格\4\1多为直插通孔类型，下面文件类似\7.jpg,"(2538, 1586, 3003, 2051)"
train,normal,E:\Xray\Xray\pcb_xray_annotation_workspace\bridge_roi_dataset\train\normal\7_2a0ffb3ce2_n01.jpg,E:\Xray\X光图片20260330\X光图片20260330\合格\4\1多为直插通孔类型，下面文件类似\7.jpg,"(1557, 302, 2022, 767)"
train,normal,E:\Xray\Xray\pcb_xray_annotation_workspace\bridge_roi_dataset\train\normal\11_94607fa016_n00.jpg,E:\Xray\X光图片20260330\X光图片20260330\合格\2\5该文件夹里多为直插通孔类型\175\11.jpg,"(992, 64, 1457, 529)"
train,normal,E:\Xray\Xray\pcb_xray_annotation_workspace\bridge_roi_dataset\train\normal\11_94607fa016_n01.jpg,E:\Xray\X光图片20260330\X光图片20260330\合格\2\5该文件夹里多为直插通孔类型\175\11.jpg,"(2345, 1434, 2810, 1899)"
train,normal,E:\Xray\Xray\pcb_xray_annotation_workspace\bridge_roi_dataset\train\normal\2_6745491b8d_n00.jpg,E:\Xray\X光图片20260330\X光图片20260330\合格\2\5该文件夹里多为直插通孔类型\186\2.jpg,"(450, 390, 915, 855)"
train,normal,E:\Xray\Xray\pcb_xray_annotation_workspace\bridge_roi_dataset\train\normal\2_6745491b8d_n01.jpg,E:\Xray\X光图片20260330\X光图片20260330\合格\2\5该文件夹里多为直插通孔类型\186\2.jpg,"(77, 903, 542, 1368)"
train,normal,E:\Xray\Xray\pcb_xray_annotation_workspace\bridge_roi_dataset\train\normal\void_0064_1095111c18_n00.jpg,E:\Xray\Xray\pcb_xray_annotation_workspace\images\void\void_0064.jpg,"(642, 857, 1107, 1322)"
train,normal,E:\Xray\Xray\pcb_xray_annotation_workspace\bridge_roi_dataset\train\normal\void_0064_1095111c18_n01.jpg,E:\Xray\Xray\pcb_xray_annotation_workspace\images\void\void_0064.jpg,"(310, 845, 775, 1310)"
train,normal,E:\Xray\Xray\pcb_xray_annotation_workspace\bridge_roi_dataset\train\normal\12_7d5d243b8d_n00.jpg,E:\Xray\X光图片20260330\X光图片20260330\合格\2\5该文件夹里多为直插通孔类型\177\12.jpg,"(835, 840, 1300, 1305)"
train,normal,E:\Xray\Xray\pcb_xray_annotation_workspace\bridge_roi_dataset\train\normal\12_7d5d243b8d_n01.jpg,E:\Xray\X光图片20260330\X光图片20260330\合格\2\5该文件夹里多为直插通孔类型\177\12.jpg,"(2055, 1587, 2520, 2052)"
train,normal,E:\Xray\Xray\pcb_xray_annotation_workspace\bridge_roi_dataset\train\normal\1_31930a492e_n00.jpg,E:\Xray\X光图片20260330\X光图片20260330\合格\2\5该文件夹里多为直插通孔类型\195\1.jpg,"(2504, 965, 2969, 1430)"
train,normal,E:\Xray\Xray\pcb_xray_annotation_workspace\bridge_roi_dataset\train\normal\1_31930a492e_n01.jpg,E:\Xray\X光图片20260330\X光图片20260330\合格\2\5该文件夹里多为直插通孔类型\195\1.jpg,"(255, 1445, 720, 1910)"
train,normal,E:\Xray\Xray\pcb_xray_annotation_workspace\bridge_roi_dataset\train\normal\6_f727d02b67_n00.jpg,E:\Xray\X光图片20260330\X光图片20260330\合格\2\4图片以表贴类型为主\105\6.jpg,"(565, 1062, 1030, 1527)"
train,normal,E:\Xray\Xray\pcb_xray_annotation_workspace\bridge_roi_dataset\train\normal\6_f727d02b67_n01.jpg,E:\Xray\X光图片20260330\X光图片20260330\合格\2\4图片以表贴类型为主\105\6.jpg,"(849, 1148, 1314, 1613)"
train,normal,E:\Xray\Xray\pcb_xray_annotation_workspace\bridge_roi_dataset\train\normal\7_94c098b66e_n00.jpg,E:\Xray\X光图片20260330\X光图片20260330\合格\2\4图片以表贴类型为主\104\7.jpg,"(1331, 1356, 1796, 1821)"
train,normal,E:\Xray\Xray\pcb_xray_annotation_workspace\bridge_roi_dataset\train\normal\7_94c098b66e_n01.jpg,E:\Xray\X光图片20260330\X光图片20260330\合格\2\4图片以表贴类型为主\104\7.jpg,"(1959, 1076, 2424, 1541)"
train,normal,E:\Xray\Xray\pcb_xray_annotation_workspace\bridge_roi_dataset\train\normal\insufficient_through_solder_0057_bd76eb480b_n00.jpg,E:\Xray\Xray\pcb_xray_annotation_workspace\images\insufficient_through_solder\insufficient_through_solder_0057.jpg,"(771, 642, 1236, 1107)"
train,normal,E:\Xray\Xray\pcb_xray_annotation_workspace\bridge_roi_dataset\train\normal\insufficient_through_solder_0057_bd76eb480b_n01.jpg,E:\Xray\Xray\pcb_xray_annotation_workspace\images\insufficient_through_solder\insufficient_through_solder_0057.jpg,"(354, 941, 819, 1406)"
train,normal,E:\Xray\Xray\pcb_xray_annotation_workspace\bridge_roi_dataset\train\normal\9_6555181749_n00.jpg,E:\Xray\X光图片20260330\X光图片20260330\合格\2\5该文件夹里多为直插通孔类型\180\9.jpg,"(2183, 701, 2648, 1166)"
train,normal,E:\Xray\Xray\pcb_xray_annotation_workspace\bridge_roi_dataset\train\normal\9_6555181749_n01.jpg,E:\Xray\X光图片20260330\X光图片20260330\合格\2\5该文件夹里多为直插通孔类型\180\9.jpg,"(2237, 725, 2702, 1190)"
train,normal,E:\Xray\Xray\pcb_xray_annotation_workspace\bridge_roi_dataset\train\normal\insufficient_through_solder_0088_31cae5849e_n00.jpg,E:\Xray\Xray\pcb_xray_annotation_workspace\images\insufficient_through_solder\insufficient_through_solder_0088.jpg,"(270, 123, 735, 588)"
train,normal,E:\Xray\Xray\pcb_xray_annotation_workspace\bridge_roi_dataset\train\normal\insufficient_through_solder_0088_31cae5849e_n01.jpg,E:\Xray\Xray\pcb_xray_annotation_workspace\images\insufficient_through_solder\insufficient_through_solder_0088.jpg,"(196, 63, 661, 528)"
train,normal,E:\Xray\Xray\pcb_xray_annotation_workspace\bridge_roi_dataset\train\normal\1_74661586c1_n00.jpg,E:\Xray\X光图片20260330\X光图片20260330\合格\1\表贴及连接器通孔\AP4\73\1.jpg,"(1142, 1142, 1607, 1607)"
train,normal,E:\Xray\Xray\pcb_xray_annotation_workspace\bridge_roi_dataset\train\normal\1_74661586c1_n01.jpg,E:\Xray\X光图片20260330\X光图片20260330\合格\1\表贴及连接器通孔\AP4\73\1.jpg,"(1222, 460, 1687, 925)"
train,normal,E:\Xray\Xray\pcb_xray_annotation_workspace\bridge_roi_dataset\train\normal\7_6bf0c54f4a_n00.jpg,E:\Xray\X光图片20260330\X光图片20260330\合格\1\表贴及连接器通孔2\073\7.jpg,"(1219, 1579, 1684, 2044)"
train,normal,E:\Xray\Xray\pcb_xray_annotation_workspace\bridge_roi_dataset\train\normal\7_6bf0c54f4a_n01.jpg,E:\Xray\X光图片20260330\X光图片20260330\合格\1\表贴及连接器通孔2\073\7.jpg,"(1183, 1443, 1648, 1908)"
train,normal,E:\Xray\Xray\pcb_xray_annotation_workspace\bridge_roi_dataset\train\normal\10_9e757e88d5_n00.jpg,E:\Xray\X光图片20260330\X光图片20260330\合格\1\表贴及连接器通孔1\AP7\73\10.jpg,"(849, 1413, 1314, 1878)"
train,normal,E:\Xray\Xray\pcb_xray_annotation_workspace\bridge_roi_dataset\train\normal\10_9e757e88d5_n01.jpg,E:\Xray\X光图片20260330\X光图片20260330\合格\1\表贴及连接器通孔1\AP7\73\10.jpg,"(2002, 649, 2467, 1114)"
train,normal,E:\Xray\Xray\pcb_xray_annotation_workspace\bridge_roi_dataset\train\normal\3_083adb117a_n00.jpg,E:\Xray\X光图片20260330\X光图片20260330\合格\2\5该文件夹里多为直插通孔类型\171\3.jpg,"(1965, 714, 2430, 1179)"
train,normal,E:\Xray\Xray\pcb_xray_annotation_workspace\bridge_roi_dataset\train\normal\3_083adb117a_n01.jpg,E:\Xray\X光图片20260330\X光图片20260330\合格\2\5该文件夹里多为直插通孔类型\171\3.jpg,"(2295, 1628, 2760, 2093)"
train,normal,E:\Xray\Xray\pcb_xray_annotation_workspace\bridge_roi_dataset\train\normal\通孔1_867d9bd681_n00.jpg,E:\Xray\X光图片20260330\X光图片20260330\合格\2\1多为直插通孔\40\通孔1.jpg,"(1120, 589, 1585, 1054)"
train,normal,E:\Xray\Xray\pcb_xray_annotation_workspace\bridge_roi_dataset\train\normal\通孔1_867d9bd681_n01.jpg,E:\Xray\X光图片20260330\X光图片20260330\合格\2\1多为直插通孔\40\通孔1.jpg,"(499, 1174, 964, 1639)"
train,normal,E:\Xray\Xray\pcb_xray_annotation_workspace\bridge_roi_dataset\train\normal\1_7bfbf838b1_n00.jpg,E:\Xray\X光图片20260330\X光图片20260330\合格\2\5该文件夹里多为直插通孔类型\182\1.jpg,"(2224, 777, 2689, 1242)"
train,normal,E:\Xray\Xray\pcb_xray_annotation_workspace\bridge_roi_dataset\train\normal\1_7bfbf838b1_n01.jpg,E:\Xray\X光图片20260330\X光图片20260330\合格\2\5该文件夹里多为直插通孔类型\182\1.jpg,"(1616, 706, 2081, 1171)"
train,normal,E:\Xray\Xray\pcb_xray_annotation_workspace\bridge_roi_dataset\train\normal\2_bcf9699092_n00.jpg,E:\Xray\X光图片20260330\X光图片20260330\合格\2\4图片以表贴类型为主\104\2.jpg,"(599, 594, 1064, 1059)"
train,normal,E:\Xray\Xray\pcb_xray_annotation_workspace\bridge_roi_dataset\train\normal\2_bcf9699092_n01.jpg,E:\Xray\X光图片20260330\X光图片20260330\合格\2\4图片以表贴类型为主\104\2.jpg,"(172, 589, 637, 1054)"
train,normal,E:\Xray\Xray\pcb_xray_annotation_workspace\bridge_roi_dataset\train\normal\5_9b0710dd7c_n00.jpg,E:\Xray\X光图片20260330\X光图片20260330\合格\2\5该文件夹里多为直插通孔类型\172\5.jpg,"(323, 709, 788, 1174)"
train,normal,E:\Xray\Xray\pcb_xray_annotation_workspace\bridge_roi_dataset\train\normal\5_9b0710dd7c_n01.jpg,E:\Xray\X光图片20260330\X光图片20260330\合格\2\5该文件夹里多为直插通孔类型\172\5.jpg,"(1811, 1343, 2276, 1808)"
train,normal,E:\Xray\Xray\pcb_xray_annotation_workspace\bridge_roi_dataset\train\normal\7_5a1d98c64e_n00.jpg,E:\Xray\X光图片20260330\X光图片20260330\合格\2\3表贴，存在直插通孔\AP5\11\7.jpg,"(1050, 1530, 1515, 1995)"
train,normal,E:\Xray\Xray\pcb_xray_annotation_workspace\bridge_roi_dataset\train\normal\7_5a1d98c64e_n01.jpg,E:\Xray\X光图片20260330\X光图片20260330\合格\2\3表贴，存在直插通孔\AP5\11\7.jpg,"(1962, 438, 2427, 903)"
train,normal,E:\Xray\Xray\pcb_xray_annotation_workspace\bridge_roi_dataset\train\normal\2_20f8c4ae3f_n00.jpg,E:\Xray\X光图片20260330\X光图片20260330\合格\1\通孔1\ap1\通孔2\2.jpg,"(827, 1103, 1292, 1568)"
train,normal,E:\Xray\Xray\pcb_xray_annotation_workspace\bridge_roi_dataset\train\normal\2_20f8c4ae3f_n01.jpg,E:\Xray\X光图片20260330\X光图片20260330\合格\1\通孔1\ap1\通孔2\2.jpg,"(1110, 1151, 1575, 1616)"
train,normal,E:\Xray\Xray\pcb_xray_annotation_workspace\bridge_roi_dataset\train\normal\11_d7a6bc4ea4_n00.jpg,E:\Xray\X光图片20260330\X光图片20260330\合格\2\5该文件夹里多为直插通孔类型\180\11.jpg,"(1112, 281, 1577, 746)"
train,normal,E:\Xray\Xray\pcb_xray_annotation_workspace\bridge_roi_dataset\train\normal\11_d7a6bc4ea4_n01.jpg,E:\Xray\X光图片20260330\X光图片20260330\合格\2\5该文件夹里多为直插通孔类型\180\11.jpg,"(447, 1260, 912, 1725)"
train,normal,E:\Xray\Xray\pcb_xray_annotation_workspace\bridge_roi_dataset\train\normal\void_0066_f666c4e8f4_n00.jpg,E:\Xray\Xray\pcb_xray_annotation_workspace\images\void\void_0066.jpg,"(1517, 1201, 1982, 1666)"
train,normal,E:\Xray\Xray\pcb_xray_annotation_workspace\bridge_roi_dataset\train\normal\void_0066_f666c4e8f4_n01.jpg,E:\Xray\Xray\pcb_xray_annotation_workspace\images\void\void_0066.jpg,"(490, 496, 955, 961)"
train,normal,E:\Xray\Xray\pcb_xray_annotation_workspace\bridge_roi_dataset\train\normal\3_32df584e4b_n00.jpg,E:\Xray\X光图片20260330\X光图片20260330\合格\1\通孔1\ap2\通孔3\3.jpg,"(207, 1371, 672, 1836)"
train,normal,E:\Xray\Xray\pcb_xray_annotation_workspace\bridge_roi_dataset\train\normal\3_32df584e4b_n01.jpg,E:\Xray\X光图片20260330\X光图片20260330\合格\1\通孔1\ap2\通孔3\3.jpg,"(2175, 462, 2640, 927)"
train,normal,E:\Xray\Xray\pcb_xray_annotation_workspace\bridge_roi_dataset\train\normal\2_e064080495_n00.jpg,E:\Xray\X光图片20260330\X光图片20260330\合格\3\2\27\2.jpg,"(2613, 476, 3078, 941)"
train,normal,E:\Xray\Xray\pcb_xray_annotation_workspace\bridge_roi_dataset\train\normal\2_e064080495_n01.jpg,E:\Xray\X光图片20260330\X光图片20260330\合格\3\2\27\2.jpg,"(215, 205, 680, 670)"
train,normal,E:\Xray\Xray\pcb_xray_annotation_workspace\bridge_roi_dataset\train\normal\void_0095_6d29510fb8_n00.jpg,E:\Xray\Xray\pcb_xray_annotation_workspace\images\void\void_0095.jpg,"(423, 84, 888, 549)"
train,normal,E:\Xray\Xray\pcb_xray_annotation_workspace\bridge_roi_dataset\train\normal\void_0095_6d29510fb8_n01.jpg,E:\Xray\Xray\pcb_xray_annotation_workspace\images\void\void_0095.jpg,"(483, 25, 948, 490)"
train,normal,E:\Xray\Xray\pcb_xray_annotation_workspace\bridge_roi_dataset\train\normal\7_796c68faec_n00.jpg,E:\Xray\X光图片20260330\X光图片20260330\合格\2\5该文件夹里多为直插通孔类型\184\7.jpg,"(563, 10, 1028, 475)"
train,normal,E:\Xray\Xray\pcb_xray_annotation_workspace\bridge_roi_dataset\train\normal\7_796c68faec_n01.jpg,E:\Xray\X光图片20260330\X光图片20260330\合格\2\5该文件夹里多为直插通孔类型\184\7.jpg,"(2254, 323, 2719, 788)"
train,normal,E:\Xray\Xray\pcb_xray_annotation_workspace\bridge_roi_dataset\train\normal\4_c151d7a12d_n00.jpg,E:\Xray\X光图片20260330\X光图片20260330\合格\2\5该文件夹里多为直插通孔类型\184\4.jpg,"(1666, 1337, 2131, 1802)"
train,normal,E:\Xray\Xray\pcb_xray_annotation_workspace\bridge_roi_dataset\train\normal\4_c151d7a12d_n01.jpg,E:\Xray\X光图片20260330\X光图片20260330\合格\2\5该文件夹里多为直插通孔类型\184\4.jpg,"(1948, 977, 2413, 1442)"
train,normal,E:\Xray\Xray\pcb_xray_annotation_workspace\bridge_roi_dataset\train\normal\12_ec7ec41eef_n00.jpg,E:\Xray\X光图片20260330\X光图片20260330\合格\2\5该文件夹里多为直插通孔类型\193\12.jpg,"(2664, 408, 3129, 873)"
train,normal,E:\Xray\Xray\pcb_xray_annotation_workspace\bridge_roi_dataset\train\normal\12_ec7ec41eef_n01.jpg,E:\Xray\X光图片20260330\X光图片20260330\合格\2\5该文件夹里多为直插通孔类型\193\12.jpg,"(1176, 657, 1641, 1122)"
train,normal,E:\Xray\Xray\pcb_xray_annotation_workspace\bridge_roi_dataset\train\normal\5_3e1e13e4c1_n00.jpg,E:\Xray\X光图片20260330\X光图片20260330\合格\2\5该文件夹里多为直插通孔类型\171\5.jpg,"(1169, 1322, 1634, 1787)"
train,normal,E:\Xray\Xray\pcb_xray_annotation_workspace\bridge_roi_dataset\train\normal\5_3e1e13e4c1_n01.jpg,E:\Xray\X光图片20260330\X光图片20260330\合格\2\5该文件夹里多为直插通孔类型\171\5.jpg,"(242, 1574, 707, 2039)"
train,normal,E:\Xray\Xray\pcb_xray_annotation_workspace\bridge_roi_dataset\train\normal\3_b526c2f64d_n00.jpg,E:\Xray\X光图片20260330\X光图片20260330\合格\2\5该文件夹里多为直插通孔类型\186\3.jpg,"(366, 1335, 831, 1800)"
train,normal,E:\Xray\Xray\pcb_xray_annotation_workspace\bridge_roi_dataset\train\normal\3_b526c2f64d_n01.jpg,E:\Xray\X光图片20260330\X光图片20260330\合格\2\5该文件夹里多为直插通孔类型\186\3.jpg,"(2351, 475, 2816, 940)"
train,normal,E:\Xray\Xray\pcb_xray_annotation_workspace\bridge_roi_dataset\train\normal\9_c01f3c0405_n00.jpg,E:\Xray\X光图片20260330\X光图片20260330\合格\2\5该文件夹里多为直插通孔类型\190\9.jpg,"(2191, 1512, 2656, 1977)"
train,normal,E:\Xray\Xray\pcb_xray_annotation_workspace\bridge_roi_dataset\train\normal\9_c01f3c0405_n01.jpg,E:\Xray\X光图片20260330\X光图片20260330\合格\2\5该文件夹里多为直插通孔类型\190\9.jpg,"(152, 358, 617, 823)"
train,normal,E:\Xray\Xray\pcb_xray_annotation_workspace\bridge_roi_dataset\train\normal\12_bd464bfc93_n00.jpg,E:\Xray\X光图片20260330\X光图片20260330\合格\3\2\27\12.jpg,"(1711, 360, 2176, 825)"
train,normal,E:\Xray\Xray\pcb_xray_annotation_workspace\bridge_roi_dataset\train\normal\12_bd464bfc93_n01.jpg,E:\Xray\X光图片20260330\X光图片20260330\合格\3\2\27\12.jpg,"(148, 813, 613, 1278)"
train,normal,E:\Xray\Xray\pcb_xray_annotation_workspace\bridge_roi_dataset\train\normal\2_b5f8c4d05b_n00.jpg,E:\Xray\X光图片20260330\X光图片20260330\合格\1\表贴及连接器通孔\AP3\74\2.jpg,"(2029, 381, 2494, 846)"
train,normal,E:\Xray\Xray\pcb_xray_annotation_workspace\bridge_roi_dataset\train\normal\2_b5f8c4d05b_n01.jpg,E:\Xray\X光图片20260330\X光图片20260330\合格\1\表贴及连接器通孔\AP3\74\2.jpg,"(1185, 76, 1650, 541)"
train,normal,E:\Xray\Xray\pcb_xray_annotation_workspace\bridge_roi_dataset\train\normal\insufficient_through_solder_0035_4086f74d39_n00.jpg,E:\Xray\Xray\pcb_xray_annotation_workspace\images\insufficient_through_solder\insufficient_through_solder_0035.jpg,"(37, 611, 502, 1076)"
train,normal,E:\Xray\Xray\pcb_xray_annotation_workspace\bridge_roi_dataset\train\normal\insufficient_through_solder_0035_4086f74d39_n01.jpg,E:\Xray\Xray\pcb_xray_annotation_workspace\images\insufficient_through_solder\insufficient_through_solder_0035.jpg,"(2326, 1234, 2791, 1699)"
train,normal,E:\Xray\Xray\pcb_xray_annotation_workspace\bridge_roi_dataset\train\normal\void_0030_127ba1dd75_n00.jpg,E:\Xray\Xray\pcb_xray_annotation_workspace\images\void\void_0030.jpg,"(439, 686, 904, 1151)"
train,normal,E:\Xray\Xray\pcb_xray_annotation_workspace\bridge_roi_dataset\train\normal\void_0030_127ba1dd75_n01.jpg,E:\Xray\Xray\pcb_xray_annotation_workspace\images\void\void_0030.jpg,"(1165, 930, 1630, 1395)"
train,normal,E:\Xray\Xray\pcb_xray_annotation_workspace\bridge_roi_dataset\train\normal\insufficient_through_solder_0006_f66d5e5594_n00.jpg,E:\Xray\Xray\pcb_xray_annotation_workspace\images\insufficient_through_solder\insufficient_through_solder_0006.jpg,"(2626, 1112, 3091, 1577)"
train,normal,E:\Xray\Xray\pcb_xray_annotation_workspace\bridge_roi_dataset\train\normal\insufficient_through_solder_0006_f66d5e5594_n01.jpg,E:\Xray\Xray\pcb_xray_annotation_workspace\images\insufficient_through_solder\insufficient_through_solder_0006.jpg,"(2147, 1011, 2612, 1476)"
train,normal,E:\Xray\Xray\pcb_xray_annotation_workspace\bridge_roi_dataset\train\normal\void_0007_3ae48629c5_n00.jpg,E:\Xray\Xray\pcb_xray_annotation_workspace\images\void\void_0007.jpg,"(549, 1032, 1014, 1497)"
train,normal,E:\Xray\Xray\pcb_xray_annotation_workspace\bridge_roi_dataset\train\normal\void_0007_3ae48629c5_n01.jpg,E:\Xray\Xray\pcb_xray_annotation_workspace\images\void\void_0007.jpg,"(1917, 558, 2382, 1023)"
train,normal,E:\Xray\Xray\pcb_xray_annotation_workspace\bridge_roi_dataset\train\normal\10_d4a63ca24d_n00.jpg,E:\Xray\X光图片20260330\X光图片20260330\合格\2\4图片以表贴类型为主\104\10.jpg,"(789, 1656, 1254, 2121)"
train,normal,E:\Xray\Xray\pcb_xray_annotation_workspace\bridge_roi_dataset\train\normal\10_d4a63ca24d_n01.jpg,E:\Xray\X光图片20260330\X光图片20260330\合格\2\4图片以表贴类型为主\104\10.jpg,"(461, 677, 926, 1142)"
train,normal,E:\Xray\Xray\pcb_xray_annotation_workspace\bridge_roi_dataset\train\normal\1_2f9447fdd4_n00.jpg,E:\Xray\X光图片20260330\X光图片20260330\合格\2\5该文件夹里多为直插通孔类型\174\1.jpg,"(665, 1497, 1130, 1962)"
train,normal,E:\Xray\Xray\pcb_xray_annotation_workspace\bridge_roi_dataset\train\normal\1_2f9447fdd4_n01.jpg,E:\Xray\X光图片20260330\X光图片20260330\合格\2\5该文件夹里多为直插通孔类型\174\1.jpg,"(1879, 1327, 2344, 1792)"
train,normal,E:\Xray\Xray\pcb_xray_annotation_workspace\bridge_roi_dataset\train\normal\通孔6_91986b4bf2_n00.jpg,E:\Xray\X光图片20260330\X光图片20260330\合格\3\1\27\通孔6.jpg,"(1053, 1471, 1518, 1936)"
train,normal,E:\Xray\Xray\pcb_xray_annotation_workspace\bridge_roi_dataset\train\normal\通孔6_91986b4bf2_n01.jpg,E:\Xray\X光图片20260330\X光图片20260330\合格\3\1\27\通孔6.jpg,"(762, 28, 1227, 493)"
train,normal,E:\Xray\Xray\pcb_xray_annotation_workspace\bridge_roi_dataset\train\normal\1_05fd445cd7_n00.jpg,E:\Xray\X光图片20260330\X光图片20260330\合格\2\5该文件夹里多为直插通孔类型\183\1.jpg,"(1380, 1619, 1845, 2084)"
train,normal,E:\Xray\Xray\pcb_xray_annotation_workspace\bridge_roi_dataset\train\normal\1_05fd445cd7_n01.jpg,E:\Xray\X光图片20260330\X光图片20260330\合格\2\5该文件夹里多为直插通孔类型\183\1.jpg,"(1208, 1162, 1673, 1627)"
train,normal,E:\Xray\Xray\pcb_xray_annotation_workspace\bridge_roi_dataset\train\normal\5_7fa64bebbc_n00.jpg,E:\Xray\X光图片20260330\X光图片20260330\合格\2\5该文件夹里多为直插通孔类型\179\5.jpg,"(791, 359, 1256, 824)"
train,normal,E:\Xray\Xray\pcb_xray_annotation_workspace\bridge_roi_dataset\train\normal\5_7fa64bebbc_n01.jpg,E:\Xray\X光图片20260330\X光图片20260330\合格\2\5该文件夹里多为直插通孔类型\179\5.jpg,"(2502, 1308, 2967, 1773)"
train,normal,E:\Xray\Xray\pcb_xray_annotation_workspace\bridge_roi_dataset\train\normal\10_58cee13585_n00.jpg,E:\Xray\X光图片20260330\X光图片20260330\合格\1\表贴及连接器通孔\AP4\74\10.jpg,"(1660, 875, 2125, 1340)"
train,normal,E:\Xray\Xray\pcb_xray_annotation_workspace\bridge_roi_dataset\train\normal\10_58cee13585_n01.jpg,E:\Xray\X光图片20260330\X光图片20260330\合格\1\表贴及连接器通孔\AP4\74\10.jpg,"(2110, 671, 2575, 1136)"
train,normal,E:\Xray\Xray\pcb_xray_annotation_workspace\bridge_roi_dataset\train\normal\void_0016_1cc3000d92_n00.jpg,E:\Xray\Xray\pcb_xray_annotation_workspace\images\void\void_0016.jpg,"(355, 820, 820, 1285)"
train,normal,E:\Xray\Xray\pcb_xray_annotation_workspace\bridge_roi_dataset\train\normal\void_0016_1cc3000d92_n01.jpg,E:\Xray\Xray\pcb_xray_annotation_workspace\images\void\void_0016.jpg,"(390, 378, 855, 843)"
train,normal,E:\Xray\Xray\pcb_xray_annotation_workspace\bridge_roi_dataset\train\normal\3_52481373a0_n00.jpg,E:\Xray\X光图片20260330\X光图片20260330\合格\3\3\27\3.jpg,"(575, 977, 1040, 1442)"
train,normal,E:\Xray\Xray\pcb_xray_annotation_workspace\bridge_roi_dataset\train\normal\3_52481373a0_n01.jpg,E:\Xray\X光图片20260330\X光图片20260330\合格\3\3\27\3.jpg,"(1325, 508, 1790, 973)"
train,normal,E:\Xray\Xray\pcb_xray_annotation_workspace\bridge_roi_dataset\train\normal\4_5527cc17fd_n00.jpg,E:\Xray\X光图片20260330\X光图片20260330\合格\2\2多为直插通孔\37\4.jpg,"(27, 534, 492, 999)"
train,normal,E:\Xray\Xray\pcb_xray_annotation_workspace\bridge_roi_dataset\train\normal\4_5527cc17fd_n01.jpg,E:\Xray\X光图片20260330\X光图片20260330\合格\2\2多为直插通孔\37\4.jpg,"(1571, 482, 2036, 947)"
train,normal,E:\Xray\Xray\pcb_xray_annotation_workspace\bridge_roi_dataset\train\normal\11_2dfe7eb19a_n00.jpg,E:\Xray\X光图片20260330\X光图片20260330\合格\1\表贴及连接器通孔1\AP7\73\11.jpg,"(1829, 1543, 2294, 2008)"
train,normal,E:\Xray\Xray\pcb_xray_annotation_workspace\bridge_roi_dataset\train\normal\11_2dfe7eb19a_n01.jpg,E:\Xray\X光图片20260330\X光图片20260330\合格\1\表贴及连接器通孔1\AP7\73\11.jpg,"(1093, 675, 1558, 1140)"
train,normal,E:\Xray\Xray\pcb_xray_annotation_workspace\bridge_roi_dataset\train\normal\6_f35d76b4a7_n00.jpg,E:\Xray\X光图片20260330\X光图片20260330\合格\2\5该文件夹里多为直插通孔类型\174\6.jpg,"(1236, 1192, 1701, 1657)"
train,normal,E:\Xray\Xray\pcb_xray_annotation_workspace\bridge_roi_dataset\train\normal\6_f35d76b4a7_n01.jpg,E:\Xray\X光图片20260330\X光图片20260330\合格\2\5该文件夹里多为直插通孔类型\174\6.jpg,"(2346, 23, 2811, 488)"
train,normal,E:\Xray\Xray\pcb_xray_annotation_workspace\bridge_roi_dataset\train\normal\2_5b160d2795_n00.jpg,E:\Xray\X光图片20260330\X光图片20260330\合格\2\5该文件夹里多为直插通孔类型\187\2.jpg,"(1071, 1338, 1536, 1803)"
train,normal,E:\Xray\Xray\pcb_xray_annotation_workspace\bridge_roi_dataset\train\normal\2_5b160d2795_n01.jpg,E:\Xray\X光图片20260330\X光图片20260330\合格\2\5该文件夹里多为直插通孔类型\187\2.jpg,"(1472, 1418, 1937, 1883)"
train,normal,E:\Xray\Xray\pcb_xray_annotation_workspace\bridge_roi_dataset\train\normal\3_097c69a87a_n00.jpg,E:\Xray\X光图片20260330\X光图片20260330\合格\2\5该文件夹里多为直插通孔类型\190\3.jpg,"(967, 127, 1432, 592)"
train,normal,E:\Xray\Xray\pcb_xray_annotation_workspace\bridge_roi_dataset\train\normal\3_097c69a87a_n01.jpg,E:\Xray\X光图片20260330\X光图片20260330\合格\2\5该文件夹里多为直插通孔类型\190\3.jpg,"(2735, 242, 3200, 707)"
train,normal,E:\Xray\Xray\pcb_xray_annotation_workspace\bridge_roi_dataset\train\normal\2_4f5686cf66_n00.jpg,E:\Xray\X光图片20260330\X光图片20260330\合格\1\表贴及连接器通孔1\AP7\74\2.jpg,"(1906, 628, 2371, 1093)"
train,normal,E:\Xray\Xray\pcb_xray_annotation_workspace\bridge_roi_dataset\train\normal\2_4f5686cf66_n01.jpg,E:\Xray\X光图片20260330\X光图片20260330\合格\1\表贴及连接器通孔1\AP7\74\2.jpg,"(654, 830, 1119, 1295)"
train,normal,E:\Xray\Xray\pcb_xray_annotation_workspace\bridge_roi_dataset\train\normal\10_fba6362d2c_n00.jpg,E:\Xray\X光图片20260330\X光图片20260330\合格\2\5该文件夹里多为直插通孔类型\189\10.jpg,"(2058, 1440, 2523, 1905)"
train,normal,E:\Xray\Xray\pcb_xray_annotation_workspace\bridge_roi_dataset\train\normal\10_fba6362d2c_n01.jpg,E:\Xray\X光图片20260330\X光图片20260330\合格\2\5该文件夹里多为直插通孔类型\189\10.jpg,"(1273, 1413, 1738, 1878)"
train,normal,E:\Xray\Xray\pcb_xray_annotation_workspace\bridge_roi_dataset\train\normal\5_f62e2bd4d4_n00.jpg,E:\Xray\X光图片20260330\X光图片20260330\合格\4\4\5.jpg,"(480, 1308, 945, 1773)"
train,normal,E:\Xray\Xray\pcb_xray_annotation_workspace\bridge_roi_dataset\train\normal\5_f62e2bd4d4_n01.jpg,E:\Xray\X光图片20260330\X光图片20260330\合格\4\4\5.jpg,"(1208, 752, 1673, 1217)"
train,normal,E:\Xray\Xray\pcb_xray_annotation_workspace\bridge_roi_dataset\train\normal\insufficient_through_solder_0062_e337754a06_n00.jpg,E:\Xray\Xray\pcb_xray_annotation_workspace\images\insufficient_through_solder\insufficient_through_solder_0062.jpg,"(1258, 452, 1723, 917)"
train,normal,E:\Xray\Xray\pcb_xray_annotation_workspace\bridge_roi_dataset\train\normal\insufficient_through_solder_0062_e337754a06_n01.jpg,E:\Xray\Xray\pcb_xray_annotation_workspace\images\insufficient_through_solder\insufficient_through_solder_0062.jpg,"(448, 273, 913, 738)"
train,normal,E:\Xray\Xray\pcb_xray_annotation_workspace\bridge_roi_dataset\train\normal\2_0164882645_n00.jpg,E:\Xray\X光图片20260330\X光图片20260330\合格\2\1多为直插通孔\37\2.jpg,"(1958, 313, 2423, 778)"
train,normal,E:\Xray\Xray\pcb_xray_annotation_workspace\bridge_roi_dataset\train\normal\2_0164882645_n01.jpg,E:\Xray\X光图片20260330\X光图片20260330\合格\2\1多为直插通孔\37\2.jpg,"(1863, 1531, 2328, 1996)"
train,normal,E:\Xray\Xray\pcb_xray_annotation_workspace\bridge_roi_dataset\train\normal\insufficient_through_solder_0011_d12e5347d1_n00.jpg,E:\Xray\Xray\pcb_xray_annotation_workspace\images\insufficient_through_solder\insufficient_through_solder_0011.jpg,"(2481, 765, 2946, 1230)"
train,normal,E:\Xray\Xray\pcb_xray_annotation_workspace\bridge_roi_dataset\train\normal\insufficient_through_solder_0011_d12e5347d1_n01.jpg,E:\Xray\Xray\pcb_xray_annotation_workspace\images\insufficient_through_solder\insufficient_through_solder_0011.jpg,"(1703, 1437, 2168, 1902)"
train,normal,E:\Xray\Xray\pcb_xray_annotation_workspace\bridge_roi_dataset\train\normal\4_9ac2c8a9d9_n00.jpg,E:\Xray\X光图片20260330\X光图片20260330\合格\2\5该文件夹里多为直插通孔类型\181\4.jpg,"(2249, 964, 2714, 1429)"
train,normal,E:\Xray\Xray\pcb_xray_annotation_workspace\bridge_roi_dataset\train\normal\4_9ac2c8a9d9_n01.jpg,E:\Xray\X光图片20260330\X光图片20260330\合格\2\5该文件夹里多为直插通孔类型\181\4.jpg,"(2201, 1642, 2666, 2107)"
train,normal,E:\Xray\Xray\pcb_xray_annotation_workspace\bridge_roi_dataset\train\normal\insufficient_through_solder_0036_83d5d7c695_n00.jpg,E:\Xray\Xray\pcb_xray_annotation_workspace\images\insufficient_through_solder\insufficient_through_solder_0036.jpg,"(2720, 447, 3185, 912)"
train,normal,E:\Xray\Xray\pcb_xray_annotation_workspace\bridge_roi_dataset\train\normal\insufficient_through_solder_0036_83d5d7c695_n01.jpg,E:\Xray\Xray\pcb_xray_annotation_workspace\images\insufficient_through_solder\insufficient_through_solder_0036.jpg,"(1013, 1393, 1478, 1858)"
train,normal,E:\Xray\Xray\pcb_xray_annotation_workspace\bridge_roi_dataset\train\normal\12_6fcc4619eb_n00.jpg,E:\Xray\X光图片20260330\X光图片20260330\合格\1\表贴及连接器通孔1\AP7\74\12.jpg,"(2440, 1612, 2905, 2077)"
train,normal,E:\Xray\Xray\pcb_xray_annotation_workspace\bridge_roi_dataset\train\normal\12_6fcc4619eb_n01.jpg,E:\Xray\X光图片20260330\X光图片20260330\合格\1\表贴及连接器通孔1\AP7\74\12.jpg,"(335, 1076, 800, 1541)"
train,normal,E:\Xray\Xray\pcb_xray_annotation_workspace\bridge_roi_dataset\train\normal\8_a30e46e4c1_n00.jpg,E:\Xray\X光图片20260330\X光图片20260330\合格\2\5该文件夹里多为直插通孔类型\195\8.jpg,"(1829, 1081, 2294, 1546)"
train,normal,E:\Xray\Xray\pcb_xray_annotation_workspace\bridge_roi_dataset\train\normal\8_a30e46e4c1_n01.jpg,E:\Xray\X光图片20260330\X光图片20260330\合格\2\5该文件夹里多为直插通孔类型\195\8.jpg,"(1481, 159, 1946, 624)"
train,normal,E:\Xray\Xray\pcb_xray_annotation_workspace\bridge_roi_dataset\train\normal\12_5750207d78_n00.jpg,E:\Xray\X光图片20260330\X光图片20260330\合格\2\5该文件夹里多为直插通孔类型\183\12.jpg,"(2310, 229, 2775, 694)"
train,normal,E:\Xray\Xray\pcb_xray_annotation_workspace\bridge_roi_dataset\train\normal\12_5750207d78_n01.jpg,E:\Xray\X光图片20260330\X光图片20260330\合格\2\5该文件夹里多为直插通孔类型\183\12.jpg,"(252, 1121, 717, 1586)"
train,normal,E:\Xray\Xray\pcb_xray_annotation_workspace\bridge_roi_dataset\train\normal\insufficient_through_solder_0053_d154d029d4_n00.jpg,E:\Xray\Xray\pcb_xray_annotation_workspace\images\insufficient_through_solder\insufficient_through_solder_0053.jpg,"(1849, 1035, 2314, 1500)"
train,normal,E:\Xray\Xray\pcb_xray_annotation_workspace\bridge_roi_dataset\train\normal\insufficient_through_solder_0053_d154d029d4_n01.jpg,E:\Xray\Xray\pcb_xray_annotation_workspace\images\insufficient_through_solder\insufficient_through_solder_0053.jpg,"(414, 1172, 879, 1637)"
train,normal,E:\Xray\Xray\pcb_xray_annotation_workspace\bridge_roi_dataset\train\normal\8_1edaccaf1e_n00.jpg,E:\Xray\X光图片20260330\X光图片20260330\合格\2\5该文件夹里多为直插通孔类型\183\8.jpg,"(2198, 306, 2663, 771)"
train,normal,E:\Xray\Xray\pcb_xray_annotation_workspace\bridge_roi_dataset\train\normal\8_1edaccaf1e_n01.jpg,E:\Xray\X光图片20260330\X光图片20260330\合格\2\5该文件夹里多为直插通孔类型\183\8.jpg,"(673, 671, 1138, 1136)"
train,normal,E:\Xray\Xray\pcb_xray_annotation_workspace\bridge_roi_dataset\train\normal\3_017cecc7eb_n00.jpg,E:\Xray\X光图片20260330\X光图片20260330\合格\2\1多为直插通孔\40\3.jpg,"(2131, 904, 2596, 1369)"
train,normal,E:\Xray\Xray\pcb_xray_annotation_workspace\bridge_roi_dataset\train\normal\3_017cecc7eb_n01.jpg,E:\Xray\X光图片20260330\X光图片20260330\合格\2\1多为直插通孔\40\3.jpg,"(476, 1393, 941, 1858)"
train,normal,E:\Xray\Xray\pcb_xray_annotation_workspace\bridge_roi_dataset\train\normal\void_0052_4184e01ecc_n00.jpg,E:\Xray\Xray\pcb_xray_annotation_workspace\images\void\void_0052.jpg,"(420, 1194, 885, 1659)"
train,normal,E:\Xray\Xray\pcb_xray_annotation_workspace\bridge_roi_dataset\train\normal\void_0052_4184e01ecc_n01.jpg,E:\Xray\Xray\pcb_xray_annotation_workspace\images\void\void_0052.jpg,"(1001, 186, 1466, 651)"
train,normal,E:\Xray\Xray\pcb_xray_annotation_workspace\bridge_roi_dataset\train\normal\4_315d37c6b8_n00.jpg,E:\Xray\X光图片20260330\X光图片20260330\合格\2\5该文件夹里多为直插通孔类型\176\4.jpg,"(2090, 912, 2555, 1377)"
train,normal,E:\Xray\Xray\pcb_xray_annotation_workspace\bridge_roi_dataset\train\normal\4_315d37c6b8_n01.jpg,E:\Xray\X光图片20260330\X光图片20260330\合格\2\5该文件夹里多为直插通孔类型\176\4.jpg,"(227, 928, 692, 1393)"
train,normal,E:\Xray\Xray\pcb_xray_annotation_workspace\bridge_roi_dataset\train\normal\12_3179117e79_n00.jpg,E:\Xray\X光图片20260330\X光图片20260330\合格\2\5该文件夹里多为直插通孔类型\180\12.jpg,"(540, 1051, 1005, 1516)"
train,normal,E:\Xray\Xray\pcb_xray_annotation_workspace\bridge_roi_dataset\train\normal\12_3179117e79_n01.jpg,E:\Xray\X光图片20260330\X光图片20260330\合格\2\5该文件夹里多为直插通孔类型\180\12.jpg,"(1701, 935, 2166, 1400)"
train,normal,E:\Xray\Xray\pcb_xray_annotation_workspace\bridge_roi_dataset\train\normal\void_0074_895330b988_n00.jpg,E:\Xray\Xray\pcb_xray_annotation_workspace\images\void\void_0074.jpg,"(59, 143, 524, 608)"
train,normal,E:\Xray\Xray\pcb_xray_annotation_workspace\bridge_roi_dataset\train\normal\void_0074_895330b988_n01.jpg,E:\Xray\Xray\pcb_xray_annotation_workspace\images\void\void_0074.jpg,"(473, 78, 938, 543)"
train,normal,E:\Xray\Xray\pcb_xray_annotation_workspace\bridge_roi_dataset\train\normal\5_ae9b249f2a_n00.jpg,E:\Xray\X光图片20260330\X光图片20260330\合格\1\表贴及连接器通孔2\075\5.jpg,"(89, 810, 554, 1275)"
train,normal,E:\Xray\Xray\pcb_xray_annotation_workspace\bridge_roi_dataset\train\normal\5_ae9b249f2a_n01.jpg,E:\Xray\X光图片20260330\X光图片20260330\合格\1\表贴及连接器通孔2\075\5.jpg,"(1042, 6, 1507, 471)"
train,normal,E:\Xray\Xray\pcb_xray_annotation_workspace\bridge_roi_dataset\train\normal\3_93d69f4ae7_n00.jpg,E:\Xray\X光图片20260330\X光图片20260330\合格\2\5该文件夹里多为直插通孔类型\188\3.jpg,"(892, 1184, 1357, 1649)"
train,normal,E:\Xray\Xray\pcb_xray_annotation_workspace\bridge_roi_dataset\train\normal\3_93d69f4ae7_n01.jpg,E:\Xray\X光图片20260330\X光图片20260330\合格\2\5该文件夹里多为直插通孔类型\188\3.jpg,"(299, 92, 764, 557)"
train,normal,E:\Xray\Xray\pcb_xray_annotation_workspace\bridge_roi_dataset\train\normal\11_26f3805902_n00.jpg,E:\Xray\X光图片20260330\X光图片20260330\合格\2\5该文件夹里多为直插通孔类型\189\11.jpg,"(1735, 705, 2200, 1170)"
train,normal,E:\Xray\Xray\pcb_xray_annotation_workspace\bridge_roi_dataset\train\normal\11_26f3805902_n01.jpg,E:\Xray\X光图片20260330\X光图片20260330\合格\2\5该文件夹里多为直插通孔类型\189\11.jpg,"(261, 1108, 726, 1573)"
train,normal,E:\Xray\Xray\pcb_xray_annotation_workspace\bridge_roi_dataset\train\normal\9_69359adc0b_n00.jpg,E:\Xray\X光图片20260330\X光图片20260330\合格\2\5该文件夹里多为直插通孔类型\177\9.jpg,"(246, 141, 711, 606)"
train,normal,E:\Xray\Xray\pcb_xray_annotation_workspace\bridge_roi_dataset\train\normal\9_69359adc0b_n01.jpg,E:\Xray\X光图片20260330\X光图片20260330\合格\2\5该文件夹里多为直插通孔类型\177\9.jpg,"(1933, 64, 2398, 529)"
train,normal,E:\Xray\Xray\pcb_xray_annotation_workspace\bridge_roi_dataset\train\normal\10_4c32852818_n00.jpg,E:\Xray\X光图片20260330\X光图片20260330\合格\2\5该文件夹里多为直插通孔类型\187\10.jpg,"(1175, 837, 1640, 1302)"
train,normal,E:\Xray\Xray\pcb_xray_annotation_workspace\bridge_roi_dataset\train\normal\10_4c32852818_n01.jpg,E:\Xray\X光图片20260330\X光图片20260330\合格\2\5该文件夹里多为直插通孔类型\187\10.jpg,"(737, 1574, 1202, 2039)"
train,normal,E:\Xray\Xray\pcb_xray_annotation_workspace\bridge_roi_dataset\train\normal\10_b58f1787de_n00.jpg,E:\Xray\X光图片20260330\X光图片20260330\合格\2\5该文件夹里多为直插通孔类型\175\10.jpg,"(554, 1568, 1019, 2033)"
train,normal,E:\Xray\Xray\pcb_xray_annotation_workspace\bridge_roi_dataset\train\normal\10_b58f1787de_n01.jpg,E:\Xray\X光图片20260330\X光图片20260330\合格\2\5该文件夹里多为直插通孔类型\175\10.jpg,"(2627, 1493, 3092, 1958)"
train,normal,E:\Xray\Xray\pcb_xray_annotation_workspace\bridge_roi_dataset\train\normal\5_8eb48f93e6_n00.jpg,E:\Xray\X光图片20260330\X光图片20260330\合格\3\3\27\5.jpg,"(2645, 860, 3110, 1325)"
train,normal,E:\Xray\Xray\pcb_xray_annotation_workspace\bridge_roi_dataset\train\normal\5_8eb48f93e6_n01.jpg,E:\Xray\X光图片20260330\X光图片20260330\合格\3\3\27\5.jpg,"(1533, 783, 1998, 1248)"
train,normal,E:\Xray\Xray\pcb_xray_annotation_workspace\bridge_roi_dataset\train\normal\10_c3dff7be9d_n00.jpg,E:\Xray\X光图片20260330\X光图片20260330\合格\2\3表贴，存在直插通孔\AP5\11\10.jpg,"(1837, 773, 2302, 1238)"
train,normal,E:\Xray\Xray\pcb_xray_annotation_workspace\bridge_roi_dataset\train\normal\10_c3dff7be9d_n01.jpg,E:\Xray\X光图片20260330\X光图片20260330\合格\2\3表贴，存在直插通孔\AP5\11\10.jpg,"(1538, 164, 2003, 629)"
train,normal,E:\Xray\Xray\pcb_xray_annotation_workspace\bridge_roi_dataset\train\normal\1_9c8d56ac39_n00.jpg,E:\Xray\X光图片20260330\X光图片20260330\合格\2\5该文件夹里多为直插通孔类型\180\1.jpg,"(2710, 1104, 3175, 1569)"
train,normal,E:\Xray\Xray\pcb_xray_annotation_workspace\bridge_roi_dataset\train\normal\1_9c8d56ac39_n01.jpg,E:\Xray\X光图片20260330\X光图片20260330\合格\2\5该文件夹里多为直插通孔类型\180\1.jpg,"(544, 1338, 1009, 1803)"
train,normal,E:\Xray\Xray\pcb_xray_annotation_workspace\bridge_roi_dataset\train\normal\1_00c07c480c_n00.jpg,E:\Xray\X光图片20260330\X光图片20260330\合格\4\1多为直插通孔类型，下面文件类似\1.jpg,"(1424, 242, 1889, 707)"
train,normal,E:\Xray\Xray\pcb_xray_annotation_workspace\bridge_roi_dataset\train\normal\1_00c07c480c_n01.jpg,E:\Xray\X光图片20260330\X光图片20260330\合格\4\1多为直插通孔类型，下面文件类似\1.jpg,"(731, 1100, 1196, 1565)"
train,normal,E:\Xray\Xray\pcb_xray_annotation_workspace\bridge_roi_dataset\train\normal\1_9f1e5fb4a4_n00.jpg,E:\Xray\X光图片20260330\X光图片20260330\合格\2\5该文件夹里多为直插通孔类型\178\1.jpg,"(1609, 1083, 2074, 1548)"
train,normal,E:\Xray\Xray\pcb_xray_annotation_workspace\bridge_roi_dataset\train\normal\1_9f1e5fb4a4_n01.jpg,E:\Xray\X光图片20260330\X光图片20260330\合格\2\5该文件夹里多为直插通孔类型\178\1.jpg,"(521, 1490, 986, 1955)"
train,normal,E:\Xray\Xray\pcb_xray_annotation_workspace\bridge_roi_dataset\train\normal\5_21d68ed857_n00.jpg,E:\Xray\X光图片20260330\X光图片20260330\合格\1\表贴及连接器通孔1\AP6\74\5.jpg,"(912, 7, 1377, 472)"
train,normal,E:\Xray\Xray\pcb_xray_annotation_workspace\bridge_roi_dataset\train\normal\5_21d68ed857_n01.jpg,E:\Xray\X光图片20260330\X光图片20260330\合格\1\表贴及连接器通孔1\AP6\74\5.jpg,"(93, 611, 558, 1076)"
train,normal,E:\Xray\Xray\pcb_xray_annotation_workspace\bridge_roi_dataset\train\normal\10_2863c63974_n00.jpg,E:\Xray\X光图片20260330\X光图片20260330\合格\1\表贴及连接器通孔\AP3\74\10.jpg,"(1896, 1379, 2361, 1844)"
train,normal,E:\Xray\Xray\pcb_xray_annotation_workspace\bridge_roi_dataset\train\normal\10_2863c63974_n01.jpg,E:\Xray\X光图片20260330\X光图片20260330\合格\1\表贴及连接器通孔\AP3\74\10.jpg,"(2230, 868, 2695, 1333)"
train,normal,E:\Xray\Xray\pcb_xray_annotation_workspace\bridge_roi_dataset\train\normal\11_077e5fd477_n00.jpg,E:\Xray\X光图片20260330\X光图片20260330\合格\2\3表贴，存在直插通孔\AP5\11\11.jpg,"(2178, 776, 2643, 1241)"
train,normal,E:\Xray\Xray\pcb_xray_annotation_workspace\bridge_roi_dataset\train\normal\11_077e5fd477_n01.jpg,E:\Xray\X光图片20260330\X光图片20260330\合格\2\3表贴，存在直插通孔\AP5\11\11.jpg,"(940, 506, 1405, 971)"
train,normal,E:\Xray\Xray\pcb_xray_annotation_workspace\bridge_roi_dataset\train\normal\12_abf347ab9b_n00.jpg,E:\Xray\X光图片20260330\X光图片20260330\合格\2\5该文件夹里多为直插通孔类型\184\12.jpg,"(1886, 708, 2351, 1173)"
train,normal,E:\Xray\Xray\pcb_xray_annotation_workspace\bridge_roi_dataset\train\normal\12_abf347ab9b_n01.jpg,E:\Xray\X光图片20260330\X光图片20260330\合格\2\5该文件夹里多为直插通孔类型\184\12.jpg,"(635, 564, 1100, 1029)"
train,normal,E:\Xray\Xray\pcb_xray_annotation_workspace\bridge_roi_dataset\train\normal\4_0b2774d786_n00.jpg,E:\Xray\X光图片20260330\X光图片20260330\合格\1\表贴及连接器通孔1\AP6\74\4.jpg,"(772, 1484, 1237, 1949)"
train,normal,E:\Xray\Xray\pcb_xray_annotation_workspace\bridge_roi_dataset\train\normal\4_0b2774d786_n01.jpg,E:\Xray\X光图片20260330\X光图片20260330\合格\1\表贴及连接器通孔1\AP6\74\4.jpg,"(462, 65, 927, 530)"
train,normal,E:\Xray\Xray\pcb_xray_annotation_workspace\bridge_roi_dataset\train\normal\12_d71918a18f_n00.jpg,E:\Xray\X光图片20260330\X光图片20260330\合格\2\5该文件夹里多为直插通孔类型\181\12.jpg,"(2704, 858, 3169, 1323)"
train,normal,E:\Xray\Xray\pcb_xray_annotation_workspace\bridge_roi_dataset\train\normal\12_d71918a18f_n01.jpg,E:\Xray\X光图片20260330\X光图片20260330\合格\2\5该文件夹里多为直插通孔类型\181\12.jpg,"(2518, 1568, 2983, 2033)"
train,normal,E:\Xray\Xray\pcb_xray_annotation_workspace\bridge_roi_dataset\train\normal\7_6b44299df2_n00.jpg,E:\Xray\X光图片20260330\X光图片20260330\合格\2\5该文件夹里多为直插通孔类型\180\7.jpg,"(64, 492, 529, 957)"
train,normal,E:\Xray\Xray\pcb_xray_annotation_workspace\bridge_roi_dataset\train\normal\7_6b44299df2_n01.jpg,E:\Xray\X光图片20260330\X光图片20260330\合格\2\5该文件夹里多为直插通孔类型\180\7.jpg,"(844, 137, 1309, 602)"
train,normal,E:\Xray\Xray\pcb_xray_annotation_workspace\bridge_roi_dataset\train\normal\void_0057_8e324d0648_n00.jpg,E:\Xray\Xray\pcb_xray_annotation_workspace\images\void\void_0057.jpg,"(206, 1216, 671, 1681)"
train,normal,E:\Xray\Xray\pcb_xray_annotation_workspace\bridge_roi_dataset\train\normal\void_0057_8e324d0648_n01.jpg,E:\Xray\Xray\pcb_xray_annotation_workspace\images\void\void_0057.jpg,"(68, 914, 533, 1379)"
train,normal,E:\Xray\Xray\pcb_xray_annotation_workspace\bridge_roi_dataset\train\normal\4_fba80215bd_n00.jpg,E:\Xray\X光图片20260330\X光图片20260330\合格\2\5该文件夹里多为直插通孔类型\183\4.jpg,"(2448, 1376, 2913, 1841)"
train,normal,E:\Xray\Xray\pcb_xray_annotation_workspace\bridge_roi_dataset\train\normal\4_fba80215bd_n01.jpg,E:\Xray\X光图片20260330\X光图片20260330\合格\2\5该文件夹里多为直插通孔类型\183\4.jpg,"(199, 501, 664, 966)"
train,normal,E:\Xray\Xray\pcb_xray_annotation_workspace\bridge_roi_dataset\train\normal\7_50e9b793c7_n00.jpg,E:\Xray\X光图片20260330\X光图片20260330\合格\1\表贴及连接器通孔1\AP7\74\7.jpg,"(181, 823, 646, 1288)"
train,normal,E:\Xray\Xray\pcb_xray_annotation_workspace\bridge_roi_dataset\train\normal\7_50e9b793c7_n01.jpg,E:\Xray\X光图片20260330\X光图片20260330\合格\1\表贴及连接器通孔1\AP7\74\7.jpg,"(1797, 479, 2262, 944)"
train,normal,E:\Xray\Xray\pcb_xray_annotation_workspace\bridge_roi_dataset\train\normal\7_554101a71e_n00.jpg,E:\Xray\X光图片20260330\X光图片20260330\合格\2\5该文件夹里多为直插通孔类型\186\7.jpg,"(2210, 444, 2675, 909)"
train,normal,E:\Xray\Xray\pcb_xray_annotation_workspace\bridge_roi_dataset\train\normal\7_554101a71e_n01.jpg,E:\Xray\X光图片20260330\X光图片20260330\合格\2\5该文件夹里多为直插通孔类型\186\7.jpg,"(231, 286, 696, 751)"
train,normal,E:\Xray\Xray\pcb_xray_annotation_workspace\bridge_roi_dataset\train\normal\4_ef02b58ddf_n00.jpg,E:\Xray\X光图片20260330\X光图片20260330\合格\4\2\4.jpg,"(2063, 592, 2528, 1057)"
train,normal,E:\Xray\Xray\pcb_xray_annotation_workspace\bridge_roi_dataset\train\normal\4_ef02b58ddf_n01.jpg,E:\Xray\X光图片20260330\X光图片20260330\合格\4\2\4.jpg,"(959, 1498, 1424, 1963)"
train,normal,E:\Xray\Xray\pcb_xray_annotation_workspace\bridge_roi_dataset\train\normal\7_a6a29d0f18_n00.jpg,E:\Xray\X光图片20260330\X光图片20260330\合格\1\表贴及连接器通孔1\AP6\73\7.jpg,"(2359, 653, 2824, 1118)"
train,normal,E:\Xray\Xray\pcb_xray_annotation_workspace\bridge_roi_dataset\train\normal\7_a6a29d0f18_n01.jpg,E:\Xray\X光图片20260330\X光图片20260330\合格\1\表贴及连接器通孔1\AP6\73\7.jpg,"(2365, 1224, 2830, 1689)"
train,normal,E:\Xray\Xray\pcb_xray_annotation_workspace\bridge_roi_dataset\train\normal\4_43d2e652f1_n00.jpg,E:\Xray\X光图片20260330\X光图片20260330\合格\2\5该文件夹里多为直插通孔类型\178\4.jpg,"(1313, 485, 1778, 950)"
train,normal,E:\Xray\Xray\pcb_xray_annotation_workspace\bridge_roi_dataset\train\normal\4_43d2e652f1_n01.jpg,E:\Xray\X光图片20260330\X光图片20260330\合格\2\5该文件夹里多为直插通孔类型\178\4.jpg,"(1236, 293, 1701, 758)"
train,normal,E:\Xray\Xray\pcb_xray_annotation_workspace\bridge_roi_dataset\train\normal\11_8c0c1b2dc0_n00.jpg,E:\Xray\X光图片20260330\X光图片20260330\合格\2\5该文件夹里多为直插通孔类型\173\11.jpg,"(2704, 1067, 3169, 1532)"
train,normal,E:\Xray\Xray\pcb_xray_annotation_workspace\bridge_roi_dataset\train\normal\11_8c0c1b2dc0_n01.jpg,E:\Xray\X光图片20260330\X光图片20260330\合格\2\5该文件夹里多为直插通孔类型\173\11.jpg,"(905, 846, 1370, 1311)"
train,normal,E:\Xray\Xray\pcb_xray_annotation_workspace\bridge_roi_dataset\train\normal\3_2b1a8c0d08_n00.jpg,E:\Xray\X光图片20260330\X光图片20260330\合格\2\5该文件夹里多为直插通孔类型\191\3.jpg,"(1230, 563, 1695, 1028)"
train,normal,E:\Xray\Xray\pcb_xray_annotation_workspace\bridge_roi_dataset\train\normal\3_2b1a8c0d08_n01.jpg,E:\Xray\X光图片20260330\X光图片20260330\合格\2\5该文件夹里多为直插通孔类型\191\3.jpg,"(249, 1140, 714, 1605)"
train,normal,E:\Xray\Xray\pcb_xray_annotation_workspace\bridge_roi_dataset\train\normal\9_c911c4841a_n00.jpg,E:\Xray\X光图片20260330\X光图片20260330\合格\2\5该文件夹里多为直插通孔类型\183\9.jpg,"(2423, 1505, 2888, 1970)"
train,normal,E:\Xray\Xray\pcb_xray_annotation_workspace\bridge_roi_dataset\train\normal\9_c911c4841a_n01.jpg,E:\Xray\X光图片20260330\X光图片20260330\合格\2\5该文件夹里多为直插通孔类型\183\9.jpg,"(717, 1282, 1182, 1747)"
train,normal,E:\Xray\Xray\pcb_xray_annotation_workspace\bridge_roi_dataset\train\normal\insufficient_through_solder_0065_0e0236f136_n00.jpg,E:\Xray\Xray\pcb_xray_annotation_workspace\images\insufficient_through_solder\insufficient_through_solder_0065.jpg,"(1390, 874, 1855, 1339)"
train,normal,E:\Xray\Xray\pcb_xray_annotation_workspace\bridge_roi_dataset\train\normal\insufficient_through_solder_0065_0e0236f136_n01.jpg,E:\Xray\Xray\pcb_xray_annotation_workspace\images\insufficient_through_solder\insufficient_through_solder_0065.jpg,"(1138, 1015, 1603, 1480)"
train,normal,E:\Xray\Xray\pcb_xray_annotation_workspace\bridge_roi_dataset\train\normal\7_a259c37530_n00.jpg,E:\Xray\X光图片20260330\X光图片20260330\合格\2\4图片以表贴类型为主\106\7.jpg,"(192, 705, 657, 1170)"
train,normal,E:\Xray\Xray\pcb_xray_annotation_workspace\bridge_roi_dataset\train\normal\7_a259c37530_n01.jpg,E:\Xray\X光图片20260330\X光图片20260330\合格\2\4图片以表贴类型为主\106\7.jpg,"(2635, 1374, 3100, 1839)"
train,normal,E:\Xray\Xray\pcb_xray_annotation_workspace\bridge_roi_dataset\train\normal\11_cb916246f2_n00.jpg,E:\Xray\X光图片20260330\X光图片20260330\合格\3\3\27\11.jpg,"(1561, 1609, 2026, 2074)"
train,normal,E:\Xray\Xray\pcb_xray_annotation_workspace\bridge_roi_dataset\train\normal\11_cb916246f2_n01.jpg,E:\Xray\X光图片20260330\X光图片20260330\合格\3\3\27\11.jpg,"(2148, 652, 2613, 1117)"
train,normal,E:\Xray\Xray\pcb_xray_annotation_workspace\bridge_roi_dataset\train\normal\4_158bc0a00b_n00.jpg,E:\Xray\X光图片20260330\X光图片20260330\合格\2\1多为直插通孔\37\4.jpg,"(1705, 836, 2170, 1301)"
train,normal,E:\Xray\Xray\pcb_xray_annotation_workspace\bridge_roi_dataset\train\normal\4_158bc0a00b_n01.jpg,E:\Xray\X光图片20260330\X光图片20260330\合格\2\1多为直插通孔\37\4.jpg,"(611, 614, 1076, 1079)"
train,normal,E:\Xray\Xray\pcb_xray_annotation_workspace\bridge_roi_dataset\train\normal\insufficient_through_solder_0021_db093a1dab_n00.jpg,E:\Xray\Xray\pcb_xray_annotation_workspace\images\insufficient_through_solder\insufficient_through_solder_0021.jpg,"(1541, 376, 2006, 841)"
train,normal,E:\Xray\Xray\pcb_xray_annotation_workspace\bridge_roi_dataset\train\normal\insufficient_through_solder_0021_db093a1dab_n01.jpg,E:\Xray\Xray\pcb_xray_annotation_workspace\images\insufficient_through_solder\insufficient_through_solder_0021.jpg,"(2203, 969, 2668, 1434)"
train,normal,E:\Xray\Xray\pcb_xray_annotation_workspace\bridge_roi_dataset\train\normal\1_3f52288707_n00.jpg,E:\Xray\X光图片20260330\X光图片20260330\合格\2\5该文件夹里多为直插通孔类型\191\1.jpg,"(987, 461, 1452, 926)"
train,normal,E:\Xray\Xray\pcb_xray_annotation_workspace\bridge_roi_dataset\train\normal\1_3f52288707_n01.jpg,E:\Xray\X光图片20260330\X光图片20260330\合格\2\5该文件夹里多为直插通孔类型\191\1.jpg,"(1231, 1449, 1696, 1914)"
train,normal,E:\Xray\Xray\pcb_xray_annotation_workspace\bridge_roi_dataset\train\normal\void_0092_1bd1aa0153_n00.jpg,E:\Xray\Xray\pcb_xray_annotation_workspace\images\void\void_0092.jpg,"(147, 118, 612, 583)"
train,normal,E:\Xray\Xray\pcb_xray_annotation_workspace\bridge_roi_dataset\train\normal\void_0092_1bd1aa0153_n01.jpg,E:\Xray\Xray\pcb_xray_annotation_workspace\images\void\void_0092.jpg,"(59, 143, 524, 608)"
train,normal,E:\Xray\Xray\pcb_xray_annotation_workspace\bridge_roi_dataset\train\normal\6_4214dbcf97_n00.jpg,E:\Xray\X光图片20260330\X光图片20260330\合格\2\5该文件夹里多为直插通孔类型\175\6.jpg,"(1690, 853, 2155, 1318)"
train,normal,E:\Xray\Xray\pcb_xray_annotation_workspace\bridge_roi_dataset\train\normal\6_4214dbcf97_n01.jpg,E:\Xray\X光图片20260330\X光图片20260330\合格\2\5该文件夹里多为直插通孔类型\175\6.jpg,"(2282, 1085, 2747, 1550)"
train,normal,E:\Xray\Xray\pcb_xray_annotation_workspace\bridge_roi_dataset\train\normal\7_62f3cc5add_n00.jpg,E:\Xray\X光图片20260330\X光图片20260330\合格\1\表贴及连接器通孔1\AP7\73\7.jpg,"(549, 795, 1014, 1260)"
train,normal,E:\Xray\Xray\pcb_xray_annotation_workspace\bridge_roi_dataset\train\normal\7_62f3cc5add_n01.jpg,E:\Xray\X光图片20260330\X光图片20260330\合格\1\表贴及连接器通孔1\AP7\73\7.jpg,"(994, 522, 1459, 987)"
train,normal,E:\Xray\Xray\pcb_xray_annotation_workspace\bridge_roi_dataset\train\normal\通孔1_8a24136e34_n00.jpg,E:\Xray\X光图片20260330\X光图片20260330\合格\2\1多为直插通孔\37\通孔1.jpg,"(832, 676, 1297, 1141)"
train,normal,E:\Xray\Xray\pcb_xray_annotation_workspace\bridge_roi_dataset\train\normal\通孔1_8a24136e34_n01.jpg,E:\Xray\X光图片20260330\X光图片20260330\合格\2\1多为直插通孔\37\通孔1.jpg,"(2648, 161, 3113, 626)"
train,normal,E:\Xray\Xray\pcb_xray_annotation_workspace\bridge_roi_dataset\train\normal\void_0108_a0e3d0c49c_n00.jpg,E:\Xray\Xray\pcb_xray_annotation_workspace\images\void\void_0108.jpg,"(460, 94, 925, 559)"
train,normal,E:\Xray\Xray\pcb_xray_annotation_workspace\bridge_roi_dataset\train\normal\void_0108_a0e3d0c49c_n01.jpg,E:\Xray\Xray\pcb_xray_annotation_workspace\images\void\void_0108.jpg,"(94, 137, 559, 602)"
train,normal,E:\Xray\Xray\pcb_xray_annotation_workspace\bridge_roi_dataset\train\normal\8_ab96e6d43d_n00.jpg,E:\Xray\X光图片20260330\X光图片20260330\合格\1\表贴及连接器通孔\AP3\74\8.jpg,"(780, 105, 1245, 570)"
train,normal,E:\Xray\Xray\pcb_xray_annotation_workspace\bridge_roi_dataset\train\normal\8_ab96e6d43d_n01.jpg,E:\Xray\X光图片20260330\X光图片20260330\合格\1\表贴及连接器通孔\AP3\74\8.jpg,"(1099, 772, 1564, 1237)"
train,normal,E:\Xray\Xray\pcb_xray_annotation_workspace\bridge_roi_dataset\train\normal\2_ed7d893264_n00.jpg,E:\Xray\X光图片20260330\X光图片20260330\合格\2\5该文件夹里多为直插通孔类型\183\2.jpg,"(2477, 1234, 2942, 1699)"
train,normal,E:\Xray\Xray\pcb_xray_annotation_workspace\bridge_roi_dataset\train\normal\2_ed7d893264_n01.jpg,E:\Xray\X光图片20260330\X光图片20260330\合格\2\5该文件夹里多为直插通孔类型\183\2.jpg,"(161, 149, 626, 614)"
train,normal,E:\Xray\Xray\pcb_xray_annotation_workspace\bridge_roi_dataset\train\normal\8_6be1854be9_n00.jpg,E:\Xray\X光图片20260330\X光图片20260330\合格\3\3\27\8.jpg,"(770, 1647, 1235, 2112)"
train,normal,E:\Xray\Xray\pcb_xray_annotation_workspace\bridge_roi_dataset\train\normal\8_6be1854be9_n01.jpg,E:\Xray\X光图片20260330\X光图片20260330\合格\3\3\27\8.jpg,"(2406, 1483, 2871, 1948)"
train,normal,E:\Xray\Xray\pcb_xray_annotation_workspace\bridge_roi_dataset\train\normal\5_d83021b40c_n00.jpg,E:\Xray\X光图片20260330\X光图片20260330\合格\2\5该文件夹里多为直插通孔类型\180\5.jpg,"(2289, 444, 2754, 909)"
train,normal,E:\Xray\Xray\pcb_xray_annotation_workspace\bridge_roi_dataset\train\normal\5_d83021b40c_n01.jpg,E:\Xray\X光图片20260330\X光图片20260330\合格\2\5该文件夹里多为直插通孔类型\180\5.jpg,"(1963, 427, 2428, 892)"
train,normal,E:\Xray\Xray\pcb_xray_annotation_workspace\bridge_roi_dataset\train\normal\8_9a6fd15326_n00.jpg,E:\Xray\X光图片20260330\X光图片20260330\合格\2\5该文件夹里多为直插通孔类型\186\8.jpg,"(1363, 620, 1828, 1085)"
train,normal,E:\Xray\Xray\pcb_xray_annotation_workspace\bridge_roi_dataset\train\normal\8_9a6fd15326_n01.jpg,E:\Xray\X光图片20260330\X光图片20260330\合格\2\5该文件夹里多为直插通孔类型\186\8.jpg,"(62, 433, 527, 898)"
train,normal,E:\Xray\Xray\pcb_xray_annotation_workspace\bridge_roi_dataset\train\normal\2_f0fb400a13_n00.jpg,E:\Xray\X光图片20260330\X光图片20260330\合格\2\5该文件夹里多为直插通孔类型\185\2.jpg,"(778, 1518, 1243, 1983)"
train,normal,E:\Xray\Xray\pcb_xray_annotation_workspace\bridge_roi_dataset\train\normal\2_f0fb400a13_n01.jpg,E:\Xray\X光图片20260330\X光图片20260330\合格\2\5该文件夹里多为直插通孔类型\185\2.jpg,"(480, 1529, 945, 1994)"
train,normal,E:\Xray\Xray\pcb_xray_annotation_workspace\bridge_roi_dataset\train\normal\4_c37ab50a2b_n00.jpg,E:\Xray\X光图片20260330\X光图片20260330\合格\2\1多为直插通孔\38\4.jpg,"(1961, 496, 2426, 961)"
train,normal,E:\Xray\Xray\pcb_xray_annotation_workspace\bridge_roi_dataset\train\normal\4_c37ab50a2b_n01.jpg,E:\Xray\X光图片20260330\X光图片20260330\合格\2\1多为直插通孔\38\4.jpg,"(2475, 1441, 2940, 1906)"
train,normal,E:\Xray\Xray\pcb_xray_annotation_workspace\bridge_roi_dataset\train\normal\4_7a9f37d32f_n00.jpg,E:\Xray\X光图片20260330\X光图片20260330\合格\1\通孔1\ap1\通孔1\4.jpg,"(837, 812, 1302, 1277)"
train,normal,E:\Xray\Xray\pcb_xray_annotation_workspace\bridge_roi_dataset\train\normal\4_7a9f37d32f_n01.jpg,E:\Xray\X光图片20260330\X光图片20260330\合格\1\通孔1\ap1\通孔1\4.jpg,"(980, 1130, 1445, 1595)"
train,normal,E:\Xray\Xray\pcb_xray_annotation_workspace\bridge_roi_dataset\train\normal\void_0060_5ef30069fa_n00.jpg,E:\Xray\Xray\pcb_xray_annotation_workspace\images\void\void_0060.jpg,"(658, 579, 1123, 1044)"
train,normal,E:\Xray\Xray\pcb_xray_annotation_workspace\bridge_roi_dataset\train\normal\void_0060_5ef30069fa_n01.jpg,E:\Xray\Xray\pcb_xray_annotation_workspace\images\void\void_0060.jpg,"(779, 954, 1244, 1419)"
train,normal,E:\Xray\Xray\pcb_xray_annotation_workspace\bridge_roi_dataset\train\normal\insufficient_through_solder_0016_c1c4c819fb_n00.jpg,E:\Xray\Xray\pcb_xray_annotation_workspace\images\insufficient_through_solder\insufficient_through_solder_0016.jpg,"(1092, 735, 1557, 1200)"
train,normal,E:\Xray\Xray\pcb_xray_annotation_workspace\bridge_roi_dataset\train\normal\insufficient_through_solder_0016_c1c4c819fb_n01.jpg,E:\Xray\Xray\pcb_xray_annotation_workspace\images\insufficient_through_solder\insufficient_through_solder_0016.jpg,"(631, 535, 1096, 1000)"
train,normal,E:\Xray\Xray\pcb_xray_annotation_workspace\bridge_roi_dataset\train\normal\void_0109_ba358f5624_n00.jpg,E:\Xray\Xray\pcb_xray_annotation_workspace\images\void\void_0109.jpg,"(368, 131, 833, 596)"
train,normal,E:\Xray\Xray\pcb_xray_annotation_workspace\bridge_roi_dataset\train\normal\void_0109_ba358f5624_n01.jpg,E:\Xray\Xray\pcb_xray_annotation_workspace\images\void\void_0109.jpg,"(509, 119, 974, 584)"
train,normal,E:\Xray\Xray\pcb_xray_annotation_workspace\bridge_roi_dataset\train\normal\3_738c47da68_n00.jpg,E:\Xray\X光图片20260330\X光图片20260330\合格\1\通孔1\ap1\通孔\3.jpg,"(403, 1644, 868, 2109)"
train,normal,E:\Xray\Xray\pcb_xray_annotation_workspace\bridge_roi_dataset\train\normal\3_738c47da68_n01.jpg,E:\Xray\X光图片20260330\X光图片20260330\合格\1\通孔1\ap1\通孔\3.jpg,"(1923, 1559, 2388, 2024)"
train,normal,E:\Xray\Xray\pcb_xray_annotation_workspace\bridge_roi_dataset\train\normal\2_7afc63f725_n00.jpg,E:\Xray\X光图片20260330\X光图片20260330\合格\4\6\2.jpg,"(1311, 416, 1776, 881)"
train,normal,E:\Xray\Xray\pcb_xray_annotation_workspace\bridge_roi_dataset\train\normal\2_7afc63f725_n01.jpg,E:\Xray\X光图片20260330\X光图片20260330\合格\4\6\2.jpg,"(1518, 640, 1983, 1105)"
train,normal,E:\Xray\Xray\pcb_xray_annotation_workspace\bridge_roi_dataset\train\normal\11_2f5a31f719_n00.jpg,E:\Xray\X光图片20260330\X光图片20260330\合格\1\表贴及连接器通孔\AP4\74\11.jpg,"(1695, 93, 2160, 558)"
train,normal,E:\Xray\Xray\pcb_xray_annotation_workspace\bridge_roi_dataset\train\normal\11_2f5a31f719_n01.jpg,E:\Xray\X光图片20260330\X光图片20260330\合格\1\表贴及连接器通孔\AP4\74\11.jpg,"(2304, 453, 2769, 918)"
train,normal,E:\Xray\Xray\pcb_xray_annotation_workspace\bridge_roi_dataset\train\normal\4_b4094ea0f5_n00.jpg,E:\Xray\X光图片20260330\X光图片20260330\合格\1\通孔1\ap1\通孔\4.jpg,"(597, 33, 1062, 498)"
train,normal,E:\Xray\Xray\pcb_xray_annotation_workspace\bridge_roi_dataset\train\normal\4_b4094ea0f5_n01.jpg,E:\Xray\X光图片20260330\X光图片20260330\合格\1\通孔1\ap1\通孔\4.jpg,"(1068, 1133, 1533, 1598)"
train,normal,E:\Xray\Xray\pcb_xray_annotation_workspace\bridge_roi_dataset\train\normal\void_0085_e88ec1841b_n00.jpg,E:\Xray\Xray\pcb_xray_annotation_workspace\images\void\void_0085.jpg,"(427, 75, 892, 540)"
train,normal,E:\Xray\Xray\pcb_xray_annotation_workspace\bridge_roi_dataset\train\normal\void_0085_e88ec1841b_n01.jpg,E:\Xray\Xray\pcb_xray_annotation_workspace\images\void\void_0085.jpg,"(156, 50, 621, 515)"
train,normal,E:\Xray\Xray\pcb_xray_annotation_workspace\bridge_roi_dataset\train\normal\insufficient_through_solder_0052_912ea92031_n00.jpg,E:\Xray\Xray\pcb_xray_annotation_workspace\images\insufficient_through_solder\insufficient_through_solder_0052.jpg,"(675, 471, 1140, 936)"
train,normal,E:\Xray\Xray\pcb_xray_annotation_workspace\bridge_roi_dataset\train\normal\insufficient_through_solder_0052_912ea92031_n01.jpg,E:\Xray\Xray\pcb_xray_annotation_workspace\images\insufficient_through_solder\insufficient_through_solder_0052.jpg,"(777, 1166, 1242, 1631)"
train,normal,E:\Xray\Xray\pcb_xray_annotation_workspace\bridge_roi_dataset\train\normal\9_99487627e5_n00.jpg,E:\Xray\X光图片20260330\X光图片20260330\合格\2\5该文件夹里多为直插通孔类型\193\9.jpg,"(1006, 1022, 1471, 1487)"
train,normal,E:\Xray\Xray\pcb_xray_annotation_workspace\bridge_roi_dataset\train\normal\9_99487627e5_n01.jpg,E:\Xray\X光图片20260330\X光图片20260330\合格\2\5该文件夹里多为直插通孔类型\193\9.jpg,"(2255, 1340, 2720, 1805)"
train,normal,E:\Xray\Xray\pcb_xray_annotation_workspace\bridge_roi_dataset\train\normal\10_2e18e3ca9c_n00.jpg,E:\Xray\X光图片20260330\X光图片20260330\合格\2\5该文件夹里多为直插通孔类型\183\10.jpg,"(1382, 527, 1847, 992)"
train,normal,E:\Xray\Xray\pcb_xray_annotation_workspace\bridge_roi_dataset\train\normal\10_2e18e3ca9c_n01.jpg,E:\Xray\X光图片20260330\X光图片20260330\合格\2\5该文件夹里多为直插通孔类型\183\10.jpg,"(2001, 1481, 2466, 1946)"
train,normal,E:\Xray\Xray\pcb_xray_annotation_workspace\bridge_roi_dataset\train\normal\2_c909e4b376_n00.jpg,E:\Xray\X光图片20260330\X光图片20260330\合格\2\5该文件夹里多为直插通孔类型\184\2.jpg,"(2628, 1514, 3093, 1979)"
train,normal,E:\Xray\Xray\pcb_xray_annotation_workspace\bridge_roi_dataset\train\normal\2_c909e4b376_n01.jpg,E:\Xray\X光图片20260330\X光图片20260330\合格\2\5该文件夹里多为直插通孔类型\184\2.jpg,"(2009, 943, 2474, 1408)"
train,normal,E:\Xray\Xray\pcb_xray_annotation_workspace\bridge_roi_dataset\train\normal\insufficient_through_solder_0060_7ed124c36e_n00.jpg,E:\Xray\Xray\pcb_xray_annotation_workspace\images\insufficient_through_solder\insufficient_through_solder_0060.jpg,"(344, 721, 809, 1186)"
train,normal,E:\Xray\Xray\pcb_xray_annotation_workspace\bridge_roi_dataset\train\normal\insufficient_through_solder_0060_7ed124c36e_n01.jpg,E:\Xray\Xray\pcb_xray_annotation_workspace\images\insufficient_through_solder\insufficient_through_solder_0060.jpg,"(346, 286, 811, 751)"
train,normal,E:\Xray\Xray\pcb_xray_annotation_workspace\bridge_roi_dataset\train\normal\9_53f9c6c52b_n00.jpg,E:\Xray\X光图片20260330\X光图片20260330\合格\2\4图片以表贴类型为主\104\9.jpg,"(2238, 1000, 2703, 1465)"
train,normal,E:\Xray\Xray\pcb_xray_annotation_workspace\bridge_roi_dataset\train\normal\9_53f9c6c52b_n01.jpg,E:\Xray\X光图片20260330\X光图片20260330\合格\2\4图片以表贴类型为主\104\9.jpg,"(753, 1110, 1218, 1575)"
train,normal,E:\Xray\Xray\pcb_xray_annotation_workspace\bridge_roi_dataset\train\normal\2_095b1ba1eb_n00.jpg,E:\Xray\X光图片20260330\X光图片20260330\合格\1\表贴及连接器通孔2\075\2.jpg,"(2628, 120, 3093, 585)"
train,normal,E:\Xray\Xray\pcb_xray_annotation_workspace\bridge_roi_dataset\train\normal\2_095b1ba1eb_n01.jpg,E:\Xray\X光图片20260330\X光图片20260330\合格\1\表贴及连接器通孔2\075\2.jpg,"(2146, 69, 2611, 534)"
train,normal,E:\Xray\Xray\pcb_xray_annotation_workspace\bridge_roi_dataset\train\normal\1_227ad9216f_n00.jpg,E:\Xray\X光图片20260330\X光图片20260330\合格\2\5该文件夹里多为直插通孔类型\175\1.jpg,"(304, 1368, 769, 1833)"
train,normal,E:\Xray\Xray\pcb_xray_annotation_workspace\bridge_roi_dataset\train\normal\1_227ad9216f_n01.jpg,E:\Xray\X光图片20260330\X光图片20260330\合格\2\5该文件夹里多为直插通孔类型\175\1.jpg,"(198, 1565, 663, 2030)"
train,normal,E:\Xray\Xray\pcb_xray_annotation_workspace\bridge_roi_dataset\train\normal\insufficient_through_solder_0076_c00262e63b_n00.jpg,E:\Xray\Xray\pcb_xray_annotation_workspace\images\insufficient_through_solder\insufficient_through_solder_0076.jpg,"(13, 844, 478, 1309)"
train,normal,E:\Xray\Xray\pcb_xray_annotation_workspace\bridge_roi_dataset\train\normal\insufficient_through_solder_0076_c00262e63b_n01.jpg,E:\Xray\Xray\pcb_xray_annotation_workspace\images\insufficient_through_solder\insufficient_through_solder_0076.jpg,"(281, 1291, 746, 1756)"
train,normal,E:\Xray\Xray\pcb_xray_annotation_workspace\bridge_roi_dataset\train\normal\1_c957b2a362_n00.jpg,E:\Xray\X光图片20260330\X光图片20260330\合格\1\表贴及连接器通孔\AP5\73\1.jpg,"(947, 139, 1412, 604)"
train,normal,E:\Xray\Xray\pcb_xray_annotation_workspace\bridge_roi_dataset\train\normal\1_c957b2a362_n01.jpg,E:\Xray\X光图片20260330\X光图片20260330\合格\1\表贴及连接器通孔\AP5\73\1.jpg,"(618, 18, 1083, 483)"
train,normal,E:\Xray\Xray\pcb_xray_annotation_workspace\bridge_roi_dataset\train\normal\4_897e8ea138_n00.jpg,E:\Xray\X光图片20260330\X光图片20260330\合格\2\4图片以表贴类型为主\106\4.jpg,"(895, 1035, 1360, 1500)"
train,normal,E:\Xray\Xray\pcb_xray_annotation_workspace\bridge_roi_dataset\train\normal\4_897e8ea138_n01.jpg,E:\Xray\X光图片20260330\X光图片20260330\合格\2\4图片以表贴类型为主\106\4.jpg,"(1867, 764, 2332, 1229)"
train,normal,E:\Xray\Xray\pcb_xray_annotation_workspace\bridge_roi_dataset\train\normal\insufficient_through_solder_0095_5eee016da6_n00.jpg,E:\Xray\Xray\pcb_xray_annotation_workspace\images\insufficient_through_solder\insufficient_through_solder_0095.jpg,"(61, 123, 526, 588)"
train,normal,E:\Xray\Xray\pcb_xray_annotation_workspace\bridge_roi_dataset\train\normal\insufficient_through_solder_0095_5eee016da6_n01.jpg,E:\Xray\Xray\pcb_xray_annotation_workspace\images\insufficient_through_solder\insufficient_through_solder_0095.jpg,"(499, 4, 964, 469)"
train,normal,E:\Xray\Xray\pcb_xray_annotation_workspace\bridge_roi_dataset\train\normal\void_0105_17196c1869_n00.jpg,E:\Xray\Xray\pcb_xray_annotation_workspace\images\void\void_0105.jpg,"(13, 1089, 478, 1554)"
train,normal,E:\Xray\Xray\pcb_xray_annotation_workspace\bridge_roi_dataset\train\normal\void_0105_17196c1869_n01.jpg,E:\Xray\Xray\pcb_xray_annotation_workspace\images\void\void_0105.jpg,"(1129, 842, 1594, 1307)"
train,normal,E:\Xray\Xray\pcb_xray_annotation_workspace\bridge_roi_dataset\train\normal\5_de979514b7_n00.jpg,E:\Xray\X光图片20260330\X光图片20260330\合格\1\表贴及连接器通孔\AP5\73\5.jpg,"(48, 34, 513, 499)"
train,normal,E:\Xray\Xray\pcb_xray_annotation_workspace\bridge_roi_dataset\train\normal\5_de979514b7_n01.jpg,E:\Xray\X光图片20260330\X光图片20260330\合格\1\表贴及连接器通孔\AP5\73\5.jpg,"(2168, 1479, 2633, 1944)"
train,normal,E:\Xray\Xray\pcb_xray_annotation_workspace\bridge_roi_dataset\train\normal\void_0009_5afcb99295_n00.jpg,E:\Xray\Xray\pcb_xray_annotation_workspace\images\void\void_0009.jpg,"(1125, 1097, 1590, 1562)"
train,normal,E:\Xray\Xray\pcb_xray_annotation_workspace\bridge_roi_dataset\train\normal\void_0009_5afcb99295_n01.jpg,E:\Xray\Xray\pcb_xray_annotation_workspace\images\void\void_0009.jpg,"(1174, 35, 1639, 500)"
train,normal,E:\Xray\Xray\pcb_xray_annotation_workspace\bridge_roi_dataset\train\normal\insufficient_through_solder_0054_f056ac3d0b_n00.jpg,E:\Xray\Xray\pcb_xray_annotation_workspace\images\insufficient_through_solder\insufficient_through_solder_0054.jpg,"(1028, 881, 1493, 1346)"
train,normal,E:\Xray\Xray\pcb_xray_annotation_workspace\bridge_roi_dataset\train\normal\insufficient_through_solder_0054_f056ac3d0b_n01.jpg,E:\Xray\Xray\pcb_xray_annotation_workspace\images\insufficient_through_solder\insufficient_through_solder_0054.jpg,"(1651, 367, 2116, 832)"
train,normal,E:\Xray\Xray\pcb_xray_annotation_workspace\bridge_roi_dataset\train\normal\4_1a745422b3_n00.jpg,E:\Xray\X光图片20260330\X光图片20260330\合格\2\5该文件夹里多为直插通孔类型\190\4.jpg,"(438, 197, 903, 662)"
train,normal,E:\Xray\Xray\pcb_xray_annotation_workspace\bridge_roi_dataset\train\normal\4_1a745422b3_n01.jpg,E:\Xray\X光图片20260330\X光图片20260330\合格\2\5该文件夹里多为直插通孔类型\190\4.jpg,"(2147, 304, 2612, 769)"
train,normal,E:\Xray\Xray\pcb_xray_annotation_workspace\bridge_roi_dataset\train\normal\10_3cb4c49a66_n00.jpg,E:\Xray\X光图片20260330\X光图片20260330\合格\2\5该文件夹里多为直插通孔类型\192\10.jpg,"(987, 393, 1452, 858)"
train,normal,E:\Xray\Xray\pcb_xray_annotation_workspace\bridge_roi_dataset\train\normal\10_3cb4c49a66_n01.jpg,E:\Xray\X光图片20260330\X光图片20260330\合格\2\5该文件夹里多为直插通孔类型\192\10.jpg,"(2538, 1078, 3003, 1543)"
train,normal,E:\Xray\Xray\pcb_xray_annotation_workspace\bridge_roi_dataset\train\normal\3_3799aeb085_n00.jpg,E:\Xray\X光图片20260330\X光图片20260330\合格\2\2多为直插通孔\38\3.jpg,"(1033, 725, 1498, 1190)"
train,normal,E:\Xray\Xray\pcb_xray_annotation_workspace\bridge_roi_dataset\train\normal\3_3799aeb085_n01.jpg,E:\Xray\X光图片20260330\X光图片20260330\合格\2\2多为直插通孔\38\3.jpg,"(1094, 1628, 1559, 2093)"
train,normal,E:\Xray\Xray\pcb_xray_annotation_workspace\bridge_roi_dataset\train\normal\8_e4ba36bb6e_n00.jpg,E:\Xray\X光图片20260330\X光图片20260330\合格\2\5该文件夹里多为直插通孔类型\175\8.jpg,"(1625, 161, 2090, 626)"
train,normal,E:\Xray\Xray\pcb_xray_annotation_workspace\bridge_roi_dataset\train\normal\8_e4ba36bb6e_n01.jpg,E:\Xray\X光图片20260330\X光图片20260330\合格\2\5该文件夹里多为直插通孔类型\175\8.jpg,"(1528, 831, 1993, 1296)"
train,normal,E:\Xray\Xray\pcb_xray_annotation_workspace\bridge_roi_dataset\train\normal\15_707c83ca74_n00.jpg,E:\Xray\X光图片20260330\X光图片20260330\合格\2\3表贴，存在直插通孔\AP5\11\15.jpg,"(1880, 1157, 2345, 1622)"
train,normal,E:\Xray\Xray\pcb_xray_annotation_workspace\bridge_roi_dataset\train\normal\15_707c83ca74_n01.jpg,E:\Xray\X光图片20260330\X光图片20260330\合格\2\3表贴，存在直插通孔\AP5\11\15.jpg,"(996, 1427, 1461, 1892)"
train,normal,E:\Xray\Xray\pcb_xray_annotation_workspace\bridge_roi_dataset\train\normal\9_1018990631_n00.jpg,E:\Xray\X光图片20260330\X光图片20260330\合格\2\4图片以表贴类型为主\106\9.jpg,"(925, 614, 1390, 1079)"
train,normal,E:\Xray\Xray\pcb_xray_annotation_workspace\bridge_roi_dataset\train\normal\9_1018990631_n01.jpg,E:\Xray\X光图片20260330\X光图片20260330\合格\2\4图片以表贴类型为主\106\9.jpg,"(330, 1338, 795, 1803)"
train,normal,E:\Xray\Xray\pcb_xray_annotation_workspace\bridge_roi_dataset\train\normal\9_98cc0523b0_n00.jpg,E:\Xray\X光图片20260330\X光图片20260330\合格\2\4图片以表贴类型为主\105\9.jpg,"(2661, 1555, 3126, 2020)"
train,normal,E:\Xray\Xray\pcb_xray_annotation_workspace\bridge_roi_dataset\train\normal\9_98cc0523b0_n01.jpg,E:\Xray\X光图片20260330\X光图片20260330\合格\2\4图片以表贴类型为主\105\9.jpg,"(129, 191, 594, 656)"
train,normal,E:\Xray\Xray\pcb_xray_annotation_workspace\bridge_roi_dataset\train\normal\void_0110_26efe1926e_n00.jpg,E:\Xray\Xray\pcb_xray_annotation_workspace\images\void\void_0110.jpg,"(415, 97, 880, 562)"
train,normal,E:\Xray\Xray\pcb_xray_annotation_workspace\bridge_roi_dataset\train\normal\void_0110_26efe1926e_n01.jpg,E:\Xray\Xray\pcb_xray_annotation_workspace\images\void\void_0110.jpg,"(386, 141, 851, 606)"
train,normal,E:\Xray\Xray\pcb_xray_annotation_workspace\bridge_roi_dataset\train\normal\9_38bddafaf7_n00.jpg,E:\Xray\X光图片20260330\X光图片20260330\合格\1\表贴及连接器通孔1\AP7\73\9.jpg,"(1949, 114, 2414, 579)"
train,normal,E:\Xray\Xray\pcb_xray_annotation_workspace\bridge_roi_dataset\train\normal\9_38bddafaf7_n01.jpg,E:\Xray\X光图片20260330\X光图片20260330\合格\1\表贴及连接器通孔1\AP7\73\9.jpg,"(2608, 19, 3073, 484)"
train,normal,E:\Xray\Xray\pcb_xray_annotation_workspace\bridge_roi_dataset\train\normal\4_c9a83679b0_n00.jpg,E:\Xray\X光图片20260330\X光图片20260330\合格\1\表贴及连接器通孔1\AP7\74\4.jpg,"(701, 169, 1166, 634)"
train,normal,E:\Xray\Xray\pcb_xray_annotation_workspace\bridge_roi_dataset\train\normal\4_c9a83679b0_n01.jpg,E:\Xray\X光图片20260330\X光图片20260330\合格\1\表贴及连接器通孔1\AP7\74\4.jpg,"(2047, 888, 2512, 1353)"
train,normal,E:\Xray\Xray\pcb_xray_annotation_workspace\bridge_roi_dataset\train\normal\void_0098_05be2dba8f_n00.jpg,E:\Xray\Xray\pcb_xray_annotation_workspace\images\void\void_0098.jpg,"(1320, 678, 1785, 1143)"
train,normal,E:\Xray\Xray\pcb_xray_annotation_workspace\bridge_roi_dataset\train\normal\void_0098_05be2dba8f_n01.jpg,E:\Xray\Xray\pcb_xray_annotation_workspace\images\void\void_0098.jpg,"(1158, 195, 1623, 660)"
train,normal,E:\Xray\Xray\pcb_xray_annotation_workspace\bridge_roi_dataset\train\normal\6_6d48038fe4_n00.jpg,E:\Xray\X光图片20260330\X光图片20260330\合格\1\表贴及连接器通孔2\075\6.jpg,"(2163, 87, 2628, 552)"
train,normal,E:\Xray\Xray\pcb_xray_annotation_workspace\bridge_roi_dataset\train\normal\6_6d48038fe4_n01.jpg,E:\Xray\X光图片20260330\X光图片20260330\合格\1\表贴及连接器通孔2\075\6.jpg,"(941, 432, 1406, 897)"
train,normal,E:\Xray\Xray\pcb_xray_annotation_workspace\bridge_roi_dataset\train\normal\6_9e83748d84_n00.jpg,E:\Xray\X光图片20260330\X光图片20260330\合格\1\表贴及连接器通孔1\AP7\73\6.jpg,"(2321, 973, 2786, 1438)"
train,normal,E:\Xray\Xray\pcb_xray_annotation_workspace\bridge_roi_dataset\train\normal\6_9e83748d84_n01.jpg,E:\Xray\X光图片20260330\X光图片20260330\合格\1\表贴及连接器通孔1\AP7\73\6.jpg,"(1110, 95, 1575, 560)"
train,normal,E:\Xray\Xray\pcb_xray_annotation_workspace\bridge_roi_dataset\train\normal\12_14ec7f5e57_n00.jpg,E:\Xray\X光图片20260330\X光图片20260330\合格\2\5该文件夹里多为直插通孔类型\172\12.jpg,"(304, 1401, 769, 1866)"
train,normal,E:\Xray\Xray\pcb_xray_annotation_workspace\bridge_roi_dataset\train\normal\12_14ec7f5e57_n01.jpg,E:\Xray\X光图片20260330\X光图片20260330\合格\2\5该文件夹里多为直插通孔类型\172\12.jpg,"(1148, 1112, 1613, 1577)"
train,normal,E:\Xray\Xray\pcb_xray_annotation_workspace\bridge_roi_dataset\train\normal\8_a03d3c5892_n00.jpg,E:\Xray\X光图片20260330\X光图片20260330\合格\1\表贴及连接器通孔\AP3\73\8.jpg,"(2308, 1347, 2773, 1812)"
train,normal,E:\Xray\Xray\pcb_xray_annotation_workspace\bridge_roi_dataset\train\normal\8_a03d3c5892_n01.jpg,E:\Xray\X光图片20260330\X光图片20260330\合格\1\表贴及连接器通孔\AP3\73\8.jpg,"(134, 367, 599, 832)"
train,normal,E:\Xray\Xray\pcb_xray_annotation_workspace\bridge_roi_dataset\train\normal\insufficient_through_solder_0093_06e03ff9cf_n00.jpg,E:\Xray\Xray\pcb_xray_annotation_workspace\images\insufficient_through_solder\insufficient_through_solder_0093.jpg,"(322, 4, 787, 469)"
train,normal,E:\Xray\Xray\pcb_xray_annotation_workspace\bridge_roi_dataset\train\normal\insufficient_through_solder_0093_06e03ff9cf_n01.jpg,E:\Xray\Xray\pcb_xray_annotation_workspace\images\insufficient_through_solder\insufficient_through_solder_0093.jpg,"(212, 150, 677, 615)"
train,normal,E:\Xray\Xray\pcb_xray_annotation_workspace\bridge_roi_dataset\train\normal\4_22e9e17c93_n00.jpg,E:\Xray\X光图片20260330\X光图片20260330\合格\2\5该文件夹里多为直插通孔类型\172\4.jpg,"(590, 1540, 1055, 2005)"
train,normal,E:\Xray\Xray\pcb_xray_annotation_workspace\bridge_roi_dataset\train\normal\4_22e9e17c93_n01.jpg,E:\Xray\X光图片20260330\X光图片20260330\合格\2\5该文件夹里多为直插通孔类型\172\4.jpg,"(1631, 157, 2096, 622)"
train,normal,E:\Xray\Xray\pcb_xray_annotation_workspace\bridge_roi_dataset\train\normal\insufficient_through_solder_0022_6990ac02df_n00.jpg,E:\Xray\Xray\pcb_xray_annotation_workspace\images\insufficient_through_solder\insufficient_through_solder_0022.jpg,"(1225, 332, 1690, 797)"
train,normal,E:\Xray\Xray\pcb_xray_annotation_workspace\bridge_roi_dataset\train\normal\insufficient_through_solder_0022_6990ac02df_n01.jpg,E:\Xray\Xray\pcb_xray_annotation_workspace\images\insufficient_through_solder\insufficient_through_solder_0022.jpg,"(2309, 492, 2774, 957)"
train,normal,E:\Xray\Xray\pcb_xray_annotation_workspace\bridge_roi_dataset\train\normal\insufficient_through_solder_0010_280121dece_n00.jpg,E:\Xray\Xray\pcb_xray_annotation_workspace\images\insufficient_through_solder\insufficient_through_solder_0010.jpg,"(2321, 796, 2786, 1261)"
train,normal,E:\Xray\Xray\pcb_xray_annotation_workspace\bridge_roi_dataset\train\normal\insufficient_through_solder_0010_280121dece_n01.jpg,E:\Xray\Xray\pcb_xray_annotation_workspace\images\insufficient_through_solder\insufficient_through_solder_0010.jpg,"(2214, 679, 2679, 1144)"
train,normal,E:\Xray\Xray\pcb_xray_annotation_workspace\bridge_roi_dataset\train\normal\10_37eadcaec5_n00.jpg,E:\Xray\X光图片20260330\X光图片20260330\合格\2\5该文件夹里多为直插通孔类型\171\10.jpg,"(1572, 1547, 2037, 2012)"
train,normal,E:\Xray\Xray\pcb_xray_annotation_workspace\bridge_roi_dataset\train\normal\10_37eadcaec5_n01.jpg,E:\Xray\X光图片20260330\X光图片20260330\合格\2\5该文件夹里多为直插通孔类型\171\10.jpg,"(573, 1618, 1038, 2083)"
train,normal,E:\Xray\Xray\pcb_xray_annotation_workspace\bridge_roi_dataset\train\normal\10_bd70097e55_n00.jpg,E:\Xray\X光图片20260330\X光图片20260330\合格\2\5该文件夹里多为直插通孔类型\178\10.jpg,"(321, 1025, 786, 1490)"
train,normal,E:\Xray\Xray\pcb_xray_annotation_workspace\bridge_roi_dataset\train\normal\10_bd70097e55_n01.jpg,E:\Xray\X光图片20260330\X光图片20260330\合格\2\5该文件夹里多为直插通孔类型\178\10.jpg,"(1416, 109, 1881, 574)"
train,normal,E:\Xray\Xray\pcb_xray_annotation_workspace\bridge_roi_dataset\train\normal\void_0048_bc9aca2c15_n00.jpg,E:\Xray\Xray\pcb_xray_annotation_workspace\images\void\void_0048.jpg,"(200, 895, 665, 1360)"
train,normal,E:\Xray\Xray\pcb_xray_annotation_workspace\bridge_roi_dataset\train\normal\void_0048_bc9aca2c15_n01.jpg,E:\Xray\Xray\pcb_xray_annotation_workspace\images\void\void_0048.jpg,"(475, 155, 940, 620)"
train,normal,E:\Xray\Xray\pcb_xray_annotation_workspace\bridge_roi_dataset\train\normal\11_ffb03bdf17_n00.jpg,E:\Xray\X光图片20260330\X光图片20260330\合格\3\1\27\11.jpg,"(1395, 1239, 1860, 1704)"
train,normal,E:\Xray\Xray\pcb_xray_annotation_workspace\bridge_roi_dataset\train\normal\11_ffb03bdf17_n01.jpg,E:\Xray\X光图片20260330\X光图片20260330\合格\3\1\27\11.jpg,"(2514, 1219, 2979, 1684)"
train,normal,E:\Xray\Xray\pcb_xray_annotation_workspace\bridge_roi_dataset\train\normal\2_e722101b14_n00.jpg,E:\Xray\X光图片20260330\X光图片20260330\合格\2\5该文件夹里多为直插通孔类型\176\2.jpg,"(1624, 1584, 2089, 2049)"
train,normal,E:\Xray\Xray\pcb_xray_annotation_workspace\bridge_roi_dataset\train\normal\2_e722101b14_n01.jpg,E:\Xray\X光图片20260330\X光图片20260330\合格\2\5该文件夹里多为直插通孔类型\176\2.jpg,"(1336, 60, 1801, 525)"
train,normal,E:\Xray\Xray\pcb_xray_annotation_workspace\bridge_roi_dataset\train\normal\insufficient_through_solder_0089_7757c598dc_n00.jpg,E:\Xray\Xray\pcb_xray_annotation_workspace\images\insufficient_through_solder\insufficient_through_solder_0089.jpg,"(649, 279, 1114, 744)"
train,normal,E:\Xray\Xray\pcb_xray_annotation_workspace\bridge_roi_dataset\train\normal\insufficient_through_solder_0089_7757c598dc_n01.jpg,E:\Xray\Xray\pcb_xray_annotation_workspace\images\insufficient_through_solder\insufficient_through_solder_0089.jpg,"(802, 461, 1267, 926)"
train,normal,E:\Xray\Xray\pcb_xray_annotation_workspace\bridge_roi_dataset\train\normal\4_6384e508a9_n00.jpg,E:\Xray\X光图片20260330\X光图片20260330\合格\2\5该文件夹里多为直插通孔类型\194\4.jpg,"(2009, 467, 2474, 932)"
train,normal,E:\Xray\Xray\pcb_xray_annotation_workspace\bridge_roi_dataset\train\normal\4_6384e508a9_n01.jpg,E:\Xray\X光图片20260330\X光图片20260330\合格\2\5该文件夹里多为直插通孔类型\194\4.jpg,"(1457, 1132, 1922, 1597)"
train,normal,E:\Xray\Xray\pcb_xray_annotation_workspace\bridge_roi_dataset\train\normal\5_1909b28f08_n00.jpg,E:\Xray\X光图片20260330\X光图片20260330\合格\2\5该文件夹里多为直插通孔类型\190\5.jpg,"(1537, 884, 2002, 1349)"
train,normal,E:\Xray\Xray\pcb_xray_annotation_workspace\bridge_roi_dataset\train\normal\5_1909b28f08_n01.jpg,E:\Xray\X光图片20260330\X光图片20260330\合格\2\5该文件夹里多为直插通孔类型\190\5.jpg,"(760, 1392, 1225, 1857)"
train,normal,E:\Xray\Xray\pcb_xray_annotation_workspace\bridge_roi_dataset\train\normal\6_a4aaf03185_n00.jpg,E:\Xray\X光图片20260330\X光图片20260330\合格\3\3\27\6.jpg,"(2399, 1353, 2864, 1818)"
train,normal,E:\Xray\Xray\pcb_xray_annotation_workspace\bridge_roi_dataset\train\normal\6_a4aaf03185_n01.jpg,E:\Xray\X光图片20260330\X光图片20260330\合格\3\3\27\6.jpg,"(1556, 175, 2021, 640)"
train,normal,E:\Xray\Xray\pcb_xray_annotation_workspace\bridge_roi_dataset\train\normal\7_5ab11f445e_n00.jpg,E:\Xray\X光图片20260330\X光图片20260330\合格\2\5该文件夹里多为直插通孔类型\192\7.jpg,"(2533, 604, 2998, 1069)"
train,normal,E:\Xray\Xray\pcb_xray_annotation_workspace\bridge_roi_dataset\train\normal\7_5ab11f445e_n01.jpg,E:\Xray\X光图片20260330\X光图片20260330\合格\2\5该文件夹里多为直插通孔类型\192\7.jpg,"(1009, 1460, 1474, 1925)"
train,normal,E:\Xray\Xray\pcb_xray_annotation_workspace\bridge_roi_dataset\train\normal\3_4efc7ccdb5_n00.jpg,E:\Xray\X光图片20260330\X光图片20260330\合格\1\表贴及连接器通孔1\AP6\73\3.jpg,"(301, 168, 766, 633)"
train,normal,E:\Xray\Xray\pcb_xray_annotation_workspace\bridge_roi_dataset\train\normal\3_4efc7ccdb5_n01.jpg,E:\Xray\X光图片20260330\X光图片20260330\合格\1\表贴及连接器通孔1\AP6\73\3.jpg,"(1097, 315, 1562, 780)"
train,normal,E:\Xray\Xray\pcb_xray_annotation_workspace\bridge_roi_dataset\train\normal\2_ee4560de80_n00.jpg,E:\Xray\X光图片20260330\X光图片20260330\合格\1\表贴及连接器通孔1\AP7\73\2.jpg,"(1556, 1457, 2021, 1922)"
train,normal,E:\Xray\Xray\pcb_xray_annotation_workspace\bridge_roi_dataset\train\normal\2_ee4560de80_n01.jpg,E:\Xray\X光图片20260330\X光图片20260330\合格\1\表贴及连接器通孔1\AP7\73\2.jpg,"(2596, 315, 3061, 780)"
train,normal,E:\Xray\Xray\pcb_xray_annotation_workspace\bridge_roi_dataset\train\normal\void_0019_29cdc11da2_n00.jpg,E:\Xray\Xray\pcb_xray_annotation_workspace\images\void\void_0019.jpg,"(1595, 648, 2060, 1113)"
train,normal,E:\Xray\Xray\pcb_xray_annotation_workspace\bridge_roi_dataset\train\normal\void_0019_29cdc11da2_n01.jpg,E:\Xray\Xray\pcb_xray_annotation_workspace\images\void\void_0019.jpg,"(1477, 218, 1942, 683)"
train,normal,E:\Xray\Xray\pcb_xray_annotation_workspace\bridge_roi_dataset\train\normal\9_0026b508ec_n00.jpg,E:\Xray\X光图片20260330\X光图片20260330\合格\1\表贴及连接器通孔\AP3\73\9.jpg,"(374, 10, 839, 475)"
train,normal,E:\Xray\Xray\pcb_xray_annotation_workspace\bridge_roi_dataset\train\normal\9_0026b508ec_n01.jpg,E:\Xray\X光图片20260330\X光图片20260330\合格\1\表贴及连接器通孔\AP3\73\9.jpg,"(1262, 910, 1727, 1375)"
train,normal,E:\Xray\Xray\pcb_xray_annotation_workspace\bridge_roi_dataset\train\normal\2_abb3da8878_n00.jpg,E:\Xray\X光图片20260330\X光图片20260330\合格\1\表贴及连接器通孔1\AP6\73\2.jpg,"(1474, 1559, 1939, 2024)"
train,normal,E:\Xray\Xray\pcb_xray_annotation_workspace\bridge_roi_dataset\train\normal\2_abb3da8878_n01.jpg,E:\Xray\X光图片20260330\X光图片20260330\合格\1\表贴及连接器通孔1\AP6\73\2.jpg,"(1104, 209, 1569, 674)"
train,normal,E:\Xray\Xray\pcb_xray_annotation_workspace\bridge_roi_dataset\train\normal\9_7f65f04fa0_n00.jpg,E:\Xray\X光图片20260330\X光图片20260330\合格\2\5该文件夹里多为直插通孔类型\194\9.jpg,"(542, 178, 1007, 643)"
train,normal,E:\Xray\Xray\pcb_xray_annotation_workspace\bridge_roi_dataset\train\normal\9_7f65f04fa0_n01.jpg,E:\Xray\X光图片20260330\X光图片20260330\合格\2\5该文件夹里多为直插通孔类型\194\9.jpg,"(767, 882, 1232, 1347)"
train,normal,E:\Xray\Xray\pcb_xray_annotation_workspace\bridge_roi_dataset\train\normal\10_c64dbc9f71_n00.jpg,E:\Xray\X光图片20260330\X光图片20260330\合格\2\5该文件夹里多为直插通孔类型\186\10.jpg,"(1838, 1140, 2303, 1605)"
train,normal,E:\Xray\Xray\pcb_xray_annotation_workspace\bridge_roi_dataset\train\normal\10_c64dbc9f71_n01.jpg,E:\Xray\X光图片20260330\X光图片20260330\合格\2\5该文件夹里多为直插通孔类型\186\10.jpg,"(2272, 1049, 2737, 1514)"
train,normal,E:\Xray\Xray\pcb_xray_annotation_workspace\bridge_roi_dataset\train\normal\2_110bb6e9e3_n00.jpg,E:\Xray\X光图片20260330\X光图片20260330\合格\2\5该文件夹里多为直插通孔类型\172\2.jpg,"(1671, 211, 2136, 676)"
train,normal,E:\Xray\Xray\pcb_xray_annotation_workspace\bridge_roi_dataset\train\normal\2_110bb6e9e3_n01.jpg,E:\Xray\X光图片20260330\X光图片20260330\合格\2\5该文件夹里多为直插通孔类型\172\2.jpg,"(107, 183, 572, 648)"
train,normal,E:\Xray\Xray\pcb_xray_annotation_workspace\bridge_roi_dataset\train\normal\3_20f6ec0a72_n00.jpg,E:\Xray\X光图片20260330\X光图片20260330\合格\1\表贴及连接器通孔2\075\3.jpg,"(1449, 1135, 1914, 1600)"
train,normal,E:\Xray\Xray\pcb_xray_annotation_workspace\bridge_roi_dataset\train\normal\3_20f6ec0a72_n01.jpg,E:\Xray\X光图片20260330\X光图片20260330\合格\1\表贴及连接器通孔2\075\3.jpg,"(381, 1222, 846, 1687)"
train,normal,E:\Xray\Xray\pcb_xray_annotation_workspace\bridge_roi_dataset\train\normal\void_0021_00c22fa942_n00.jpg,E:\Xray\Xray\pcb_xray_annotation_workspace\images\void\void_0021.jpg,"(2449, 1606, 2914, 2071)"
train,normal,E:\Xray\Xray\pcb_xray_annotation_workspace\bridge_roi_dataset\train\normal\void_0021_00c22fa942_n01.jpg,E:\Xray\Xray\pcb_xray_annotation_workspace\images\void\void_0021.jpg,"(1328, 788, 1793, 1253)"
train,normal,E:\Xray\Xray\pcb_xray_annotation_workspace\bridge_roi_dataset\train\normal\insufficient_through_solder_0056_dbefd24898_n00.jpg,E:\Xray\Xray\pcb_xray_annotation_workspace\images\insufficient_through_solder\insufficient_through_solder_0056.jpg,"(25, 597, 490, 1062)"
train,normal,E:\Xray\Xray\pcb_xray_annotation_workspace\bridge_roi_dataset\train\normal\insufficient_through_solder_0056_dbefd24898_n01.jpg,E:\Xray\Xray\pcb_xray_annotation_workspace\images\insufficient_through_solder\insufficient_through_solder_0056.jpg,"(847, 794, 1312, 1259)"
train,normal,E:\Xray\Xray\pcb_xray_annotation_workspace\bridge_roi_dataset\train\normal\6_ffa41dfd1e_n00.jpg,E:\Xray\X光图片20260330\X光图片20260330\合格\2\4图片以表贴类型为主\102\6.jpg,"(346, 1484, 811, 1949)"
train,normal,E:\Xray\Xray\pcb_xray_annotation_workspace\bridge_roi_dataset\train\normal\6_ffa41dfd1e_n01.jpg,E:\Xray\X光图片20260330\X光图片20260330\合格\2\4图片以表贴类型为主\102\6.jpg,"(2291, 497, 2756, 962)"
train,normal,E:\Xray\Xray\pcb_xray_annotation_workspace\bridge_roi_dataset\train\normal\通孔9_1781bbdab2_n00.jpg,E:\Xray\X光图片20260330\X光图片20260330\合格\3\1\27\通孔9.jpg,"(2342, 1067, 2807, 1532)"
train,normal,E:\Xray\Xray\pcb_xray_annotation_workspace\bridge_roi_dataset\train\normal\通孔9_1781bbdab2_n01.jpg,E:\Xray\X光图片20260330\X光图片20260330\合格\3\1\27\通孔9.jpg,"(694, 1403, 1159, 1868)"
train,normal,E:\Xray\Xray\pcb_xray_annotation_workspace\bridge_roi_dataset\train\normal\4_79bd8bd092_n00.jpg,E:\Xray\X光图片20260330\X光图片20260330\合格\2\2多为直插通孔\38\4.jpg,"(1559, 347, 2024, 812)"
train,normal,E:\Xray\Xray\pcb_xray_annotation_workspace\bridge_roi_dataset\train\normal\4_79bd8bd092_n01.jpg,E:\Xray\X光图片20260330\X光图片20260330\合格\2\2多为直插通孔\38\4.jpg,"(568, 550, 1033, 1015)"
train,normal,E:\Xray\Xray\pcb_xray_annotation_workspace\bridge_roi_dataset\train\normal\8_568946353d_n00.jpg,E:\Xray\X光图片20260330\X光图片20260330\合格\2\4图片以表贴类型为主\104\8.jpg,"(1233, 549, 1698, 1014)"
train,normal,E:\Xray\Xray\pcb_xray_annotation_workspace\bridge_roi_dataset\train\normal\8_568946353d_n01.jpg,E:\Xray\X光图片20260330\X光图片20260330\合格\2\4图片以表贴类型为主\104\8.jpg,"(2019, 298, 2484, 763)"
train,normal,E:\Xray\Xray\pcb_xray_annotation_workspace\bridge_roi_dataset\train\normal\void_0032_96169e4102_n00.jpg,E:\Xray\Xray\pcb_xray_annotation_workspace\images\void\void_0032.jpg,"(259, 342, 724, 807)"
train,normal,E:\Xray\Xray\pcb_xray_annotation_workspace\bridge_roi_dataset\train\normal\void_0032_96169e4102_n01.jpg,E:\Xray\Xray\pcb_xray_annotation_workspace\images\void\void_0032.jpg,"(1780, 565, 2245, 1030)"
train,normal,E:\Xray\Xray\pcb_xray_annotation_workspace\bridge_roi_dataset\train\normal\4_8774a0d416_n00.jpg,E:\Xray\X光图片20260330\X光图片20260330\合格\2\5该文件夹里多为直插通孔类型\191\4.jpg,"(1724, 613, 2189, 1078)"
train,normal,E:\Xray\Xray\pcb_xray_annotation_workspace\bridge_roi_dataset\train\normal\4_8774a0d416_n01.jpg,E:\Xray\X光图片20260330\X光图片20260330\合格\2\5该文件夹里多为直插通孔类型\191\4.jpg,"(1983, 1602, 2448, 2067)"
train,normal,E:\Xray\Xray\pcb_xray_annotation_workspace\bridge_roi_dataset\train\normal\10_3c7dab7102_n00.jpg,E:\Xray\X光图片20260330\X光图片20260330\合格\2\5该文件夹里多为直插通孔类型\195\10.jpg,"(315, 739, 780, 1204)"
train,normal,E:\Xray\Xray\pcb_xray_annotation_workspace\bridge_roi_dataset\train\normal\10_3c7dab7102_n01.jpg,E:\Xray\X光图片20260330\X光图片20260330\合格\2\5该文件夹里多为直插通孔类型\195\10.jpg,"(1030, 505, 1495, 970)"
train,normal,E:\Xray\Xray\pcb_xray_annotation_workspace\bridge_roi_dataset\train\normal\3_cecc29a681_n00.jpg,E:\Xray\X光图片20260330\X光图片20260330\合格\2\5该文件夹里多为直插通孔类型\182\3.jpg,"(2560, 1015, 3025, 1480)"
train,normal,E:\Xray\Xray\pcb_xray_annotation_workspace\bridge_roi_dataset\train\normal\3_cecc29a681_n01.jpg,E:\Xray\X光图片20260330\X光图片20260330\合格\2\5该文件夹里多为直插通孔类型\182\3.jpg,"(2432, 1262, 2897, 1727)"
train,normal,E:\Xray\Xray\pcb_xray_annotation_workspace\bridge_roi_dataset\train\normal\10_4773e405a8_n00.jpg,E:\Xray\X光图片20260330\X光图片20260330\合格\1\表贴及连接器通孔1\AP6\74\10.jpg,"(800, 937, 1265, 1402)"
train,normal,E:\Xray\Xray\pcb_xray_annotation_workspace\bridge_roi_dataset\train\normal\10_4773e405a8_n01.jpg,E:\Xray\X光图片20260330\X光图片20260330\合格\1\表贴及连接器通孔1\AP6\74\10.jpg,"(438, 277, 903, 742)"
train,normal,E:\Xray\Xray\pcb_xray_annotation_workspace\bridge_roi_dataset\train\normal\5_2878b2a623_n00.jpg,E:\Xray\X光图片20260330\X光图片20260330\合格\1\表贴及连接器通孔\AP4\74\5.jpg,"(1247, 13, 1712, 478)"
train,normal,E:\Xray\Xray\pcb_xray_annotation_workspace\bridge_roi_dataset\train\normal\5_2878b2a623_n01.jpg,E:\Xray\X光图片20260330\X光图片20260330\合格\1\表贴及连接器通孔\AP4\74\5.jpg,"(1620, 680, 2085, 1145)"
train,normal,E:\Xray\Xray\pcb_xray_annotation_workspace\bridge_roi_dataset\train\normal\void_0015_9326ae31f2_n00.jpg,E:\Xray\Xray\pcb_xray_annotation_workspace\images\void\void_0015.jpg,"(2540, 778, 3005, 1243)"
train,normal,E:\Xray\Xray\pcb_xray_annotation_workspace\bridge_roi_dataset\train\normal\void_0015_9326ae31f2_n01.jpg,E:\Xray\Xray\pcb_xray_annotation_workspace\images\void\void_0015.jpg,"(1349, 901, 1814, 1366)"
train,normal,E:\Xray\Xray\pcb_xray_annotation_workspace\bridge_roi_dataset\train\normal\5_db1ee0d7bb_n00.jpg,E:\Xray\X光图片20260330\X光图片20260330\合格\2\5该文件夹里多为直插通孔类型\195\5.jpg,"(1371, 881, 1836, 1346)"
train,normal,E:\Xray\Xray\pcb_xray_annotation_workspace\bridge_roi_dataset\train\normal\5_db1ee0d7bb_n01.jpg,E:\Xray\X光图片20260330\X光图片20260330\合格\2\5该文件夹里多为直插通孔类型\195\5.jpg,"(2666, 1217, 3131, 1682)"
train,normal,E:\Xray\Xray\pcb_xray_annotation_workspace\bridge_roi_dataset\train\normal\8_fb569f623e_n00.jpg,E:\Xray\X光图片20260330\X光图片20260330\合格\1\表贴及连接器通孔1\AP7\74\8.jpg,"(557, 615, 1022, 1080)"
train,normal,E:\Xray\Xray\pcb_xray_annotation_workspace\bridge_roi_dataset\train\normal\8_fb569f623e_n01.jpg,E:\Xray\X光图片20260330\X光图片20260330\合格\1\表贴及连接器通孔1\AP7\74\8.jpg,"(1313, 1235, 1778, 1700)"
train,normal,E:\Xray\Xray\pcb_xray_annotation_workspace\bridge_roi_dataset\train\normal\10_c70672bb06_n00.jpg,E:\Xray\X光图片20260330\X光图片20260330\合格\2\5该文件夹里多为直插通孔类型\181\10.jpg,"(822, 981, 1287, 1446)"
train,normal,E:\Xray\Xray\pcb_xray_annotation_workspace\bridge_roi_dataset\train\normal\10_c70672bb06_n01.jpg,E:\Xray\X光图片20260330\X光图片20260330\合格\2\5该文件夹里多为直插通孔类型\181\10.jpg,"(1286, 363, 1751, 828)"
train,normal,E:\Xray\Xray\pcb_xray_annotation_workspace\bridge_roi_dataset\train\normal\1直插通孔_7e9e3d2fc4_n00.jpg,E:\Xray\X光图片20260330\X光图片20260330\合格\2\4图片以表贴类型为主\102\1直插通孔.jpg,"(1631, 653, 2096, 1118)"
train,normal,E:\Xray\Xray\pcb_xray_annotation_workspace\bridge_roi_dataset\train\normal\1直插通孔_7e9e3d2fc4_n01.jpg,E:\Xray\X光图片20260330\X光图片20260330\合格\2\4图片以表贴类型为主\102\1直插通孔.jpg,"(1193, 1505, 1658, 1970)"
train,normal,E:\Xray\Xray\pcb_xray_annotation_workspace\bridge_roi_dataset\train\normal\insufficient_through_solder_0038_10ce66c8c9_n00.jpg,E:\Xray\Xray\pcb_xray_annotation_workspace\images\insufficient_through_solder\insufficient_through_solder_0038.jpg,"(1005, 496, 1470, 961)"
train,normal,E:\Xray\Xray\pcb_xray_annotation_workspace\bridge_roi_dataset\train\normal\insufficient_through_solder_0038_10ce66c8c9_n01.jpg,E:\Xray\Xray\pcb_xray_annotation_workspace\images\insufficient_through_solder\insufficient_through_solder_0038.jpg,"(667, 770, 1132, 1235)"
train,normal,E:\Xray\Xray\pcb_xray_annotation_workspace\bridge_roi_dataset\train\normal\insufficient_through_solder_0042_e29a9e9849_n00.jpg,E:\Xray\Xray\pcb_xray_annotation_workspace\images\insufficient_through_solder\insufficient_through_solder_0042.jpg,"(574, 804, 1039, 1269)"
train,normal,E:\Xray\Xray\pcb_xray_annotation_workspace\bridge_roi_dataset\train\normal\insufficient_through_solder_0042_e29a9e9849_n01.jpg,E:\Xray\Xray\pcb_xray_annotation_workspace\images\insufficient_through_solder\insufficient_through_solder_0042.jpg,"(747, 233, 1212, 698)"
train,normal,E:\Xray\Xray\pcb_xray_annotation_workspace\bridge_roi_dataset\train\normal\3_0d29e59b96_n00.jpg,E:\Xray\X光图片20260330\X光图片20260330\合格\2\1多为直插通孔\39\3.jpg,"(2309, 409, 2774, 874)"
train,normal,E:\Xray\Xray\pcb_xray_annotation_workspace\bridge_roi_dataset\train\normal\3_0d29e59b96_n01.jpg,E:\Xray\X光图片20260330\X光图片20260330\合格\2\1多为直插通孔\39\3.jpg,"(2425, 1117, 2890, 1582)"
train,normal,E:\Xray\Xray\pcb_xray_annotation_workspace\bridge_roi_dataset\train\normal\1_59bf0fbf91_n00.jpg,E:\Xray\X光图片20260330\X光图片20260330\合格\1\表贴及连接器通孔1\AP6\74\1.jpg,"(736, 1396, 1201, 1861)"
train,normal,E:\Xray\Xray\pcb_xray_annotation_workspace\bridge_roi_dataset\train\normal\1_59bf0fbf91_n01.jpg,E:\Xray\X光图片20260330\X光图片20260330\合格\1\表贴及连接器通孔1\AP6\74\1.jpg,"(2253, 55, 2718, 520)"
train,normal,E:\Xray\Xray\pcb_xray_annotation_workspace\bridge_roi_dataset\train\normal\7_7bb256828a_n00.jpg,E:\Xray\X光图片20260330\X光图片20260330\合格\2\5该文件夹里多为直插通孔类型\190\7.jpg,"(1890, 1450, 2355, 1915)"
train,normal,E:\Xray\Xray\pcb_xray_annotation_workspace\bridge_roi_dataset\train\normal\7_7bb256828a_n01.jpg,E:\Xray\X光图片20260330\X光图片20260330\合格\2\5该文件夹里多为直插通孔类型\190\7.jpg,"(858, 897, 1323, 1362)"
train,normal,E:\Xray\Xray\pcb_xray_annotation_workspace\bridge_roi_dataset\train\normal\void_0008_8b2162a3ea_n00.jpg,E:\Xray\Xray\pcb_xray_annotation_workspace\images\void\void_0008.jpg,"(1193, 1418, 1658, 1883)"
train,normal,E:\Xray\Xray\pcb_xray_annotation_workspace\bridge_roi_dataset\train\normal\void_0008_8b2162a3ea_n01.jpg,E:\Xray\Xray\pcb_xray_annotation_workspace\images\void\void_0008.jpg,"(283, 1629, 748, 2094)"
train,normal,E:\Xray\Xray\pcb_xray_annotation_workspace\bridge_roi_dataset\train\normal\insufficient_through_solder_0078_4006b3f9cd_n00.jpg,E:\Xray\Xray\pcb_xray_annotation_workspace\images\insufficient_through_solder\insufficient_through_solder_0078.jpg,"(1628, 837, 2093, 1302)"
train,normal,E:\Xray\Xray\pcb_xray_annotation_workspace\bridge_roi_dataset\train\normal\insufficient_through_solder_0078_4006b3f9cd_n01.jpg,E:\Xray\Xray\pcb_xray_annotation_workspace\images\insufficient_through_solder\insufficient_through_solder_0078.jpg,"(1378, 1022, 1843, 1487)"
train,normal,E:\Xray\Xray\pcb_xray_annotation_workspace\bridge_roi_dataset\train\normal\insufficient_through_solder_0058_0907c03d02_n00.jpg,E:\Xray\Xray\pcb_xray_annotation_workspace\images\insufficient_through_solder\insufficient_through_solder_0058.jpg,"(285, 1297, 750, 1762)"
train,normal,E:\Xray\Xray\pcb_xray_annotation_workspace\bridge_roi_dataset\train\normal\insufficient_through_solder_0058_0907c03d02_n01.jpg,E:\Xray\Xray\pcb_xray_annotation_workspace\images\insufficient_through_solder\insufficient_through_solder_0058.jpg,"(620, 495, 1085, 960)"
train,normal,E:\Xray\Xray\pcb_xray_annotation_workspace\bridge_roi_dataset\train\normal\10_52974192d0_n00.jpg,E:\Xray\X光图片20260330\X光图片20260330\合格\2\5该文件夹里多为直插通孔类型\190\10.jpg,"(1034, 1348, 1499, 1813)"
train,normal,E:\Xray\Xray\pcb_xray_annotation_workspace\bridge_roi_dataset\train\normal\10_52974192d0_n01.jpg,E:\Xray\X光图片20260330\X光图片20260330\合格\2\5该文件夹里多为直插通孔类型\190\10.jpg,"(631, 1464, 1096, 1929)"
train,normal,E:\Xray\Xray\pcb_xray_annotation_workspace\bridge_roi_dataset\train\normal\7_cc2643548b_n00.jpg,E:\Xray\X光图片20260330\X光图片20260330\合格\2\5该文件夹里多为直插通孔类型\187\7.jpg,"(1733, 1616, 2198, 2081)"
train,normal,E:\Xray\Xray\pcb_xray_annotation_workspace\bridge_roi_dataset\train\normal\7_cc2643548b_n01.jpg,E:\Xray\X光图片20260330\X光图片20260330\合格\2\5该文件夹里多为直插通孔类型\187\7.jpg,"(1544, 151, 2009, 616)"
train,normal,E:\Xray\Xray\pcb_xray_annotation_workspace\bridge_roi_dataset\train\normal\6_22112e7570_n00.jpg,E:\Xray\X光图片20260330\X光图片20260330\合格\4\1多为直插通孔类型，下面文件类似\6.jpg,"(1839, 1224, 2304, 1689)"
train,normal,E:\Xray\Xray\pcb_xray_annotation_workspace\bridge_roi_dataset\train\normal\6_22112e7570_n01.jpg,E:\Xray\X光图片20260330\X光图片20260330\合格\4\1多为直插通孔类型，下面文件类似\6.jpg,"(1962, 1192, 2427, 1657)"
train,normal,E:\Xray\Xray\pcb_xray_annotation_workspace\bridge_roi_dataset\train\normal\10_0846265feb_n00.jpg,E:\Xray\X光图片20260330\X光图片20260330\合格\1\表贴及连接器通孔\AP5\74\10.jpg,"(1641, 1094, 2106, 1559)"
train,normal,E:\Xray\Xray\pcb_xray_annotation_workspace\bridge_roi_dataset\train\normal\10_0846265feb_n01.jpg,E:\Xray\X光图片20260330\X光图片20260330\合格\1\表贴及连接器通孔\AP5\74\10.jpg,"(2075, 1416, 2540, 1881)"
train,normal,E:\Xray\Xray\pcb_xray_annotation_workspace\bridge_roi_dataset\train\normal\3_d18bcf8c29_n00.jpg,E:\Xray\X光图片20260330\X光图片20260330\合格\2\5该文件夹里多为直插通孔类型\173\3.jpg,"(1713, 1113, 2178, 1578)"
train,normal,E:\Xray\Xray\pcb_xray_annotation_workspace\bridge_roi_dataset\train\normal\3_d18bcf8c29_n01.jpg,E:\Xray\X光图片20260330\X光图片20260330\合格\2\5该文件夹里多为直插通孔类型\173\3.jpg,"(150, 1619, 615, 2084)"
train,normal,E:\Xray\Xray\pcb_xray_annotation_workspace\bridge_roi_dataset\train\normal\1_ad811e5f32_n00.jpg,E:\Xray\X光图片20260330\X光图片20260330\合格\4\4\1.jpg,"(1472, 1436, 1937, 1901)"
train,normal,E:\Xray\Xray\pcb_xray_annotation_workspace\bridge_roi_dataset\train\normal\1_ad811e5f32_n01.jpg,E:\Xray\X光图片20260330\X光图片20260330\合格\4\4\1.jpg,"(2199, 1216, 2664, 1681)"
train,normal,E:\Xray\Xray\pcb_xray_annotation_workspace\bridge_roi_dataset\train\normal\11_3b446f599c_n00.jpg,E:\Xray\X光图片20260330\X光图片20260330\合格\2\5该文件夹里多为直插通孔类型\193\11.jpg,"(2613, 174, 3078, 639)"
train,normal,E:\Xray\Xray\pcb_xray_annotation_workspace\bridge_roi_dataset\train\normal\11_3b446f599c_n01.jpg,E:\Xray\X光图片20260330\X光图片20260330\合格\2\5该文件夹里多为直插通孔类型\193\11.jpg,"(447, 1574, 912, 2039)"
train,normal,E:\Xray\Xray\pcb_xray_annotation_workspace\bridge_roi_dataset\train\normal\5_bfac105070_n00.jpg,E:\Xray\X光图片20260330\X光图片20260330\合格\3\1\27\5.jpg,"(1016, 1346, 1481, 1811)"
train,normal,E:\Xray\Xray\pcb_xray_annotation_workspace\bridge_roi_dataset\train\normal\5_bfac105070_n01.jpg,E:\Xray\X光图片20260330\X光图片20260330\合格\3\1\27\5.jpg,"(2722, 727, 3187, 1192)"
train,normal,E:\Xray\Xray\pcb_xray_annotation_workspace\bridge_roi_dataset\train\normal\insufficient_through_solder_0048_5406513510_n00.jpg,E:\Xray\Xray\pcb_xray_annotation_workspace\images\insufficient_through_solder\insufficient_through_solder_0048.jpg,"(340, 1325, 805, 1790)"
train,normal,E:\Xray\Xray\pcb_xray_annotation_workspace\bridge_roi_dataset\train\normal\insufficient_through_solder_0048_5406513510_n01.jpg,E:\Xray\Xray\pcb_xray_annotation_workspace\images\insufficient_through_solder\insufficient_through_solder_0048.jpg,"(1254, 90, 1719, 555)"
train,normal,E:\Xray\Xray\pcb_xray_annotation_workspace\bridge_roi_dataset\train\normal\6_a0dbf13f22_n00.jpg,E:\Xray\X光图片20260330\X光图片20260330\合格\2\3表贴，存在直插通孔\AP5\11\6.jpg,"(2306, 1321, 2771, 1786)"
train,normal,E:\Xray\Xray\pcb_xray_annotation_workspace\bridge_roi_dataset\train\normal\6_a0dbf13f22_n01.jpg,E:\Xray\X光图片20260330\X光图片20260330\合格\2\3表贴，存在直插通孔\AP5\11\6.jpg,"(2649, 818, 3114, 1283)"
train,normal,E:\Xray\Xray\pcb_xray_annotation_workspace\bridge_roi_dataset\train\normal\1_c2232ed7bf_n00.jpg,E:\Xray\X光图片20260330\X光图片20260330\合格\2\5该文件夹里多为直插通孔类型\172\1.jpg,"(1358, 1630, 1823, 2095)"
train,normal,E:\Xray\Xray\pcb_xray_annotation_workspace\bridge_roi_dataset\train\normal\1_c2232ed7bf_n01.jpg,E:\Xray\X光图片20260330\X光图片20260330\合格\2\5该文件夹里多为直插通孔类型\172\1.jpg,"(1763, 216, 2228, 681)"
train,normal,E:\Xray\Xray\pcb_xray_annotation_workspace\bridge_roi_dataset\train\normal\insufficient_through_solder_0103_a16bac59d6_n00.jpg,E:\Xray\Xray\pcb_xray_annotation_workspace\images\insufficient_through_solder\insufficient_through_solder_0103.jpg,"(10, 25, 475, 490)"
train,normal,E:\Xray\Xray\pcb_xray_annotation_workspace\bridge_roi_dataset\train\normal\insufficient_through_solder_0103_a16bac59d6_n01.jpg,E:\Xray\Xray\pcb_xray_annotation_workspace\images\insufficient_through_solder\insufficient_through_solder_0103.jpg,"(264, 56, 729, 521)"
train,normal,E:\Xray\Xray\pcb_xray_annotation_workspace\bridge_roi_dataset\train\normal\5_a4d47fd4fd_n00.jpg,E:\Xray\X光图片20260330\X光图片20260330\合格\1\通孔1\ap1\通孔1\5.jpg,"(2091, 1529, 2556, 1994)"
train,normal,E:\Xray\Xray\pcb_xray_annotation_workspace\bridge_roi_dataset\train\normal\5_a4d47fd4fd_n01.jpg,E:\Xray\X光图片20260330\X光图片20260330\合格\1\通孔1\ap1\通孔1\5.jpg,"(2124, 1142, 2589, 1607)"
train,normal,E:\Xray\Xray\pcb_xray_annotation_workspace\bridge_roi_dataset\train\normal\6_00a078f087_n00.jpg,E:\Xray\X光图片20260330\X光图片20260330\合格\2\5该文件夹里多为直插通孔类型\188\6.jpg,"(2377, 1408, 2842, 1873)"
train,normal,E:\Xray\Xray\pcb_xray_annotation_workspace\bridge_roi_dataset\train\normal\6_00a078f087_n01.jpg,E:\Xray\X光图片20260330\X光图片20260330\合格\2\5该文件夹里多为直插通孔类型\188\6.jpg,"(2356, 452, 2821, 917)"
train,normal,E:\Xray\Xray\pcb_xray_annotation_workspace\bridge_roi_dataset\train\normal\2_2601045845_n00.jpg,E:\Xray\X光图片20260330\X光图片20260330\合格\2\5该文件夹里多为直插通孔类型\194\2.jpg,"(1825, 766, 2290, 1231)"
train,normal,E:\Xray\Xray\pcb_xray_annotation_workspace\bridge_roi_dataset\train\normal\2_2601045845_n01.jpg,E:\Xray\X光图片20260330\X光图片20260330\合格\2\5该文件夹里多为直插通孔类型\194\2.jpg,"(1602, 948, 2067, 1413)"
train,normal,E:\Xray\Xray\pcb_xray_annotation_workspace\bridge_roi_dataset\train\normal\6_779fd740b9_n00.jpg,E:\Xray\X光图片20260330\X光图片20260330\合格\4\4\6.jpg,"(2410, 1414, 2875, 1879)"
train,normal,E:\Xray\Xray\pcb_xray_annotation_workspace\bridge_roi_dataset\train\normal\6_779fd740b9_n01.jpg,E:\Xray\X光图片20260330\X光图片20260330\合格\4\4\6.jpg,"(2049, 308, 2514, 773)"
train,normal,E:\Xray\Xray\pcb_xray_annotation_workspace\bridge_roi_dataset\train\normal\11_be6e35162a_n00.jpg,E:\Xray\X光图片20260330\X光图片20260330\合格\2\5该文件夹里多为直插通孔类型\171\11.jpg,"(1412, 50, 1877, 515)"
train,normal,E:\Xray\Xray\pcb_xray_annotation_workspace\bridge_roi_dataset\train\normal\11_be6e35162a_n01.jpg,E:\Xray\X光图片20260330\X光图片20260330\合格\2\5该文件夹里多为直插通孔类型\171\11.jpg,"(1977, 214, 2442, 679)"
train,normal,E:\Xray\Xray\pcb_xray_annotation_workspace\bridge_roi_dataset\train\normal\7_17ec9873b4_n00.jpg,E:\Xray\X光图片20260330\X光图片20260330\合格\2\5该文件夹里多为直插通孔类型\185\7.jpg,"(1210, 851, 1675, 1316)"
train,normal,E:\Xray\Xray\pcb_xray_annotation_workspace\bridge_roi_dataset\train\normal\7_17ec9873b4_n01.jpg,E:\Xray\X光图片20260330\X光图片20260330\合格\2\5该文件夹里多为直插通孔类型\185\7.jpg,"(351, 237, 816, 702)"
train,normal,E:\Xray\Xray\pcb_xray_annotation_workspace\bridge_roi_dataset\train\normal\insufficient_through_solder_0034_ea86833257_n00.jpg,E:\Xray\Xray\pcb_xray_annotation_workspace\images\insufficient_through_solder\insufficient_through_solder_0034.jpg,"(580, 713, 1045, 1178)"
train,normal,E:\Xray\Xray\pcb_xray_annotation_workspace\bridge_roi_dataset\train\normal\insufficient_through_solder_0034_ea86833257_n01.jpg,E:\Xray\Xray\pcb_xray_annotation_workspace\images\insufficient_through_solder\insufficient_through_solder_0034.jpg,"(1277, 702, 1742, 1167)"
train,normal,E:\Xray\Xray\pcb_xray_annotation_workspace\bridge_roi_dataset\train\normal\9_54d1aee684_n00.jpg,E:\Xray\X光图片20260330\X光图片20260330\合格\2\5该文件夹里多为直插通孔类型\179\9.jpg,"(1865, 1606, 2330, 2071)"
train,normal,E:\Xray\Xray\pcb_xray_annotation_workspace\bridge_roi_dataset\train\normal\9_54d1aee684_n01.jpg,E:\Xray\X光图片20260330\X光图片20260330\合格\2\5该文件夹里多为直插通孔类型\179\9.jpg,"(847, 1067, 1312, 1532)"
train,normal,E:\Xray\Xray\pcb_xray_annotation_workspace\bridge_roi_dataset\train\normal\2_35a4a0ff2b_n00.jpg,E:\Xray\X光图片20260330\X光图片20260330\合格\1\表贴及连接器通孔\AP3\73\2.jpg,"(1978, 713, 2443, 1178)"
train,normal,E:\Xray\Xray\pcb_xray_annotation_workspace\bridge_roi_dataset\train\normal\2_35a4a0ff2b_n01.jpg,E:\Xray\X光图片20260330\X光图片20260330\合格\1\表贴及连接器通孔\AP3\73\2.jpg,"(1950, 199, 2415, 664)"
train,normal,E:\Xray\Xray\pcb_xray_annotation_workspace\bridge_roi_dataset\train\normal\void_0045_3195b08357_n00.jpg,E:\Xray\Xray\pcb_xray_annotation_workspace\images\void\void_0045.jpg,"(897, 926, 1362, 1391)"
train,normal,E:\Xray\Xray\pcb_xray_annotation_workspace\bridge_roi_dataset\train\normal\void_0045_3195b08357_n01.jpg,E:\Xray\Xray\pcb_xray_annotation_workspace\images\void\void_0045.jpg,"(653, 137, 1118, 602)"
train,normal,E:\Xray\Xray\pcb_xray_annotation_workspace\bridge_roi_dataset\train\normal\5_7a44243f92_n00.jpg,E:\Xray\X光图片20260330\X光图片20260330\合格\1\通孔1\ap2\通孔1\5.jpg,"(1229, 91, 1694, 556)"
train,normal,E:\Xray\Xray\pcb_xray_annotation_workspace\bridge_roi_dataset\train\normal\5_7a44243f92_n01.jpg,E:\Xray\X光图片20260330\X光图片20260330\合格\1\通孔1\ap2\通孔1\5.jpg,"(471, 46, 936, 511)"
train,normal,E:\Xray\Xray\pcb_xray_annotation_workspace\bridge_roi_dataset\train\normal\void_0078_61b17913b9_n00.jpg,E:\Xray\Xray\pcb_xray_annotation_workspace\images\void\void_0078.jpg,"(351, 27, 816, 492)"
train,normal,E:\Xray\Xray\pcb_xray_annotation_workspace\bridge_roi_dataset\train\normal\void_0078_61b17913b9_n01.jpg,E:\Xray\Xray\pcb_xray_annotation_workspace\images\void\void_0078.jpg,"(168, 62, 633, 527)"
train,normal,E:\Xray\Xray\pcb_xray_annotation_workspace\bridge_roi_dataset\train\normal\void_0031_b307a21a62_n00.jpg,E:\Xray\Xray\pcb_xray_annotation_workspace\images\void\void_0031.jpg,"(2113, 357, 2578, 822)"
train,normal,E:\Xray\Xray\pcb_xray_annotation_workspace\bridge_roi_dataset\train\normal\void_0031_b307a21a62_n01.jpg,E:\Xray\Xray\pcb_xray_annotation_workspace\images\void\void_0031.jpg,"(2260, 327, 2725, 792)"
train,normal,E:\Xray\Xray\pcb_xray_annotation_workspace\bridge_roi_dataset\train\normal\2_ddb33d2adb_n00.jpg,E:\Xray\X光图片20260330\X光图片20260330\合格\2\3表贴，存在直插通孔\AP5\11\2.jpg,"(1355, 1146, 1820, 1611)"
train,normal,E:\Xray\Xray\pcb_xray_annotation_workspace\bridge_roi_dataset\train\normal\2_ddb33d2adb_n01.jpg,E:\Xray\X光图片20260330\X光图片20260330\合格\2\3表贴，存在直插通孔\AP5\11\2.jpg,"(1746, 946, 2211, 1411)"
train,normal,E:\Xray\Xray\pcb_xray_annotation_workspace\bridge_roi_dataset\train\normal\10_3e0a17ba63_n00.jpg,E:\Xray\X光图片20260330\X光图片20260330\合格\2\5该文件夹里多为直插通孔类型\188\10.jpg,"(949, 1633, 1414, 2098)"
train,normal,E:\Xray\Xray\pcb_xray_annotation_workspace\bridge_roi_dataset\train\normal\10_3e0a17ba63_n01.jpg,E:\Xray\X光图片20260330\X光图片20260330\合格\2\5该文件夹里多为直插通孔类型\188\10.jpg,"(1659, 1289, 2124, 1754)"
train,normal,E:\Xray\Xray\pcb_xray_annotation_workspace\bridge_roi_dataset\train\normal\4_adcd8150e1_n00.jpg,E:\Xray\X光图片20260330\X光图片20260330\合格\4\6\4.jpg,"(755, 381, 1220, 846)"
train,normal,E:\Xray\Xray\pcb_xray_annotation_workspace\bridge_roi_dataset\train\normal\4_adcd8150e1_n01.jpg,E:\Xray\X光图片20260330\X光图片20260330\合格\4\6\4.jpg,"(2623, 1346, 3088, 1811)"
val,normal,E:\Xray\Xray\pcb_xray_annotation_workspace\bridge_roi_dataset\val\normal\4_7baa9bec11_n00.jpg,E:\Xray\X光图片20260330\X光图片20260330\合格\4\5\4.jpg,"(1770, 810, 2235, 1275)"
val,normal,E:\Xray\Xray\pcb_xray_annotation_workspace\bridge_roi_dataset\val\normal\4_7baa9bec11_n01.jpg,E:\Xray\X光图片20260330\X光图片20260330\合格\4\5\4.jpg,"(119, 1510, 584, 1975)"
val,normal,E:\Xray\Xray\pcb_xray_annotation_workspace\bridge_roi_dataset\val\normal\2_e6fb57099a_n00.jpg,E:\Xray\X光图片20260330\X光图片20260330\合格\1\通孔1\ap2\通孔2\2.jpg,"(2515, 404, 2980, 869)"
val,normal,E:\Xray\Xray\pcb_xray_annotation_workspace\bridge_roi_dataset\val\normal\2_e6fb57099a_n01.jpg,E:\Xray\X光图片20260330\X光图片20260330\合格\1\通孔1\ap2\通孔2\2.jpg,"(1841, 1212, 2306, 1677)"
val,normal,E:\Xray\Xray\pcb_xray_annotation_workspace\bridge_roi_dataset\val\normal\4_5429a90a8e_n00.jpg,E:\Xray\X光图片20260330\X光图片20260330\合格\2\4图片以表贴类型为主\102\4.jpg,"(1759, 796, 2224, 1261)"
val,normal,E:\Xray\Xray\pcb_xray_annotation_workspace\bridge_roi_dataset\val\normal\4_5429a90a8e_n01.jpg,E:\Xray\X光图片20260330\X光图片20260330\合格\2\4图片以表贴类型为主\102\4.jpg,"(18, 1443, 483, 1908)"
val,normal,E:\Xray\Xray\pcb_xray_annotation_workspace\bridge_roi_dataset\val\normal\9_251be7ea50_n00.jpg,E:\Xray\X光图片20260330\X光图片20260330\合格\1\表贴及连接器通孔1\AP6\74\9.jpg,"(879, 421, 1344, 886)"
val,normal,E:\Xray\Xray\pcb_xray_annotation_workspace\bridge_roi_dataset\val\normal\9_251be7ea50_n01.jpg,E:\Xray\X光图片20260330\X光图片20260330\合格\1\表贴及连接器通孔1\AP6\74\9.jpg,"(1140, 1540, 1605, 2005)"
val,normal,E:\Xray\Xray\pcb_xray_annotation_workspace\bridge_roi_dataset\val\normal\3_6adfa9c3f3_n00.jpg,E:\Xray\X光图片20260330\X光图片20260330\合格\1\表贴及连接器通孔\AP3\74\3.jpg,"(256, 1182, 721, 1647)"
val,normal,E:\Xray\Xray\pcb_xray_annotation_workspace\bridge_roi_dataset\val\normal\3_6adfa9c3f3_n01.jpg,E:\Xray\X光图片20260330\X光图片20260330\合格\1\表贴及连接器通孔\AP3\74\3.jpg,"(416, 1637, 881, 2102)"
val,normal,E:\Xray\Xray\pcb_xray_annotation_workspace\bridge_roi_dataset\val\normal\1_a7c5c4a6b9_n00.jpg,E:\Xray\X光图片20260330\X光图片20260330\合格\2\5该文件夹里多为直插通孔类型\193\1.jpg,"(2199, 382, 2664, 847)"
val,normal,E:\Xray\Xray\pcb_xray_annotation_workspace\bridge_roi_dataset\val\normal\1_a7c5c4a6b9_n01.jpg,E:\Xray\X光图片20260330\X光图片20260330\合格\2\5该文件夹里多为直插通孔类型\193\1.jpg,"(1498, 667, 1963, 1132)"
val,normal,E:\Xray\Xray\pcb_xray_annotation_workspace\bridge_roi_dataset\val\normal\4_2d0a07e823_n00.jpg,E:\Xray\X光图片20260330\X光图片20260330\合格\1\表贴及连接器通孔\AP5\73\4.jpg,"(807, 937, 1272, 1402)"
val,normal,E:\Xray\Xray\pcb_xray_annotation_workspace\bridge_roi_dataset\val\normal\4_2d0a07e823_n01.jpg,E:\Xray\X光图片20260330\X光图片20260330\合格\1\表贴及连接器通孔\AP5\73\4.jpg,"(466, 537, 931, 1002)"
val,normal,E:\Xray\Xray\pcb_xray_annotation_workspace\bridge_roi_dataset\val\normal\2_7b6460baa1_n00.jpg,E:\Xray\X光图片20260330\X光图片20260330\合格\4\4\2.jpg,"(2004, 1080, 2469, 1545)"
val,normal,E:\Xray\Xray\pcb_xray_annotation_workspace\bridge_roi_dataset\val\normal\2_7b6460baa1_n01.jpg,E:\Xray\X光图片20260330\X光图片20260330\合格\4\4\2.jpg,"(2617, 641, 3082, 1106)"
val,normal,E:\Xray\Xray\pcb_xray_annotation_workspace\bridge_roi_dataset\val\normal\8_f8637d11f2_n00.jpg,E:\Xray\X光图片20260330\X光图片20260330\合格\2\5该文件夹里多为直插通孔类型\193\8.jpg,"(2445, 795, 2910, 1260)"
val,normal,E:\Xray\Xray\pcb_xray_annotation_workspace\bridge_roi_dataset\val\normal\8_f8637d11f2_n01.jpg,E:\Xray\X光图片20260330\X光图片20260330\合格\2\5该文件夹里多为直插通孔类型\193\8.jpg,"(2503, 803, 2968, 1268)"
val,normal,E:\Xray\Xray\pcb_xray_annotation_workspace\bridge_roi_dataset\val\normal\3_a254a7de6b_n00.jpg,E:\Xray\X光图片20260330\X光图片20260330\合格\2\5该文件夹里多为直插通孔类型\184\3.jpg,"(2404, 233, 2869, 698)"
val,normal,E:\Xray\Xray\pcb_xray_annotation_workspace\bridge_roi_dataset\val\normal\3_a254a7de6b_n01.jpg,E:\Xray\X光图片20260330\X光图片20260330\合格\2\5该文件夹里多为直插通孔类型\184\3.jpg,"(1425, 720, 1890, 1185)"
val,normal,E:\Xray\Xray\pcb_xray_annotation_workspace\bridge_roi_dataset\val\normal\5_ce6b258f25_n00.jpg,E:\Xray\X光图片20260330\X光图片20260330\合格\1\表贴及连接器通孔1\AP6\73\5.jpg,"(1875, 1264, 2340, 1729)"
val,normal,E:\Xray\Xray\pcb_xray_annotation_workspace\bridge_roi_dataset\val\normal\5_ce6b258f25_n01.jpg,E:\Xray\X光图片20260330\X光图片20260330\合格\1\表贴及连接器通孔1\AP6\73\5.jpg,"(706, 1379, 1171, 1844)"
val,normal,E:\Xray\Xray\pcb_xray_annotation_workspace\bridge_roi_dataset\val\normal\6_5df4f95814_n00.jpg,E:\Xray\X光图片20260330\X光图片20260330\合格\2\4图片以表贴类型为主\103\6.jpg,"(1218, 1258, 1683, 1723)"
val,normal,E:\Xray\Xray\pcb_xray_annotation_workspace\bridge_roi_dataset\val\normal\6_5df4f95814_n01.jpg,E:\Xray\X光图片20260330\X光图片20260330\合格\2\4图片以表贴类型为主\103\6.jpg,"(2417, 173, 2882, 638)"
val,normal,E:\Xray\Xray\pcb_xray_annotation_workspace\bridge_roi_dataset\val\normal\void_0097_617552e13e_n00.jpg,E:\Xray\Xray\pcb_xray_annotation_workspace\images\void\void_0097.jpg,"(1376, 274, 1841, 739)"
val,normal,E:\Xray\Xray\pcb_xray_annotation_workspace\bridge_roi_dataset\val\normal\void_0097_617552e13e_n01.jpg,E:\Xray\Xray\pcb_xray_annotation_workspace\images\void\void_0097.jpg,"(641, 241, 1106, 706)"
val,normal,E:\Xray\Xray\pcb_xray_annotation_workspace\bridge_roi_dataset\val\normal\5_f4efd8ba57_n00.jpg,E:\Xray\X光图片20260330\X光图片20260330\合格\4\6\5.jpg,"(977, 625, 1442, 1090)"
val,normal,E:\Xray\Xray\pcb_xray_annotation_workspace\bridge_roi_dataset\val\normal\5_f4efd8ba57_n01.jpg,E:\Xray\X光图片20260330\X光图片20260330\合格\4\6\5.jpg,"(479, 374, 944, 839)"
val,normal,E:\Xray\Xray\pcb_xray_annotation_workspace\bridge_roi_dataset\val\normal\5_44104b3b46_n00.jpg,E:\Xray\X光图片20260330\X光图片20260330\合格\2\1多为直插通孔\38\5.jpg,"(1529, 1420, 1994, 1885)"
val,normal,E:\Xray\Xray\pcb_xray_annotation_workspace\bridge_roi_dataset\val\normal\5_44104b3b46_n01.jpg,E:\Xray\X光图片20260330\X光图片20260330\合格\2\1多为直插通孔\38\5.jpg,"(579, 1046, 1044, 1511)"
val,normal,E:\Xray\Xray\pcb_xray_annotation_workspace\bridge_roi_dataset\val\normal\insufficient_through_solder_0100_adcad7be9c_n00.jpg,E:\Xray\Xray\pcb_xray_annotation_workspace\images\insufficient_through_solder\insufficient_through_solder_0100.jpg,"(397, 107, 862, 572)"
val,normal,E:\Xray\Xray\pcb_xray_annotation_workspace\bridge_roi_dataset\val\normal\insufficient_through_solder_0100_adcad7be9c_n01.jpg,E:\Xray\Xray\pcb_xray_annotation_workspace\images\insufficient_through_solder\insufficient_through_solder_0100.jpg,"(141, 147, 606, 612)"
val,normal,E:\Xray\Xray\pcb_xray_annotation_workspace\bridge_roi_dataset\val\normal\4_26bf6740a6_n00.jpg,E:\Xray\X光图片20260330\X光图片20260330\合格\1\表贴及连接器通孔2\076\4.jpg,"(1571, 866, 2036, 1331)"
val,normal,E:\Xray\Xray\pcb_xray_annotation_workspace\bridge_roi_dataset\val\normal\4_26bf6740a6_n01.jpg,E:\Xray\X光图片20260330\X光图片20260330\合格\1\表贴及连接器通孔2\076\4.jpg,"(760, 996, 1225, 1461)"
val,normal,E:\Xray\Xray\pcb_xray_annotation_workspace\bridge_roi_dataset\val\normal\9_e7579f2acc_n00.jpg,E:\Xray\X光图片20260330\X光图片20260330\合格\2\5该文件夹里多为直插通孔类型\184\9.jpg,"(2603, 1100, 3068, 1565)"
val,normal,E:\Xray\Xray\pcb_xray_annotation_workspace\bridge_roi_dataset\val\normal\9_e7579f2acc_n01.jpg,E:\Xray\X光图片20260330\X光图片20260330\合格\2\5该文件夹里多为直插通孔类型\184\9.jpg,"(2642, 354, 3107, 819)"
val,normal,E:\Xray\Xray\pcb_xray_annotation_workspace\bridge_roi_dataset\val\normal\insufficient_through_solder_0085_b858ce9e85_n00.jpg,E:\Xray\Xray\pcb_xray_annotation_workspace\images\insufficient_through_solder\insufficient_through_solder_0085.jpg,"(1136, 341, 1601, 806)"
val,normal,E:\Xray\Xray\pcb_xray_annotation_workspace\bridge_roi_dataset\val\normal\insufficient_through_solder_0085_b858ce9e85_n01.jpg,E:\Xray\Xray\pcb_xray_annotation_workspace\images\insufficient_through_solder\insufficient_through_solder_0085.jpg,"(1002, 591, 1467, 1056)"
val,normal,E:\Xray\Xray\pcb_xray_annotation_workspace\bridge_roi_dataset\val\normal\void_0020_3423f4db1b_n00.jpg,E:\Xray\Xray\pcb_xray_annotation_workspace\images\void\void_0020.jpg,"(574, 383, 1039, 848)"
val,normal,E:\Xray\Xray\pcb_xray_annotation_workspace\bridge_roi_dataset\val\normal\void_0020_3423f4db1b_n01.jpg,E:\Xray\Xray\pcb_xray_annotation_workspace\images\void\void_0020.jpg,"(1288, 923, 1753, 1388)"
val,normal,E:\Xray\Xray\pcb_xray_annotation_workspace\bridge_roi_dataset\val\normal\void_0082_1c584d3427_n00.jpg,E:\Xray\Xray\pcb_xray_annotation_workspace\images\void\void_0082.jpg,"(54, 91, 519, 556)"
val,normal,E:\Xray\Xray\pcb_xray_annotation_workspace\bridge_roi_dataset\val\normal\void_0082_1c584d3427_n01.jpg,E:\Xray\Xray\pcb_xray_annotation_workspace\images\void\void_0082.jpg,"(9, 124, 474, 589)"
val,normal,E:\Xray\Xray\pcb_xray_annotation_workspace\bridge_roi_dataset\val\normal\5_7a79510d23_n00.jpg,E:\Xray\X光图片20260330\X光图片20260330\合格\2\4图片以表贴类型为主\103\5.jpg,"(559, 399, 1024, 864)"
val,normal,E:\Xray\Xray\pcb_xray_annotation_workspace\bridge_roi_dataset\val\normal\5_7a79510d23_n01.jpg,E:\Xray\X光图片20260330\X光图片20260330\合格\2\4图片以表贴类型为主\103\5.jpg,"(1572, 1150, 2037, 1615)"
val,normal,E:\Xray\Xray\pcb_xray_annotation_workspace\bridge_roi_dataset\val\normal\10_1a3fbefe5c_n00.jpg,E:\Xray\X光图片20260330\X光图片20260330\合格\1\表贴及连接器通孔1\AP7\74\10.jpg,"(2070, 1337, 2535, 1802)"
val,normal,E:\Xray\Xray\pcb_xray_annotation_workspace\bridge_roi_dataset\val\normal\10_1a3fbefe5c_n01.jpg,E:\Xray\X光图片20260330\X光图片20260330\合格\1\表贴及连接器通孔1\AP7\74\10.jpg,"(2027, 837, 2492, 1302)"
val,normal,E:\Xray\Xray\pcb_xray_annotation_workspace\bridge_roi_dataset\val\normal\4_112e2d3579_n00.jpg,E:\Xray\X光图片20260330\X光图片20260330\合格\2\5该文件夹里多为直插通孔类型\175\4.jpg,"(2014, 851, 2479, 1316)"
val,normal,E:\Xray\Xray\pcb_xray_annotation_workspace\bridge_roi_dataset\val\normal\4_112e2d3579_n01.jpg,E:\Xray\X光图片20260330\X光图片20260330\合格\2\5该文件夹里多为直插通孔类型\175\4.jpg,"(1818, 1000, 2283, 1465)"
val,normal,E:\Xray\Xray\pcb_xray_annotation_workspace\bridge_roi_dataset\val\normal\1_7e1b124894_n00.jpg,E:\Xray\X光图片20260330\X光图片20260330\合格\2\5该文件夹里多为直插通孔类型\181\1.jpg,"(685, 169, 1150, 634)"
val,normal,E:\Xray\Xray\pcb_xray_annotation_workspace\bridge_roi_dataset\val\normal\1_7e1b124894_n01.jpg,E:\Xray\X光图片20260330\X光图片20260330\合格\2\5该文件夹里多为直插通孔类型\181\1.jpg,"(2315, 63, 2780, 528)"
val,normal,E:\Xray\Xray\pcb_xray_annotation_workspace\bridge_roi_dataset\val\normal\4_f1a70fcce3_n00.jpg,E:\Xray\X光图片20260330\X光图片20260330\合格\1\表贴及连接器通孔\AP5\74\4.jpg,"(903, 598, 1368, 1063)"
val,normal,E:\Xray\Xray\pcb_xray_annotation_workspace\bridge_roi_dataset\val\normal\4_f1a70fcce3_n01.jpg,E:\Xray\X光图片20260330\X光图片20260330\合格\1\表贴及连接器通孔\AP5\74\4.jpg,"(133, 562, 598, 1027)"
val,normal,E:\Xray\Xray\pcb_xray_annotation_workspace\bridge_roi_dataset\val\normal\13_fdc928a4c4_n00.jpg,E:\Xray\X光图片20260330\X光图片20260330\合格\1\表贴及连接器通孔1\AP7\73\13.jpg,"(920, 1101, 1385, 1566)"
val,normal,E:\Xray\Xray\pcb_xray_annotation_workspace\bridge_roi_dataset\val\normal\13_fdc928a4c4_n01.jpg,E:\Xray\X光图片20260330\X光图片20260330\合格\1\表贴及连接器通孔1\AP7\73\13.jpg,"(1182, 344, 1647, 809)"
val,normal,E:\Xray\Xray\pcb_xray_annotation_workspace\bridge_roi_dataset\val\normal\8_34b4a3e08e_n00.jpg,E:\Xray\X光图片20260330\X光图片20260330\合格\1\表贴及连接器通孔\AP5\73\8.jpg,"(1873, 1158, 2338, 1623)"
val,normal,E:\Xray\Xray\pcb_xray_annotation_workspace\bridge_roi_dataset\val\normal\8_34b4a3e08e_n01.jpg,E:\Xray\X光图片20260330\X光图片20260330\合格\1\表贴及连接器通孔\AP5\73\8.jpg,"(2028, 1125, 2493, 1590)"
val,normal,E:\Xray\Xray\pcb_xray_annotation_workspace\bridge_roi_dataset\val\normal\9_65f9bb547d_n00.jpg,E:\Xray\X光图片20260330\X光图片20260330\合格\2\5该文件夹里多为直插通孔类型\186\9.jpg,"(2092, 231, 2557, 696)"
val,normal,E:\Xray\Xray\pcb_xray_annotation_workspace\bridge_roi_dataset\val\normal\9_65f9bb547d_n01.jpg,E:\Xray\X光图片20260330\X光图片20260330\合格\2\5该文件夹里多为直插通孔类型\186\9.jpg,"(2345, 233, 2810, 698)"
val,normal,E:\Xray\Xray\pcb_xray_annotation_workspace\bridge_roi_dataset\val\normal\6_af9c44b018_n00.jpg,E:\Xray\X光图片20260330\X光图片20260330\合格\2\5该文件夹里多为直插通孔类型\181\6.jpg,"(1097, 1587, 1562, 2052)"
val,normal,E:\Xray\Xray\pcb_xray_annotation_workspace\bridge_roi_dataset\val\normal\6_af9c44b018_n01.jpg,E:\Xray\X光图片20260330\X光图片20260330\合格\2\5该文件夹里多为直插通孔类型\181\6.jpg,"(2224, 751, 2689, 1216)"
val,normal,E:\Xray\Xray\pcb_xray_annotation_workspace\bridge_roi_dataset\val\normal\insufficient_through_solder_0031_0bca0ff994_n00.jpg,E:\Xray\Xray\pcb_xray_annotation_workspace\images\insufficient_through_solder\insufficient_through_solder_0031.jpg,"(2220, 1549, 2685, 2014)"
val,normal,E:\Xray\Xray\pcb_xray_annotation_workspace\bridge_roi_dataset\val\normal\insufficient_through_solder_0031_0bca0ff994_n01.jpg,E:\Xray\Xray\pcb_xray_annotation_workspace\images\insufficient_through_solder\insufficient_through_solder_0031.jpg,"(170, 1556, 635, 2021)"
val,normal,E:\Xray\Xray\pcb_xray_annotation_workspace\bridge_roi_dataset\val\normal\7_e1a31de4d4_n00.jpg,E:\Xray\X光图片20260330\X光图片20260330\合格\2\5该文件夹里多为直插通孔类型\176\7.jpg,"(1807, 1118, 2272, 1583)"
val,normal,E:\Xray\Xray\pcb_xray_annotation_workspace\bridge_roi_dataset\val\normal\7_e1a31de4d4_n01.jpg,E:\Xray\X光图片20260330\X光图片20260330\合格\2\5该文件夹里多为直插通孔类型\176\7.jpg,"(895, 870, 1360, 1335)"
val,normal,E:\Xray\Xray\pcb_xray_annotation_workspace\bridge_roi_dataset\val\normal\3_054ce713c4_n00.jpg,E:\Xray\X光图片20260330\X光图片20260330\合格\2\5该文件夹里多为直插通孔类型\183\3.jpg,"(419, 1507, 884, 1972)"
val,normal,E:\Xray\Xray\pcb_xray_annotation_workspace\bridge_roi_dataset\val\normal\3_054ce713c4_n01.jpg,E:\Xray\X光图片20260330\X光图片20260330\合格\2\5该文件夹里多为直插通孔类型\183\3.jpg,"(2677, 1538, 3142, 2003)"
val,normal,E:\Xray\Xray\pcb_xray_annotation_workspace\bridge_roi_dataset\val\normal\void_0103_89c5bd6b19_n00.jpg,E:\Xray\Xray\pcb_xray_annotation_workspace\images\void\void_0103.jpg,"(506, 609, 971, 1074)"
val,normal,E:\Xray\Xray\pcb_xray_annotation_workspace\bridge_roi_dataset\val\normal\void_0103_89c5bd6b19_n01.jpg,E:\Xray\Xray\pcb_xray_annotation_workspace\images\void\void_0103.jpg,"(1791, 66, 2256, 531)"
val,normal,E:\Xray\Xray\pcb_xray_annotation_workspace\bridge_roi_dataset\val\normal\1_6b9cdf621a_n00.jpg,E:\Xray\X光图片20260330\X光图片20260330\合格\1\表贴及连接器通孔1\AP7\73\1.jpg,"(1842, 538, 2307, 1003)"
val,normal,E:\Xray\Xray\pcb_xray_annotation_workspace\bridge_roi_dataset\val\normal\1_6b9cdf621a_n01.jpg,E:\Xray\X光图片20260330\X光图片20260330\合格\1\表贴及连接器通孔1\AP7\73\1.jpg,"(1427, 178, 1892, 643)"
val,normal,E:\Xray\Xray\pcb_xray_annotation_workspace\bridge_roi_dataset\val\normal\2_3a4f6ed271_n00.jpg,E:\Xray\X光图片20260330\X光图片20260330\合格\2\1多为直插通孔\40\2.jpg,"(1798, 240, 2263, 705)"
val,normal,E:\Xray\Xray\pcb_xray_annotation_workspace\bridge_roi_dataset\val\normal\2_3a4f6ed271_n01.jpg,E:\Xray\X光图片20260330\X光图片20260330\合格\2\1多为直插通孔\40\2.jpg,"(970, 429, 1435, 894)"
val,normal,E:\Xray\Xray\pcb_xray_annotation_workspace\bridge_roi_dataset\val\normal\2_284f841238_n00.jpg,E:\Xray\X光图片20260330\X光图片20260330\合格\2\5该文件夹里多为直插通孔类型\181\2.jpg,"(2408, 1411, 2873, 1876)"
val,normal,E:\Xray\Xray\pcb_xray_annotation_workspace\bridge_roi_dataset\val\normal\2_284f841238_n01.jpg,E:\Xray\X光图片20260330\X光图片20260330\合格\2\5该文件夹里多为直插通孔类型\181\2.jpg,"(1436, 1455, 1901, 1920)"
val,normal,E:\Xray\Xray\pcb_xray_annotation_workspace\bridge_roi_dataset\val\normal\7_f9146322b5_n00.jpg,E:\Xray\X光图片20260330\X光图片20260330\合格\4\5\7.jpg,"(2499, 1295, 2964, 1760)"
val,normal,E:\Xray\Xray\pcb_xray_annotation_workspace\bridge_roi_dataset\val\normal\7_f9146322b5_n01.jpg,E:\Xray\X光图片20260330\X光图片20260330\合格\4\5\7.jpg,"(1753, 339, 2218, 804)"
val,normal,E:\Xray\Xray\pcb_xray_annotation_workspace\bridge_roi_dataset\val\normal\表贴2_5d6861764f_n00.jpg,E:\Xray\X光图片20260330\X光图片20260330\合格\2\4图片以表贴类型为主\102\表贴2.jpg,"(2523, 285, 2988, 750)"
val,normal,E:\Xray\Xray\pcb_xray_annotation_workspace\bridge_roi_dataset\val\normal\表贴2_5d6861764f_n01.jpg,E:\Xray\X光图片20260330\X光图片20260330\合格\2\4图片以表贴类型为主\102\表贴2.jpg,"(846, 423, 1311, 888)"
val,normal,E:\Xray\Xray\pcb_xray_annotation_workspace\bridge_roi_dataset\val\normal\3_6b06efeeff_n00.jpg,E:\Xray\X光图片20260330\X光图片20260330\合格\2\5该文件夹里多为直插通孔类型\187\3.jpg,"(243, 1167, 708, 1632)"
val,normal,E:\Xray\Xray\pcb_xray_annotation_workspace\bridge_roi_dataset\val\normal\3_6b06efeeff_n01.jpg,E:\Xray\X光图片20260330\X光图片20260330\合格\2\5该文件夹里多为直插通孔类型\187\3.jpg,"(1436, 1090, 1901, 1555)"
val,normal,E:\Xray\Xray\pcb_xray_annotation_workspace\bridge_roi_dataset\val\normal\2_14f1bc0302_n00.jpg,E:\Xray\X光图片20260330\X光图片20260330\合格\3\1\27\2.jpg,"(1151, 1222, 1616, 1687)"
val,normal,E:\Xray\Xray\pcb_xray_annotation_workspace\bridge_roi_dataset\val\normal\2_14f1bc0302_n01.jpg,E:\Xray\X光图片20260330\X光图片20260330\合格\3\1\27\2.jpg,"(2206, 344, 2671, 809)"
val,normal,E:\Xray\Xray\pcb_xray_annotation_workspace\bridge_roi_dataset\val\normal\6_071295b702_n00.jpg,E:\Xray\X光图片20260330\X光图片20260330\合格\2\5该文件夹里多为直插通孔类型\195\6.jpg,"(1325, 1441, 1790, 1906)"
val,normal,E:\Xray\Xray\pcb_xray_annotation_workspace\bridge_roi_dataset\val\normal\6_071295b702_n01.jpg,E:\Xray\X光图片20260330\X光图片20260330\合格\2\5该文件夹里多为直插通孔类型\195\6.jpg,"(1198, 592, 1663, 1057)"
val,normal,E:\Xray\Xray\pcb_xray_annotation_workspace\bridge_roi_dataset\val\normal\4_d9dd878039_n00.jpg,E:\Xray\X光图片20260330\X光图片20260330\合格\1\表贴及连接器通孔2\075\4.jpg,"(2345, 547, 2810, 1012)"
val,normal,E:\Xray\Xray\pcb_xray_annotation_workspace\bridge_roi_dataset\val\normal\4_d9dd878039_n01.jpg,E:\Xray\X光图片20260330\X光图片20260330\合格\1\表贴及连接器通孔2\075\4.jpg,"(2107, 1391, 2572, 1856)"
val,normal,E:\Xray\Xray\pcb_xray_annotation_workspace\bridge_roi_dataset\val\normal\void_0039_2bc6296d24_n00.jpg,E:\Xray\Xray\pcb_xray_annotation_workspace\images\void\void_0039.jpg,"(1669, 195, 2134, 660)"
val,normal,E:\Xray\Xray\pcb_xray_annotation_workspace\bridge_roi_dataset\val\normal\void_0039_2bc6296d24_n01.jpg,E:\Xray\Xray\pcb_xray_annotation_workspace\images\void\void_0039.jpg,"(277, 842, 742, 1307)"
val,normal,E:\Xray\Xray\pcb_xray_annotation_workspace\bridge_roi_dataset\val\normal\3_e8e977eb1b_n00.jpg,E:\Xray\X光图片20260330\X光图片20260330\合格\2\3表贴，存在直插通孔\AP5\11\3.jpg,"(242, 567, 707, 1032)"
val,normal,E:\Xray\Xray\pcb_xray_annotation_workspace\bridge_roi_dataset\val\normal\3_e8e977eb1b_n01.jpg,E:\Xray\X光图片20260330\X光图片20260330\合格\2\3表贴，存在直插通孔\AP5\11\3.jpg,"(2686, 259, 3151, 724)"
val,normal,E:\Xray\Xray\pcb_xray_annotation_workspace\bridge_roi_dataset\val\normal\insufficient_through_solder_0043_ad5413329e_n00.jpg,E:\Xray\Xray\pcb_xray_annotation_workspace\images\insufficient_through_solder\insufficient_through_solder_0043.jpg,"(271, 511, 736, 976)"
val,normal,E:\Xray\Xray\pcb_xray_annotation_workspace\bridge_roi_dataset\val\normal\insufficient_through_solder_0043_ad5413329e_n01.jpg,E:\Xray\Xray\pcb_xray_annotation_workspace\images\insufficient_through_solder\insufficient_through_solder_0043.jpg,"(299, 659, 764, 1124)"
val,normal,E:\Xray\Xray\pcb_xray_annotation_workspace\bridge_roi_dataset\val\normal\6_7696c117fe_n00.jpg,E:\Xray\X光图片20260330\X光图片20260330\合格\2\4图片以表贴类型为主\106\6.jpg,"(1013, 1559, 1478, 2024)"
val,normal,E:\Xray\Xray\pcb_xray_annotation_workspace\bridge_roi_dataset\val\normal\6_7696c117fe_n01.jpg,E:\Xray\X光图片20260330\X光图片20260330\合格\2\4图片以表贴类型为主\106\6.jpg,"(1608, 1002, 2073, 1467)"
val,normal,E:\Xray\Xray\pcb_xray_annotation_workspace\bridge_roi_dataset\val\normal\5_43f00ddb9f_n00.jpg,E:\Xray\X光图片20260330\X光图片20260330\合格\2\4图片以表贴类型为主\102\5.jpg,"(582, 1182, 1047, 1647)"
val,normal,E:\Xray\Xray\pcb_xray_annotation_workspace\bridge_roi_dataset\val\normal\5_43f00ddb9f_n01.jpg,E:\Xray\X光图片20260330\X光图片20260330\合格\2\4图片以表贴类型为主\102\5.jpg,"(2590, 550, 3055, 1015)"
val,normal,E:\Xray\Xray\pcb_xray_annotation_workspace\bridge_roi_dataset\val\normal\12_0585690928_n00.jpg,E:\Xray\X光图片20260330\X光图片20260330\合格\2\5该文件夹里多为直插通孔类型\191\12.jpg,"(2571, 848, 3036, 1313)"
val,normal,E:\Xray\Xray\pcb_xray_annotation_workspace\bridge_roi_dataset\val\normal\12_0585690928_n01.jpg,E:\Xray\X光图片20260330\X光图片20260330\合格\2\5该文件夹里多为直插通孔类型\191\12.jpg,"(1536, 925, 2001, 1390)"
val,normal,E:\Xray\Xray\pcb_xray_annotation_workspace\bridge_roi_dataset\val\normal\insufficient_through_solder_0007_3631859c2f_n00.jpg,E:\Xray\Xray\pcb_xray_annotation_workspace\images\insufficient_through_solder\insufficient_through_solder_0007.jpg,"(309, 1297, 774, 1762)"
val,normal,E:\Xray\Xray\pcb_xray_annotation_workspace\bridge_roi_dataset\val\normal\insufficient_through_solder_0007_3631859c2f_n01.jpg,E:\Xray\Xray\pcb_xray_annotation_workspace\images\insufficient_through_solder\insufficient_through_solder_0007.jpg,"(381, 825, 846, 1290)"
val,normal,E:\Xray\Xray\pcb_xray_annotation_workspace\bridge_roi_dataset\val\normal\7_22a4fc2d44_n00.jpg,E:\Xray\X光图片20260330\X光图片20260330\合格\2\5该文件夹里多为直插通孔类型\174\7.jpg,"(2111, 1535, 2576, 2000)"
val,normal,E:\Xray\Xray\pcb_xray_annotation_workspace\bridge_roi_dataset\val\normal\7_22a4fc2d44_n01.jpg,E:\Xray\X光图片20260330\X光图片20260330\合格\2\5该文件夹里多为直插通孔类型\174\7.jpg,"(1139, 1422, 1604, 1887)"
val,normal,E:\Xray\Xray\pcb_xray_annotation_workspace\bridge_roi_dataset\val\normal\void_0033_e5854d0656_n00.jpg,E:\Xray\Xray\pcb_xray_annotation_workspace\images\void\void_0033.jpg,"(1511, 931, 1976, 1396)"
val,normal,E:\Xray\Xray\pcb_xray_annotation_workspace\bridge_roi_dataset\val\normal\void_0033_e5854d0656_n01.jpg,E:\Xray\Xray\pcb_xray_annotation_workspace\images\void\void_0033.jpg,"(1999, 670, 2464, 1135)"
val,normal,E:\Xray\Xray\pcb_xray_annotation_workspace\bridge_roi_dataset\val\normal\10_a03bf57ef1_n00.jpg,E:\Xray\X光图片20260330\X光图片20260330\合格\1\表贴及连接器通孔1\AP6\73\10.jpg,"(2383, 5, 2848, 470)"
val,normal,E:\Xray\Xray\pcb_xray_annotation_workspace\bridge_roi_dataset\val\normal\10_a03bf57ef1_n01.jpg,E:\Xray\X光图片20260330\X光图片20260330\合格\1\表贴及连接器通孔1\AP6\73\10.jpg,"(381, 1496, 846, 1961)"
val,normal,E:\Xray\Xray\pcb_xray_annotation_workspace\bridge_roi_dataset\val\normal\void_0034_9317b32faf_n00.jpg,E:\Xray\Xray\pcb_xray_annotation_workspace\images\void\void_0034.jpg,"(1877, 1300, 2342, 1765)"
val,normal,E:\Xray\Xray\pcb_xray_annotation_workspace\bridge_roi_dataset\val\normal\void_0034_9317b32faf_n01.jpg,E:\Xray\Xray\pcb_xray_annotation_workspace\images\void\void_0034.jpg,"(2720, 1428, 3185, 1893)"
val,normal,E:\Xray\Xray\pcb_xray_annotation_workspace\bridge_roi_dataset\val\normal\2_b69ac84886_n00.jpg,E:\Xray\X光图片20260330\X光图片20260330\合格\1\表贴及连接器通孔\AP5\74\2.jpg,"(1467, 129, 1932, 594)"
val,normal,E:\Xray\Xray\pcb_xray_annotation_workspace\bridge_roi_dataset\val\normal\2_b69ac84886_n01.jpg,E:\Xray\X光图片20260330\X光图片20260330\合格\1\表贴及连接器通孔\AP5\74\2.jpg,"(2189, 814, 2654, 1279)"
val,normal,E:\Xray\Xray\pcb_xray_annotation_workspace\bridge_roi_dataset\val\normal\7_4acfad792b_n00.jpg,E:\Xray\X光图片20260330\X光图片20260330\合格\4\3\7.jpg,"(892, 879, 1357, 1344)"
val,normal,E:\Xray\Xray\pcb_xray_annotation_workspace\bridge_roi_dataset\val\normal\7_4acfad792b_n01.jpg,E:\Xray\X光图片20260330\X光图片20260330\合格\4\3\7.jpg,"(867, 1013, 1332, 1478)"
val,normal,E:\Xray\Xray\pcb_xray_annotation_workspace\bridge_roi_dataset\val\normal\13_e9d3db89dc_n00.jpg,E:\Xray\X光图片20260330\X光图片20260330\合格\1\表贴及连接器通孔1\AP6\73\13.jpg,"(1099, 661, 1564, 1126)"
val,normal,E:\Xray\Xray\pcb_xray_annotation_workspace\bridge_roi_dataset\val\normal\13_e9d3db89dc_n01.jpg,E:\Xray\X光图片20260330\X光图片20260330\合格\1\表贴及连接器通孔1\AP6\73\13.jpg,"(1161, 691, 1626, 1156)"
val,normal,E:\Xray\Xray\pcb_xray_annotation_workspace\bridge_roi_dataset\val\normal\7_1b2d38958f_n00.jpg,E:\Xray\X光图片20260330\X光图片20260330\合格\1\表贴及连接器通孔\AP3\73\7.jpg,"(2241, 1183, 2706, 1648)"
val,normal,E:\Xray\Xray\pcb_xray_annotation_workspace\bridge_roi_dataset\val\normal\7_1b2d38958f_n01.jpg,E:\Xray\X光图片20260330\X光图片20260330\合格\1\表贴及连接器通孔\AP3\73\7.jpg,"(534, 1159, 999, 1624)"
val,normal,E:\Xray\Xray\pcb_xray_annotation_workspace\bridge_roi_dataset\val\normal\9_17c7c758ec_n00.jpg,E:\Xray\X光图片20260330\X光图片20260330\合格\2\3表贴，存在直插通孔\AP5\11\9.jpg,"(1987, 1614, 2452, 2079)"
val,normal,E:\Xray\Xray\pcb_xray_annotation_workspace\bridge_roi_dataset\val\normal\9_17c7c758ec_n01.jpg,E:\Xray\X光图片20260330\X光图片20260330\合格\2\3表贴，存在直插通孔\AP5\11\9.jpg,"(1407, 1397, 1872, 1862)"
val,normal,E:\Xray\Xray\pcb_xray_annotation_workspace\bridge_roi_dataset\val\normal\insufficient_through_solder_0013_1cbfa62cfc_n00.jpg,E:\Xray\Xray\pcb_xray_annotation_workspace\images\insufficient_through_solder\insufficient_through_solder_0013.jpg,"(198, 94, 663, 559)"
val,normal,E:\Xray\Xray\pcb_xray_annotation_workspace\bridge_roi_dataset\val\normal\insufficient_through_solder_0013_1cbfa62cfc_n01.jpg,E:\Xray\Xray\pcb_xray_annotation_workspace\images\insufficient_through_solder\insufficient_through_solder_0013.jpg,"(407, 1282, 872, 1747)"
val,normal,E:\Xray\Xray\pcb_xray_annotation_workspace\bridge_roi_dataset\val\normal\8_a701886198_n00.jpg,E:\Xray\X光图片20260330\X光图片20260330\合格\2\4图片以表贴类型为主\101\8.jpg,"(1882, 33, 2347, 498)"
val,normal,E:\Xray\Xray\pcb_xray_annotation_workspace\bridge_roi_dataset\val\normal\8_a701886198_n01.jpg,E:\Xray\X光图片20260330\X光图片20260330\合格\2\4图片以表贴类型为主\101\8.jpg,"(508, 323, 973, 788)"
val,normal,E:\Xray\Xray\pcb_xray_annotation_workspace\bridge_roi_dataset\val\normal\11_9fc93b2344_n00.jpg,E:\Xray\X光图片20260330\X光图片20260330\合格\2\5该文件夹里多为直插通孔类型\194\11.jpg,"(1807, 934, 2272, 1399)"
val,normal,E:\Xray\Xray\pcb_xray_annotation_workspace\bridge_roi_dataset\val\normal\11_9fc93b2344_n01.jpg,E:\Xray\X光图片20260330\X光图片20260330\合格\2\5该文件夹里多为直插通孔类型\194\11.jpg,"(2, 876, 467, 1341)"
val,normal,E:\Xray\Xray\pcb_xray_annotation_workspace\bridge_roi_dataset\val\normal\11_e6a71d145d_n00.jpg,E:\Xray\X光图片20260330\X光图片20260330\合格\3\2\27\11.jpg,"(828, 1410, 1293, 1875)"
val,normal,E:\Xray\Xray\pcb_xray_annotation_workspace\bridge_roi_dataset\val\normal\11_e6a71d145d_n01.jpg,E:\Xray\X光图片20260330\X光图片20260330\合格\3\2\27\11.jpg,"(540, 1331, 1005, 1796)"
val,normal,E:\Xray\Xray\pcb_xray_annotation_workspace\bridge_roi_dataset\val\normal\9_cadfaf8bd3_n00.jpg,E:\Xray\X光图片20260330\X光图片20260330\合格\1\表贴及连接器通孔\AP3\74\9.jpg,"(1236, 325, 1701, 790)"
val,normal,E:\Xray\Xray\pcb_xray_annotation_workspace\bridge_roi_dataset\val\normal\9_cadfaf8bd3_n01.jpg,E:\Xray\X光图片20260330\X光图片20260330\合格\1\表贴及连接器通孔\AP3\74\9.jpg,"(1122, 191, 1587, 656)"
val,normal,E:\Xray\Xray\pcb_xray_annotation_workspace\bridge_roi_dataset\val\normal\3_0419d3cb44_n00.jpg,E:\Xray\X光图片20260330\X光图片20260330\合格\2\5该文件夹里多为直插通孔类型\175\3.jpg,"(2681, 738, 3146, 1203)"
val,normal,E:\Xray\Xray\pcb_xray_annotation_workspace\bridge_roi_dataset\val\normal\3_0419d3cb44_n01.jpg,E:\Xray\X光图片20260330\X光图片20260330\合格\2\5该文件夹里多为直插通孔类型\175\3.jpg,"(1025, 168, 1490, 633)"
val,normal,E:\Xray\Xray\pcb_xray_annotation_workspace\bridge_roi_dataset\val\normal\insufficient_through_solder_0098_a32b8db206_n00.jpg,E:\Xray\Xray\pcb_xray_annotation_workspace\images\insufficient_through_solder\insufficient_through_solder_0098.jpg,"(380, 42, 845, 507)"
val,normal,E:\Xray\Xray\pcb_xray_annotation_workspace\bridge_roi_dataset\val\normal\insufficient_through_solder_0098_a32b8db206_n01.jpg,E:\Xray\Xray\pcb_xray_annotation_workspace\images\insufficient_through_solder\insufficient_through_solder_0098.jpg,"(53, 101, 518, 566)"
val,normal,E:\Xray\Xray\pcb_xray_annotation_workspace\bridge_roi_dataset\val\normal\3_77b72e431c_n00.jpg,E:\Xray\X光图片20260330\X光图片20260330\合格\2\4图片以表贴类型为主\101\3.jpg,"(2562, 625, 3027, 1090)"
val,normal,E:\Xray\Xray\pcb_xray_annotation_workspace\bridge_roi_dataset\val\normal\3_77b72e431c_n01.jpg,E:\Xray\X光图片20260330\X光图片20260330\合格\2\4图片以表贴类型为主\101\3.jpg,"(959, 879, 1424, 1344)"
val,normal,E:\Xray\Xray\pcb_xray_annotation_workspace\bridge_roi_dataset\val\normal\3_2134fb6d9f_n00.jpg,E:\Xray\X光图片20260330\X光图片20260330\合格\2\4图片以表贴类型为主\103\3.jpg,"(2684, 186, 3149, 651)"
val,normal,E:\Xray\Xray\pcb_xray_annotation_workspace\bridge_roi_dataset\val\normal\3_2134fb6d9f_n01.jpg,E:\Xray\X光图片20260330\X光图片20260330\合格\2\4图片以表贴类型为主\103\3.jpg,"(389, 2, 854, 467)"
val,normal,E:\Xray\Xray\pcb_xray_annotation_workspace\bridge_roi_dataset\val\normal\9_ec5a0b18be_n00.jpg,E:\Xray\X光图片20260330\X光图片20260330\合格\1\表贴及连接器通孔1\AP7\74\9.jpg,"(874, 976, 1339, 1441)"
val,normal,E:\Xray\Xray\pcb_xray_annotation_workspace\bridge_roi_dataset\val\normal\9_ec5a0b18be_n01.jpg,E:\Xray\X光图片20260330\X光图片20260330\合格\1\表贴及连接器通孔1\AP7\74\9.jpg,"(319, 271, 784, 736)"
val,normal,E:\Xray\Xray\pcb_xray_annotation_workspace\bridge_roi_dataset\val\normal\4_06845fb1fc_n00.jpg,E:\Xray\X光图片20260330\X光图片20260330\合格\2\5该文件夹里多为直插通孔类型\185\4.jpg,"(2431, 463, 2896, 928)"
val,normal,E:\Xray\Xray\pcb_xray_annotation_workspace\bridge_roi_dataset\val\normal\4_06845fb1fc_n01.jpg,E:\Xray\X光图片20260330\X光图片20260330\合格\2\5该文件夹里多为直插通孔类型\185\4.jpg,"(2127, 1392, 2592, 1857)"
val,normal,E:\Xray\Xray\pcb_xray_annotation_workspace\bridge_roi_dataset\val\normal\15_bdb119d672_n00.jpg,E:\Xray\X光图片20260330\X光图片20260330\合格\2\5该文件夹里多为直插通孔类型\191\15.jpg,"(1822, 19, 2287, 484)"
val,normal,E:\Xray\Xray\pcb_xray_annotation_workspace\bridge_roi_dataset\val\normal\15_bdb119d672_n01.jpg,E:\Xray\X光图片20260330\X光图片20260330\合格\2\5该文件夹里多为直插通孔类型\191\15.jpg,"(33, 1424, 498, 1889)"
val,normal,E:\Xray\Xray\pcb_xray_annotation_workspace\bridge_roi_dataset\val\normal\1_2b0cc05e4d_n00.jpg,E:\Xray\X光图片20260330\X光图片20260330\合格\2\5该文件夹里多为直插通孔类型\184\1.jpg,"(1407, 246, 1872, 711)"
val,normal,E:\Xray\Xray\pcb_xray_annotation_workspace\bridge_roi_dataset\val\normal\1_2b0cc05e4d_n01.jpg,E:\Xray\X光图片20260330\X光图片20260330\合格\2\5该文件夹里多为直插通孔类型\184\1.jpg,"(1729, 1421, 2194, 1886)"
val,normal,E:\Xray\Xray\pcb_xray_annotation_workspace\bridge_roi_dataset\val\normal\insufficient_through_solder_0061_c39ac2958c_n00.jpg,E:\Xray\Xray\pcb_xray_annotation_workspace\images\insufficient_through_solder\insufficient_through_solder_0061.jpg,"(270, 978, 735, 1443)"
val,normal,E:\Xray\Xray\pcb_xray_annotation_workspace\bridge_roi_dataset\val\normal\insufficient_through_solder_0061_c39ac2958c_n01.jpg,E:\Xray\Xray\pcb_xray_annotation_workspace\images\insufficient_through_solder\insufficient_through_solder_0061.jpg,"(145, 468, 610, 933)"
val,normal,E:\Xray\Xray\pcb_xray_annotation_workspace\bridge_roi_dataset\val\normal\1_3432fe9a8b_n00.jpg,E:\Xray\X光图片20260330\X光图片20260330\合格\4\6\1.jpg,"(1569, 182, 2034, 647)"
val,normal,E:\Xray\Xray\pcb_xray_annotation_workspace\bridge_roi_dataset\val\normal\1_3432fe9a8b_n01.jpg,E:\Xray\X光图片20260330\X光图片20260330\合格\4\6\1.jpg,"(419, 211, 884, 676)"
val,normal,E:\Xray\Xray\pcb_xray_annotation_workspace\bridge_roi_dataset\val\normal\insufficient_through_solder_0015_e33bffeb3b_n00.jpg,E:\Xray\Xray\pcb_xray_annotation_workspace\images\insufficient_through_solder\insufficient_through_solder_0015.jpg,"(1283, 752, 1748, 1217)"
val,normal,E:\Xray\Xray\pcb_xray_annotation_workspace\bridge_roi_dataset\val\normal\insufficient_through_solder_0015_e33bffeb3b_n01.jpg,E:\Xray\Xray\pcb_xray_annotation_workspace\images\insufficient_through_solder\insufficient_through_solder_0015.jpg,"(1225, 280, 1690, 745)"
val,normal,E:\Xray\Xray\pcb_xray_annotation_workspace\bridge_roi_dataset\val\normal\void_0037_925ecd6428_n00.jpg,E:\Xray\Xray\pcb_xray_annotation_workspace\images\void\void_0037.jpg,"(1567, 1584, 2032, 2049)"
val,normal,E:\Xray\Xray\pcb_xray_annotation_workspace\bridge_roi_dataset\val\normal\void_0037_925ecd6428_n01.jpg,E:\Xray\Xray\pcb_xray_annotation_workspace\images\void\void_0037.jpg,"(545, 1313, 1010, 1778)"
val,normal,E:\Xray\Xray\pcb_xray_annotation_workspace\bridge_roi_dataset\val\normal\13_91c5d474de_n00.jpg,E:\Xray\X光图片20260330\X光图片20260330\合格\2\5该文件夹里多为直插通孔类型\173\13.jpg,"(585, 140, 1050, 605)"
val,normal,E:\Xray\Xray\pcb_xray_annotation_workspace\bridge_roi_dataset\val\normal\13_91c5d474de_n01.jpg,E:\Xray\X光图片20260330\X光图片20260330\合格\2\5该文件夹里多为直插通孔类型\173\13.jpg,"(2172, 1153, 2637, 1618)"
val,normal,E:\Xray\Xray\pcb_xray_annotation_workspace\bridge_roi_dataset\val\normal\通孔1_9d65e51286_n00.jpg,E:\Xray\X光图片20260330\X光图片20260330\合格\2\2多为直插通孔\37\通孔1.jpg,"(34, 1249, 499, 1714)"
val,normal,E:\Xray\Xray\pcb_xray_annotation_workspace\bridge_roi_dataset\val\normal\通孔1_9d65e51286_n01.jpg,E:\Xray\X光图片20260330\X光图片20260330\合格\2\2多为直插通孔\37\通孔1.jpg,"(2662, 336, 3127, 801)"
val,normal,E:\Xray\Xray\pcb_xray_annotation_workspace\bridge_roi_dataset\val\normal\insufficient_through_solder_0059_9928088fff_n00.jpg,E:\Xray\Xray\pcb_xray_annotation_workspace\images\insufficient_through_solder\insufficient_through_solder_0059.jpg,"(901, 719, 1366, 1184)"
val,normal,E:\Xray\Xray\pcb_xray_annotation_workspace\bridge_roi_dataset\val\normal\insufficient_through_solder_0059_9928088fff_n01.jpg,E:\Xray\Xray\pcb_xray_annotation_workspace\images\insufficient_through_solder\insufficient_through_solder_0059.jpg,"(1479, 436, 1944, 901)"
val,normal,E:\Xray\Xray\pcb_xray_annotation_workspace\bridge_roi_dataset\val\normal\void_0028_16df26507a_n00.jpg,E:\Xray\Xray\pcb_xray_annotation_workspace\images\void\void_0028.jpg,"(2572, 1532, 3037, 1997)"
val,normal,E:\Xray\Xray\pcb_xray_annotation_workspace\bridge_roi_dataset\val\normal\void_0028_16df26507a_n01.jpg,E:\Xray\Xray\pcb_xray_annotation_workspace\images\void\void_0028.jpg,"(620, 843, 1085, 1308)"
val,normal,E:\Xray\Xray\pcb_xray_annotation_workspace\bridge_roi_dataset\val\normal\7_b40a96a03d_n00.jpg,E:\Xray\X光图片20260330\X光图片20260330\合格\2\5该文件夹里多为直插通孔类型\182\7.jpg,"(2523, 1406, 2988, 1871)"
val,normal,E:\Xray\Xray\pcb_xray_annotation_workspace\bridge_roi_dataset\val\normal\7_b40a96a03d_n01.jpg,E:\Xray\X光图片20260330\X光图片20260330\合格\2\5该文件夹里多为直插通孔类型\182\7.jpg,"(1812, 444, 2277, 909)"
val,normal,E:\Xray\Xray\pcb_xray_annotation_workspace\bridge_roi_dataset\val\normal\7_fc104c1ac9_n00.jpg,E:\Xray\X光图片20260330\X光图片20260330\合格\3\3\27\7.jpg,"(355, 205, 820, 670)"
val,normal,E:\Xray\Xray\pcb_xray_annotation_workspace\bridge_roi_dataset\val\normal\7_fc104c1ac9_n01.jpg,E:\Xray\X光图片20260330\X光图片20260330\合格\3\3\27\7.jpg,"(573, 1541, 1038, 2006)"
val,normal,E:\Xray\Xray\pcb_xray_annotation_workspace\bridge_roi_dataset\val\normal\9_d4cd91f55a_n00.jpg,E:\Xray\X光图片20260330\X光图片20260330\合格\2\5该文件夹里多为直插通孔类型\191\9.jpg,"(504, 1207, 969, 1672)"
val,normal,E:\Xray\Xray\pcb_xray_annotation_workspace\bridge_roi_dataset\val\normal\9_d4cd91f55a_n01.jpg,E:\Xray\X光图片20260330\X光图片20260330\合格\2\5该文件夹里多为直插通孔类型\191\9.jpg,"(1572, 719, 2037, 1184)"
val,normal,E:\Xray\Xray\pcb_xray_annotation_workspace\bridge_roi_dataset\val\normal\void_0017_f16c341816_n00.jpg,E:\Xray\Xray\pcb_xray_annotation_workspace\images\void\void_0017.jpg,"(1758, 644, 2223, 1109)"
val,normal,E:\Xray\Xray\pcb_xray_annotation_workspace\bridge_roi_dataset\val\normal\void_0017_f16c341816_n01.jpg,E:\Xray\Xray\pcb_xray_annotation_workspace\images\void\void_0017.jpg,"(572, 507, 1037, 972)"
val,normal,E:\Xray\Xray\pcb_xray_annotation_workspace\bridge_roi_dataset\val\normal\1_1ee905e8cf_n00.jpg,E:\Xray\X光图片20260330\X光图片20260330\合格\1\通孔1\ap2\通孔2\1.jpg,"(1134, 1320, 1599, 1785)"
val,normal,E:\Xray\Xray\pcb_xray_annotation_workspace\bridge_roi_dataset\val\normal\1_1ee905e8cf_n01.jpg,E:\Xray\X光图片20260330\X光图片20260330\合格\1\通孔1\ap2\通孔2\1.jpg,"(345, 508, 810, 973)"
val,normal,E:\Xray\Xray\pcb_xray_annotation_workspace\bridge_roi_dataset\val\normal\7_debe2d9eac_n00.jpg,E:\Xray\X光图片20260330\X光图片20260330\合格\2\5该文件夹里多为直插通孔类型\193\7.jpg,"(2266, 1230, 2731, 1695)"
val,normal,E:\Xray\Xray\pcb_xray_annotation_workspace\bridge_roi_dataset\val\normal\7_debe2d9eac_n01.jpg,E:\Xray\X光图片20260330\X光图片20260330\合格\2\5该文件夹里多为直插通孔类型\193\7.jpg,"(2457, 1476, 2922, 1941)"
val,normal,E:\Xray\Xray\pcb_xray_annotation_workspace\bridge_roi_dataset\val\normal\5_42fba73e2b_n00.jpg,E:\Xray\X光图片20260330\X光图片20260330\合格\2\5该文件夹里多为直插通孔类型\187\5.jpg,"(2488, 583, 2953, 1048)"
val,normal,E:\Xray\Xray\pcb_xray_annotation_workspace\bridge_roi_dataset\val\normal\5_42fba73e2b_n01.jpg,E:\Xray\X光图片20260330\X光图片20260330\合格\2\5该文件夹里多为直插通孔类型\187\5.jpg,"(109, 1348, 574, 1813)"
val,normal,E:\Xray\Xray\pcb_xray_annotation_workspace\bridge_roi_dataset\val\normal\insufficient_through_solder_0003_3870cb75cb_n00.jpg,E:\Xray\Xray\pcb_xray_annotation_workspace\images\insufficient_through_solder\insufficient_through_solder_0003.jpg,"(1235, 420, 1700, 885)"
val,normal,E:\Xray\Xray\pcb_xray_annotation_workspace\bridge_roi_dataset\val\normal\insufficient_through_solder_0003_3870cb75cb_n01.jpg,E:\Xray\Xray\pcb_xray_annotation_workspace\images\insufficient_through_solder\insufficient_through_solder_0003.jpg,"(2120, 1242, 2585, 1707)"
val,normal,E:\Xray\Xray\pcb_xray_annotation_workspace\bridge_roi_dataset\val\normal\8_7fe01bb22d_n00.jpg,E:\Xray\X光图片20260330\X光图片20260330\合格\1\表贴及连接器通孔2\073\8.jpg,"(2087, 386, 2552, 851)"
val,normal,E:\Xray\Xray\pcb_xray_annotation_workspace\bridge_roi_dataset\val\normal\8_7fe01bb22d_n01.jpg,E:\Xray\X光图片20260330\X光图片20260330\合格\1\表贴及连接器通孔2\073\8.jpg,"(1604, 605, 2069, 1070)"
val,normal,E:\Xray\Xray\pcb_xray_annotation_workspace\bridge_roi_dataset\val\normal\5_154cdcd2bb_n00.jpg,E:\Xray\X光图片20260330\X光图片20260330\合格\1\表贴及连接器通孔2\073\5.jpg,"(2646, 111, 3111, 576)"
val,normal,E:\Xray\Xray\pcb_xray_annotation_workspace\bridge_roi_dataset\val\normal\5_154cdcd2bb_n01.jpg,E:\Xray\X光图片20260330\X光图片20260330\合格\1\表贴及连接器通孔2\073\5.jpg,"(980, 1013, 1445, 1478)"
val,normal,E:\Xray\Xray\pcb_xray_annotation_workspace\bridge_roi_dataset\val\normal\2_2057346517_n00.jpg,E:\Xray\X光图片20260330\X光图片20260330\合格\2\5该文件夹里多为直插通孔类型\192\2.jpg,"(1580, 230, 2045, 695)"
val,normal,E:\Xray\Xray\pcb_xray_annotation_workspace\bridge_roi_dataset\val\normal\2_2057346517_n01.jpg,E:\Xray\X光图片20260330\X光图片20260330\合格\2\5该文件夹里多为直插通孔类型\192\2.jpg,"(987, 1023, 1452, 1488)"
val,normal,E:\Xray\Xray\pcb_xray_annotation_workspace\bridge_roi_dataset\val\normal\11_9df79b4514_n00.jpg,E:\Xray\X光图片20260330\X光图片20260330\合格\1\表贴及连接器通孔1\AP6\73\11.jpg,"(2613, 1216, 3078, 1681)"
val,normal,E:\Xray\Xray\pcb_xray_annotation_workspace\bridge_roi_dataset\val\normal\11_9df79b4514_n01.jpg,E:\Xray\X光图片20260330\X光图片20260330\合格\1\表贴及连接器通孔1\AP6\73\11.jpg,"(290, 1081, 755, 1546)"
val,normal,E:\Xray\Xray\pcb_xray_annotation_workspace\bridge_roi_dataset\val\normal\5_7155a874d8_n00.jpg,E:\Xray\X光图片20260330\X光图片20260330\合格\2\5该文件夹里多为直插通孔类型\188\5.jpg,"(49, 739, 514, 1204)"
val,normal,E:\Xray\Xray\pcb_xray_annotation_workspace\bridge_roi_dataset\val\normal\5_7155a874d8_n01.jpg,E:\Xray\X光图片20260330\X光图片20260330\合格\2\5该文件夹里多为直插通孔类型\188\5.jpg,"(1296, 270, 1761, 735)"
val,normal,E:\Xray\Xray\pcb_xray_annotation_workspace\bridge_roi_dataset\val\normal\14_f5ea27c9cc_n00.jpg,E:\Xray\X光图片20260330\X光图片20260330\合格\1\表贴及连接器通孔1\AP6\74\14.jpg,"(1584, 1164, 2049, 1629)"
val,normal,E:\Xray\Xray\pcb_xray_annotation_workspace\bridge_roi_dataset\val\normal\14_f5ea27c9cc_n01.jpg,E:\Xray\X光图片20260330\X光图片20260330\合格\1\表贴及连接器通孔1\AP6\74\14.jpg,"(1723, 748, 2188, 1213)"
val,normal,E:\Xray\Xray\pcb_xray_annotation_workspace\bridge_roi_dataset\val\normal\void_0101_ea7033cefe_n00.jpg,E:\Xray\Xray\pcb_xray_annotation_workspace\images\void\void_0101.jpg,"(1118, 353, 1583, 818)"
val,normal,E:\Xray\Xray\pcb_xray_annotation_workspace\bridge_roi_dataset\val\normal\void_0101_ea7033cefe_n01.jpg,E:\Xray\Xray\pcb_xray_annotation_workspace\images\void\void_0101.jpg,"(1562, 964, 2027, 1429)"
val,normal,E:\Xray\Xray\pcb_xray_annotation_workspace\bridge_roi_dataset\val\normal\void_0027_0309686227_n00.jpg,E:\Xray\Xray\pcb_xray_annotation_workspace\images\void\void_0027.jpg,"(298, 34, 763, 499)"
val,normal,E:\Xray\Xray\pcb_xray_annotation_workspace\bridge_roi_dataset\val\normal\void_0027_0309686227_n01.jpg,E:\Xray\Xray\pcb_xray_annotation_workspace\images\void\void_0027.jpg,"(2405, 138, 2870, 603)"
val,normal,E:\Xray\Xray\pcb_xray_annotation_workspace\bridge_roi_dataset\val\normal\8_249f3b6bd8_n00.jpg,E:\Xray\X光图片20260330\X光图片20260330\合格\2\4图片以表贴类型为主\102\8.jpg,"(56, 536, 521, 1001)"
val,normal,E:\Xray\Xray\pcb_xray_annotation_workspace\bridge_roi_dataset\val\normal\8_249f3b6bd8_n01.jpg,E:\Xray\X光图片20260330\X光图片20260330\合格\2\4图片以表贴类型为主\102\8.jpg,"(883, 81, 1348, 546)"
val,normal,E:\Xray\Xray\pcb_xray_annotation_workspace\bridge_roi_dataset\val\normal\11_abd3a02951_n00.jpg,E:\Xray\X光图片20260330\X光图片20260330\合格\1\表贴及连接器通孔\AP5\74\11.jpg,"(247, 1616, 712, 2081)"
val,normal,E:\Xray\Xray\pcb_xray_annotation_workspace\bridge_roi_dataset\val\normal\11_abd3a02951_n01.jpg,E:\Xray\X光图片20260330\X光图片20260330\合格\1\表贴及连接器通孔\AP5\74\11.jpg,"(1630, 1037, 2095, 1502)"
val,normal,E:\Xray\Xray\pcb_xray_annotation_workspace\bridge_roi_dataset\val\normal\7_315e934b41_n00.jpg,E:\Xray\X光图片20260330\X光图片20260330\合格\2\4图片以表贴类型为主\102\7.jpg,"(1173, 1287, 1638, 1752)"
val,normal,E:\Xray\Xray\pcb_xray_annotation_workspace\bridge_roi_dataset\val\normal\7_315e934b41_n01.jpg,E:\Xray\X光图片20260330\X光图片20260330\合格\2\4图片以表贴类型为主\102\7.jpg,"(2052, 1571, 2517, 2036)"
val,normal,E:\Xray\Xray\pcb_xray_annotation_workspace\bridge_roi_dataset\val\normal\9_a0af23b4df_n00.jpg,E:\Xray\X光图片20260330\X光图片20260330\合格\2\5该文件夹里多为直插通孔类型\172\9.jpg,"(1701, 867, 2166, 1332)"
val,normal,E:\Xray\Xray\pcb_xray_annotation_workspace\bridge_roi_dataset\val\normal\9_a0af23b4df_n01.jpg,E:\Xray\X光图片20260330\X光图片20260330\合格\2\5该文件夹里多为直插通孔类型\172\9.jpg,"(1647, 168, 2112, 633)"
val,normal,E:\Xray\Xray\pcb_xray_annotation_workspace\bridge_roi_dataset\val\normal\4_d79487ca79_n00.jpg,E:\Xray\X光图片20260330\X光图片20260330\合格\2\5该文件夹里多为直插通孔类型\177\4.jpg,"(2623, 1098, 3088, 1563)"
val,normal,E:\Xray\Xray\pcb_xray_annotation_workspace\bridge_roi_dataset\val\normal\4_d79487ca79_n01.jpg,E:\Xray\X光图片20260330\X光图片20260330\合格\2\5该文件夹里多为直插通孔类型\177\4.jpg,"(2202, 1261, 2667, 1726)"
val,normal,E:\Xray\Xray\pcb_xray_annotation_workspace\bridge_roi_dataset\val\normal\insufficient_through_solder_0081_3ac3d2b67b_n00.jpg,E:\Xray\Xray\pcb_xray_annotation_workspace\images\insufficient_through_solder\insufficient_through_solder_0081.jpg,"(312, 568, 777, 1033)"
val,normal,E:\Xray\Xray\pcb_xray_annotation_workspace\bridge_roi_dataset\val\normal\insufficient_through_solder_0081_3ac3d2b67b_n01.jpg,E:\Xray\Xray\pcb_xray_annotation_workspace\images\insufficient_through_solder\insufficient_through_solder_0081.jpg,"(171, 634, 636, 1099)"
val,normal,E:\Xray\Xray\pcb_xray_annotation_workspace\bridge_roi_dataset\val\normal\7_331790a0ab_n00.jpg,E:\Xray\X光图片20260330\X光图片20260330\合格\1\表贴及连接器通孔\AP3\74\7.jpg,"(323, 1047, 788, 1512)"
val,normal,E:\Xray\Xray\pcb_xray_annotation_workspace\bridge_roi_dataset\val\normal\7_331790a0ab_n01.jpg,E:\Xray\X光图片20260330\X光图片20260330\合格\1\表贴及连接器通孔\AP3\74\7.jpg,"(832, 1654, 1297, 2119)"
val,normal,E:\Xray\Xray\pcb_xray_annotation_workspace\bridge_roi_dataset\val\normal\8_95d045cea4_n00.jpg,E:\Xray\X光图片20260330\X光图片20260330\合格\2\5该文件夹里多为直插通孔类型\188\8.jpg,"(636, 1098, 1101, 1563)"
val,normal,E:\Xray\Xray\pcb_xray_annotation_workspace\bridge_roi_dataset\val\normal\8_95d045cea4_n01.jpg,E:\Xray\X光图片20260330\X光图片20260330\合格\2\5该文件夹里多为直插通孔类型\188\8.jpg,"(1338, 800, 1803, 1265)"
val,normal,E:\Xray\Xray\pcb_xray_annotation_workspace\bridge_roi_dataset\val\normal\12_3c8b16c156_n00.jpg,E:\Xray\X光图片20260330\X光图片20260330\合格\2\5该文件夹里多为直插通孔类型\174\12.jpg,"(2402, 1299, 2867, 1764)"
val,normal,E:\Xray\Xray\pcb_xray_annotation_workspace\bridge_roi_dataset\val\normal\12_3c8b16c156_n01.jpg,E:\Xray\X光图片20260330\X光图片20260330\合格\2\5该文件夹里多为直插通孔类型\174\12.jpg,"(2661, 1394, 3126, 1859)"
val,normal,E:\Xray\Xray\pcb_xray_annotation_workspace\bridge_roi_dataset\val\normal\10_d28568278d_n00.jpg,E:\Xray\X光图片20260330\X光图片20260330\合格\3\3\27\10.jpg,"(2634, 135, 3099, 600)"
val,normal,E:\Xray\Xray\pcb_xray_annotation_workspace\bridge_roi_dataset\val\normal\10_d28568278d_n01.jpg,E:\Xray\X光图片20260330\X光图片20260330\合格\3\3\27\10.jpg,"(1270, 1430, 1735, 1895)"
val,normal,E:\Xray\Xray\pcb_xray_annotation_workspace\bridge_roi_dataset\val\normal\10_38d688b2c6_n00.jpg,E:\Xray\X光图片20260330\X光图片20260330\合格\1\表贴及连接器通孔\AP3\73\10.jpg,"(1791, 1494, 2256, 1959)"
val,normal,E:\Xray\Xray\pcb_xray_annotation_workspace\bridge_roi_dataset\val\normal\10_38d688b2c6_n01.jpg,E:\Xray\X光图片20260330\X光图片20260330\合格\1\表贴及连接器通孔\AP3\73\10.jpg,"(977, 118, 1442, 583)"
val,normal,E:\Xray\Xray\pcb_xray_annotation_workspace\bridge_roi_dataset\val\normal\11_0374fc7929_n00.jpg,E:\Xray\X光图片20260330\X光图片20260330\合格\2\5该文件夹里多为直插通孔类型\192\11.jpg,"(1001, 176, 1466, 641)"
val,normal,E:\Xray\Xray\pcb_xray_annotation_workspace\bridge_roi_dataset\val\normal\11_0374fc7929_n01.jpg,E:\Xray\X光图片20260330\X光图片20260330\合格\2\5该文件夹里多为直插通孔类型\192\11.jpg,"(1779, 237, 2244, 702)"
val,normal,E:\Xray\Xray\pcb_xray_annotation_workspace\bridge_roi_dataset\val\normal\9_0ba7099bab_n00.jpg,E:\Xray\X光图片20260330\X光图片20260330\合格\2\5该文件夹里多为直插通孔类型\192\9.jpg,"(1857, 1253, 2322, 1718)"
val,normal,E:\Xray\Xray\pcb_xray_annotation_workspace\bridge_roi_dataset\val\normal\9_0ba7099bab_n01.jpg,E:\Xray\X光图片20260330\X光图片20260330\合格\2\5该文件夹里多为直插通孔类型\192\9.jpg,"(2493, 112, 2958, 577)"
val,normal,E:\Xray\Xray\pcb_xray_annotation_workspace\bridge_roi_dataset\val\normal\2_b622cab555_n00.jpg,E:\Xray\X光图片20260330\X光图片20260330\合格\1\通孔1\ap2\通孔1\2.jpg,"(1266, 1364, 1731, 1829)"
val,normal,E:\Xray\Xray\pcb_xray_annotation_workspace\bridge_roi_dataset\val\normal\2_b622cab555_n01.jpg,E:\Xray\X光图片20260330\X光图片20260330\合格\1\通孔1\ap2\通孔1\2.jpg,"(2695, 1516, 3160, 1981)"
val,normal,E:\Xray\Xray\pcb_xray_annotation_workspace\bridge_roi_dataset\val\normal\3_888b866b48_n00.jpg,E:\Xray\X光图片20260330\X光图片20260330\合格\2\5该文件夹里多为直插通孔类型\178\3.jpg,"(719, 244, 1184, 709)"
val,normal,E:\Xray\Xray\pcb_xray_annotation_workspace\bridge_roi_dataset\val\normal\3_888b866b48_n01.jpg,E:\Xray\X光图片20260330\X光图片20260330\合格\2\5该文件夹里多为直插通孔类型\178\3.jpg,"(51, 1449, 516, 1914)"
val,normal,E:\Xray\Xray\pcb_xray_annotation_workspace\bridge_roi_dataset\val\normal\insufficient_through_solder_0104_05e2fbac9a_n00.jpg,E:\Xray\Xray\pcb_xray_annotation_workspace\images\insufficient_through_solder\insufficient_through_solder_0104.jpg,"(140, 2, 605, 467)"
val,normal,E:\Xray\Xray\pcb_xray_annotation_workspace\bridge_roi_dataset\val\normal\insufficient_through_solder_0104_05e2fbac9a_n01.jpg,E:\Xray\Xray\pcb_xray_annotation_workspace\images\insufficient_through_solder\insufficient_through_solder_0104.jpg,"(167, 127, 632, 592)"
val,normal,E:\Xray\Xray\pcb_xray_annotation_workspace\bridge_roi_dataset\val\normal\3_58b0c73417_n00.jpg,E:\Xray\X光图片20260330\X光图片20260330\合格\2\2多为直插通孔\37\3.jpg,"(1420, 1071, 1885, 1536)"
val,normal,E:\Xray\Xray\pcb_xray_annotation_workspace\bridge_roi_dataset\val\normal\3_58b0c73417_n01.jpg,E:\Xray\X光图片20260330\X光图片20260330\合格\2\2多为直插通孔\37\3.jpg,"(2118, 1603, 2583, 2068)"
val,normal,E:\Xray\Xray\pcb_xray_annotation_workspace\bridge_roi_dataset\val\normal\void_0053_123173fe40_n00.jpg,E:\Xray\Xray\pcb_xray_annotation_workspace\images\void\void_0053.jpg,"(1684, 530, 2149, 995)"
val,normal,E:\Xray\Xray\pcb_xray_annotation_workspace\bridge_roi_dataset\val\normal\void_0053_123173fe40_n01.jpg,E:\Xray\Xray\pcb_xray_annotation_workspace\images\void\void_0053.jpg,"(341, 761, 806, 1226)"
val,normal,E:\Xray\Xray\pcb_xray_annotation_workspace\bridge_roi_dataset\val\normal\insufficient_through_solder_0070_0cd606224e_n00.jpg,E:\Xray\Xray\pcb_xray_annotation_workspace\images\insufficient_through_solder\insufficient_through_solder_0070.jpg,"(259, 550, 724, 1015)"
val,normal,E:\Xray\Xray\pcb_xray_annotation_workspace\bridge_roi_dataset\val\normal\insufficient_through_solder_0070_0cd606224e_n01.jpg,E:\Xray\Xray\pcb_xray_annotation_workspace\images\insufficient_through_solder\insufficient_through_solder_0070.jpg,"(1501, 241, 1966, 706)"
val,normal,E:\Xray\Xray\pcb_xray_annotation_workspace\bridge_roi_dataset\val\normal\7_b0ac782d2e_n00.jpg,E:\Xray\X光图片20260330\X光图片20260330\合格\4\4\7.jpg,"(120, 686, 585, 1151)"
val,normal,E:\Xray\Xray\pcb_xray_annotation_workspace\bridge_roi_dataset\val\normal\7_b0ac782d2e_n01.jpg,E:\Xray\X光图片20260330\X光图片20260330\合格\4\4\7.jpg,"(1758, 557, 2223, 1022)"
val,normal,E:\Xray\Xray\pcb_xray_annotation_workspace\bridge_roi_dataset\val\normal\11_b73f1a0558_n00.jpg,E:\Xray\X光图片20260330\X光图片20260330\合格\2\5该文件夹里多为直插通孔类型\172\11.jpg,"(2145, 130, 2610, 595)"
val,normal,E:\Xray\Xray\pcb_xray_annotation_workspace\bridge_roi_dataset\val\normal\11_b73f1a0558_n01.jpg,E:\Xray\X光图片20260330\X光图片20260330\合格\2\5该文件夹里多为直插通孔类型\172\11.jpg,"(1077, 1458, 1542, 1923)"
val,normal,E:\Xray\Xray\pcb_xray_annotation_workspace\bridge_roi_dataset\val\normal\1_27a7d28628_n00.jpg,E:\Xray\X光图片20260330\X光图片20260330\合格\4\3\1.jpg,"(2361, 1285, 2826, 1750)"
val,normal,E:\Xray\Xray\pcb_xray_annotation_workspace\bridge_roi_dataset\val\normal\1_27a7d28628_n01.jpg,E:\Xray\X光图片20260330\X光图片20260330\合格\4\3\1.jpg,"(315, 1016, 780, 1481)"
val,normal,E:\Xray\Xray\pcb_xray_annotation_workspace\bridge_roi_dataset\val\normal\8_6557a61200_n00.jpg,E:\Xray\X光图片20260330\X光图片20260330\合格\1\表贴及连接器通孔1\AP7\73\8.jpg,"(1864, 1046, 2329, 1511)"
val,normal,E:\Xray\Xray\pcb_xray_annotation_workspace\bridge_roi_dataset\val\normal\8_6557a61200_n01.jpg,E:\Xray\X光图片20260330\X光图片20260330\合格\1\表贴及连接器通孔1\AP7\73\8.jpg,"(1475, 113, 1940, 578)"
val,normal,E:\Xray\Xray\pcb_xray_annotation_workspace\bridge_roi_dataset\val\normal\6_485134f8a8_n00.jpg,E:\Xray\X光图片20260330\X光图片20260330\合格\2\5该文件夹里多为直插通孔类型\190\6.jpg,"(2046, 1160, 2511, 1625)"
val,normal,E:\Xray\Xray\pcb_xray_annotation_workspace\bridge_roi_dataset\val\normal\6_485134f8a8_n01.jpg,E:\Xray\X光图片20260330\X光图片20260330\合格\2\5该文件夹里多为直插通孔类型\190\6.jpg,"(683, 753, 1148, 1218)"
val,normal,E:\Xray\Xray\pcb_xray_annotation_workspace\bridge_roi_dataset\val\normal\5_e3a41529dc_n00.jpg,E:\Xray\X光图片20260330\X光图片20260330\合格\2\1多为直插通孔\37\5.jpg,"(644, 522, 1109, 987)"
val,normal,E:\Xray\Xray\pcb_xray_annotation_workspace\bridge_roi_dataset\val\normal\5_e3a41529dc_n01.jpg,E:\Xray\X光图片20260330\X光图片20260330\合格\2\1多为直插通孔\37\5.jpg,"(421, 1175, 886, 1640)"
val,normal,E:\Xray\Xray\pcb_xray_annotation_workspace\bridge_roi_dataset\val\normal\9_b53b60f549_n00.jpg,E:\Xray\X光图片20260330\X光图片20260330\合格\2\5该文件夹里多为直插通孔类型\189\9.jpg,"(472, 467, 937, 932)"
val,normal,E:\Xray\Xray\pcb_xray_annotation_workspace\bridge_roi_dataset\val\normal\9_b53b60f549_n01.jpg,E:\Xray\X光图片20260330\X光图片20260330\合格\2\5该文件夹里多为直插通孔类型\189\9.jpg,"(2084, 5, 2549, 470)"
val,normal,E:\Xray\Xray\pcb_xray_annotation_workspace\bridge_roi_dataset\val\normal\void_0076_02f2a65bb9_n00.jpg,E:\Xray\Xray\pcb_xray_annotation_workspace\images\void\void_0076.jpg,"(45, 3, 510, 468)"
val,normal,E:\Xray\Xray\pcb_xray_annotation_workspace\bridge_roi_dataset\val\normal\void_0076_02f2a65bb9_n01.jpg,E:\Xray\Xray\pcb_xray_annotation_workspace\images\void\void_0076.jpg,"(250, 11, 715, 476)"
val,normal,E:\Xray\Xray\pcb_xray_annotation_workspace\bridge_roi_dataset\val\normal\insufficient_through_solder_0064_8574f92015_n00.jpg,E:\Xray\Xray\pcb_xray_annotation_workspace\images\insufficient_through_solder\insufficient_through_solder_0064.jpg,"(966, 745, 1431, 1210)"
val,normal,E:\Xray\Xray\pcb_xray_annotation_workspace\bridge_roi_dataset\val\normal\insufficient_through_solder_0064_8574f92015_n01.jpg,E:\Xray\Xray\pcb_xray_annotation_workspace\images\insufficient_through_solder\insufficient_through_solder_0064.jpg,"(784, 307, 1249, 772)"
val,normal,E:\Xray\Xray\pcb_xray_annotation_workspace\bridge_roi_dataset\val\normal\insufficient_through_solder_0067_bd1b914611_n00.jpg,E:\Xray\Xray\pcb_xray_annotation_workspace\images\insufficient_through_solder\insufficient_through_solder_0067.jpg,"(366, 72, 831, 537)"
val,normal,E:\Xray\Xray\pcb_xray_annotation_workspace\bridge_roi_dataset\val\normal\insufficient_through_solder_0067_bd1b914611_n01.jpg,E:\Xray\Xray\pcb_xray_annotation_workspace\images\insufficient_through_solder\insufficient_through_solder_0067.jpg,"(1132, 858, 1597, 1323)"
val,normal,E:\Xray\Xray\pcb_xray_annotation_workspace\bridge_roi_dataset\val\normal\3_0789a9f602_n00.jpg,E:\Xray\X光图片20260330\X光图片20260330\合格\1\表贴及连接器通孔\AP3\73\3.jpg,"(919, 659, 1384, 1124)"
val,normal,E:\Xray\Xray\pcb_xray_annotation_workspace\bridge_roi_dataset\val\normal\3_0789a9f602_n01.jpg,E:\Xray\X光图片20260330\X光图片20260330\合格\1\表贴及连接器通孔\AP3\73\3.jpg,"(1016, 852, 1481, 1317)"
val,normal,E:\Xray\Xray\pcb_xray_annotation_workspace\bridge_roi_dataset\val\normal\void_0068_8bfe6e8a8a_n00.jpg,E:\Xray\Xray\pcb_xray_annotation_workspace\images\void\void_0068.jpg,"(1875, 655, 2340, 1120)"
val,normal,E:\Xray\Xray\pcb_xray_annotation_workspace\bridge_roi_dataset\val\normal\void_0068_8bfe6e8a8a_n01.jpg,E:\Xray\Xray\pcb_xray_annotation_workspace\images\void\void_0068.jpg,"(555, 159, 1020, 624)"
val,normal,E:\Xray\Xray\pcb_xray_annotation_workspace\bridge_roi_dataset\val\normal\3_6a8fcfe29c_n00.jpg,E:\Xray\X光图片20260330\X光图片20260330\合格\1\通孔1\ap1\通孔2\3.jpg,"(2341, 763, 2806, 1228)"
val,normal,E:\Xray\Xray\pcb_xray_annotation_workspace\bridge_roi_dataset\val\normal\3_6a8fcfe29c_n01.jpg,E:\Xray\X光图片20260330\X光图片20260330\合格\1\通孔1\ap1\通孔2\3.jpg,"(489, 1028, 954, 1493)"
val,normal,E:\Xray\Xray\pcb_xray_annotation_workspace\bridge_roi_dataset\val\normal\7_191d5bceec_n00.jpg,E:\Xray\X光图片20260330\X光图片20260330\合格\2\5该文件夹里多为直插通孔类型\183\7.jpg,"(215, 367, 680, 832)"
val,normal,E:\Xray\Xray\pcb_xray_annotation_workspace\bridge_roi_dataset\val\normal\7_191d5bceec_n01.jpg,E:\Xray\X光图片20260330\X光图片20260330\合格\2\5该文件夹里多为直插通孔类型\183\7.jpg,"(914, 1647, 1379, 2112)"
val,normal,E:\Xray\Xray\pcb_xray_annotation_workspace\bridge_roi_dataset\val\normal\void_0088_499e703c27_n00.jpg,E:\Xray\Xray\pcb_xray_annotation_workspace\images\void\void_0088.jpg,"(528, 11, 993, 476)"
val,normal,E:\Xray\Xray\pcb_xray_annotation_workspace\bridge_roi_dataset\val\normal\void_0088_499e703c27_n01.jpg,E:\Xray\Xray\pcb_xray_annotation_workspace\images\void\void_0088.jpg,"(410, 17, 875, 482)"
val,normal,E:\Xray\Xray\pcb_xray_annotation_workspace\bridge_roi_dataset\val\normal\13_71ceb3fe44_n00.jpg,E:\Xray\X光图片20260330\X光图片20260330\合格\1\表贴及连接器通孔1\AP7\74\13.jpg,"(1905, 578, 2370, 1043)"
val,normal,E:\Xray\Xray\pcb_xray_annotation_workspace\bridge_roi_dataset\val\normal\13_71ceb3fe44_n01.jpg,E:\Xray\X光图片20260330\X光图片20260330\合格\1\表贴及连接器通孔1\AP7\74\13.jpg,"(1272, 670, 1737, 1135)"
val,normal,E:\Xray\Xray\pcb_xray_annotation_workspace\bridge_roi_dataset\val\normal\void_0112_e33373e1e8_n00.jpg,E:\Xray\Xray\pcb_xray_annotation_workspace\images\void\void_0112.jpg,"(88, 141, 553, 606)"
val,normal,E:\Xray\Xray\pcb_xray_annotation_workspace\bridge_roi_dataset\val\normal\void_0112_e33373e1e8_n01.jpg,E:\Xray\Xray\pcb_xray_annotation_workspace\images\void\void_0112.jpg,"(467, 2, 932, 467)"
val,normal,E:\Xray\Xray\pcb_xray_annotation_workspace\bridge_roi_dataset\val\normal\1_970f0fb867_n00.jpg,E:\Xray\X光图片20260330\X光图片20260330\合格\4\5\1.jpg,"(1511, 410, 1976, 875)"
val,normal,E:\Xray\Xray\pcb_xray_annotation_workspace\bridge_roi_dataset\val\normal\1_970f0fb867_n01.jpg,E:\Xray\X光图片20260330\X光图片20260330\合格\4\5\1.jpg,"(1194, 1154, 1659, 1619)"
val,normal,E:\Xray\Xray\pcb_xray_annotation_workspace\bridge_roi_dataset\val\normal\void_0058_2fd1ceecf7_n00.jpg,E:\Xray\Xray\pcb_xray_annotation_workspace\images\void\void_0058.jpg,"(1606, 622, 2071, 1087)"
val,normal,E:\Xray\Xray\pcb_xray_annotation_workspace\bridge_roi_dataset\val\normal\void_0058_2fd1ceecf7_n01.jpg,E:\Xray\Xray\pcb_xray_annotation_workspace\images\void\void_0058.jpg,"(1514, 1275, 1979, 1740)"
val,normal,E:\Xray\Xray\pcb_xray_annotation_workspace\bridge_roi_dataset\val\normal\void_0093_4a5924a3cc_n00.jpg,E:\Xray\Xray\pcb_xray_annotation_workspace\images\void\void_0093.jpg,"(248, 118, 713, 583)"
val,normal,E:\Xray\Xray\pcb_xray_annotation_workspace\bridge_roi_dataset\val\normal\void_0093_4a5924a3cc_n01.jpg,E:\Xray\Xray\pcb_xray_annotation_workspace\images\void\void_0093.jpg,"(377, 151, 842, 616)"
val,normal,E:\Xray\Xray\pcb_xray_annotation_workspace\bridge_roi_dataset\val\normal\insufficient_through_solder_0026_a28741031c_n00.jpg,E:\Xray\Xray\pcb_xray_annotation_workspace\images\insufficient_through_solder\insufficient_through_solder_0026.jpg,"(2020, 1582, 2485, 2047)"
val,normal,E:\Xray\Xray\pcb_xray_annotation_workspace\bridge_roi_dataset\val\normal\insufficient_through_solder_0026_a28741031c_n01.jpg,E:\Xray\Xray\pcb_xray_annotation_workspace\images\insufficient_through_solder\insufficient_through_solder_0026.jpg,"(800, 1500, 1265, 1965)"
val,normal,E:\Xray\Xray\pcb_xray_annotation_workspace\bridge_roi_dataset\val\normal\3_6f6113674a_n00.jpg,E:\Xray\X光图片20260330\X光图片20260330\合格\1\表贴及连接器通孔1\AP7\74\3.jpg,"(2238, 1557, 2703, 2022)"
val,normal,E:\Xray\Xray\pcb_xray_annotation_workspace\bridge_roi_dataset\val\normal\3_6f6113674a_n01.jpg,E:\Xray\X光图片20260330\X光图片20260330\合格\1\表贴及连接器通孔1\AP7\74\3.jpg,"(1004, 308, 1469, 773)"
val,normal,E:\Xray\Xray\pcb_xray_annotation_workspace\bridge_roi_dataset\val\normal\insufficient_through_solder_0066_1e8fcddeae_n00.jpg,E:\Xray\Xray\pcb_xray_annotation_workspace\images\insufficient_through_solder\insufficient_through_solder_0066.jpg,"(13, 839, 478, 1304)"
val,normal,E:\Xray\Xray\pcb_xray_annotation_workspace\bridge_roi_dataset\val\normal\insufficient_through_solder_0066_1e8fcddeae_n01.jpg,E:\Xray\Xray\pcb_xray_annotation_workspace\images\insufficient_through_solder\insufficient_through_solder_0066.jpg,"(48, 477, 513, 942)"
val,normal,E:\Xray\Xray\pcb_xray_annotation_workspace\bridge_roi_dataset\val\normal\insufficient_through_solder_0107_b1106bb508_n00.jpg,E:\Xray\Xray\pcb_xray_annotation_workspace\images\insufficient_through_solder\insufficient_through_solder_0107.jpg,"(354, 2, 819, 467)"
val,normal,E:\Xray\Xray\pcb_xray_annotation_workspace\bridge_roi_dataset\val\normal\insufficient_through_solder_0107_b1106bb508_n01.jpg,E:\Xray\Xray\pcb_xray_annotation_workspace\images\insufficient_through_solder\insufficient_through_solder_0107.jpg,"(343, 0, 808, 465)"
val,normal,E:\Xray\Xray\pcb_xray_annotation_workspace\bridge_roi_dataset\val\normal\1_1baefce27e_n00.jpg,E:\Xray\X光图片20260330\X光图片20260330\合格\1\表贴及连接器通孔\AP3\74\1.jpg,"(2692, 770, 3157, 1235)"
val,normal,E:\Xray\Xray\pcb_xray_annotation_workspace\bridge_roi_dataset\val\normal\1_1baefce27e_n01.jpg,E:\Xray\X光图片20260330\X光图片20260330\合格\1\表贴及连接器通孔\AP3\74\1.jpg,"(1259, 212, 1724, 677)"
val,normal,E:\Xray\Xray\pcb_xray_annotation_workspace\bridge_roi_dataset\val\normal\10_00c91be106_n00.jpg,E:\Xray\X光图片20260330\X光图片20260330\合格\2\5该文件夹里多为直插通孔类型\194\10.jpg,"(840, 1085, 1305, 1550)"
val,normal,E:\Xray\Xray\pcb_xray_annotation_workspace\bridge_roi_dataset\val\normal\10_00c91be106_n01.jpg,E:\Xray\X光图片20260330\X光图片20260330\合格\2\5该文件夹里多为直插通孔类型\194\10.jpg,"(975, 859, 1440, 1324)"
val,normal,E:\Xray\Xray\pcb_xray_annotation_workspace\bridge_roi_dataset\val\normal\8_46ddaea6dc_n00.jpg,E:\Xray\X光图片20260330\X光图片20260330\合格\2\4图片以表贴类型为主\103\8.jpg,"(2015, 122, 2480, 587)"
val,normal,E:\Xray\Xray\pcb_xray_annotation_workspace\bridge_roi_dataset\val\normal\8_46ddaea6dc_n01.jpg,E:\Xray\X光图片20260330\X光图片20260330\合格\2\4图片以表贴类型为主\103\8.jpg,"(583, 1457, 1048, 1922)"
val,normal,E:\Xray\Xray\pcb_xray_annotation_workspace\bridge_roi_dataset\val\normal\1_fa00fec69d_n00.jpg,E:\Xray\X光图片20260330\X光图片20260330\合格\2\5该文件夹里多为直插通孔类型\192\1.jpg,"(1146, 190, 1611, 655)"
val,normal,E:\Xray\Xray\pcb_xray_annotation_workspace\bridge_roi_dataset\val\normal\1_fa00fec69d_n01.jpg,E:\Xray\X光图片20260330\X光图片20260330\合格\2\5该文件夹里多为直插通孔类型\192\1.jpg,"(179, 474, 644, 939)"
val,normal,E:\Xray\Xray\pcb_xray_annotation_workspace\bridge_roi_dataset\val\normal\1_584beef416_n00.jpg,E:\Xray\X光图片20260330\X光图片20260330\合格\2\5该文件夹里多为直插通孔类型\187\1.jpg,"(2128, 845, 2593, 1310)"
val,normal,E:\Xray\Xray\pcb_xray_annotation_workspace\bridge_roi_dataset\val\normal\1_584beef416_n01.jpg,E:\Xray\X光图片20260330\X光图片20260330\合格\2\5该文件夹里多为直插通孔类型\187\1.jpg,"(1525, 938, 1990, 1403)"
val,normal,E:\Xray\Xray\pcb_xray_annotation_workspace\bridge_roi_dataset\val\normal\insufficient_through_solder_0099_23a45fc2f3_n00.jpg,E:\Xray\Xray\pcb_xray_annotation_workspace\images\insufficient_through_solder\insufficient_through_solder_0099.jpg,"(86, 148, 551, 613)"
val,normal,E:\Xray\Xray\pcb_xray_annotation_workspace\bridge_roi_dataset\val\normal\insufficient_through_solder_0099_23a45fc2f3_n01.jpg,E:\Xray\Xray\pcb_xray_annotation_workspace\images\insufficient_through_solder\insufficient_through_solder_0099.jpg,"(97, 129, 562, 594)"
val,normal,E:\Xray\Xray\pcb_xray_annotation_workspace\bridge_roi_dataset\val\normal\10_2936476d3f_n00.jpg,E:\Xray\X光图片20260330\X光图片20260330\合格\2\5该文件夹里多为直插通孔类型\179\10.jpg,"(546, 1305, 1011, 1770)"
val,normal,E:\Xray\Xray\pcb_xray_annotation_workspace\bridge_roi_dataset\val\normal\10_2936476d3f_n01.jpg,E:\Xray\X光图片20260330\X光图片20260330\合格\2\5该文件夹里多为直插通孔类型\179\10.jpg,"(1615, 153, 2080, 618)"
val,normal,E:\Xray\Xray\pcb_xray_annotation_workspace\bridge_roi_dataset\val\normal\4_eb9e072de7_n00.jpg,E:\Xray\X光图片20260330\X光图片20260330\合格\2\5该文件夹里多为直插通孔类型\179\4.jpg,"(2424, 1162, 2889, 1627)"
val,normal,E:\Xray\Xray\pcb_xray_annotation_workspace\bridge_roi_dataset\val\normal\4_eb9e072de7_n01.jpg,E:\Xray\X光图片20260330\X光图片20260330\合格\2\5该文件夹里多为直插通孔类型\179\4.jpg,"(255, 890, 720, 1355)"
val,normal,E:\Xray\Xray\pcb_xray_annotation_workspace\bridge_roi_dataset\val\normal\7_51a1a263f3_n00.jpg,E:\Xray\X光图片20260330\X光图片20260330\合格\1\表贴及连接器通孔\AP5\74\7.jpg,"(2713, 267, 3178, 732)"
val,normal,E:\Xray\Xray\pcb_xray_annotation_workspace\bridge_roi_dataset\val\normal\7_51a1a263f3_n01.jpg,E:\Xray\X光图片20260330\X光图片20260330\合格\1\表贴及连接器通孔\AP5\74\7.jpg,"(969, 597, 1434, 1062)"
val,normal,E:\Xray\Xray\pcb_xray_annotation_workspace\bridge_roi_dataset\val\normal\8_a50ebb13c8_n00.jpg,E:\Xray\X光图片20260330\X光图片20260330\合格\3\2\27\8.jpg,"(1069, 645, 1534, 1110)"
val,normal,E:\Xray\Xray\pcb_xray_annotation_workspace\bridge_roi_dataset\val\normal\8_a50ebb13c8_n01.jpg,E:\Xray\X光图片20260330\X光图片20260330\合格\3\2\27\8.jpg,"(1609, 1435, 2074, 1900)"
val,normal,E:\Xray\Xray\pcb_xray_annotation_workspace\bridge_roi_dataset\val\normal\6_bd3d004993_n00.jpg,E:\Xray\X光图片20260330\X光图片20260330\合格\2\5该文件夹里多为直插通孔类型\182\6.jpg,"(1336, 651, 1801, 1116)"
val,normal,E:\Xray\Xray\pcb_xray_annotation_workspace\bridge_roi_dataset\val\normal\6_bd3d004993_n01.jpg,E:\Xray\X光图片20260330\X光图片20260330\合格\2\5该文件夹里多为直插通孔类型\182\6.jpg,"(1854, 556, 2319, 1021)"
val,normal,E:\Xray\Xray\pcb_xray_annotation_workspace\bridge_roi_dataset\val\normal\insufficient_through_solder_0024_0fe66f344c_n00.jpg,E:\Xray\Xray\pcb_xray_annotation_workspace\images\insufficient_through_solder\insufficient_through_solder_0024.jpg,"(956, 152, 1421, 617)"
val,normal,E:\Xray\Xray\pcb_xray_annotation_workspace\bridge_roi_dataset\val\normal\insufficient_through_solder_0024_0fe66f344c_n01.jpg,E:\Xray\Xray\pcb_xray_annotation_workspace\images\insufficient_through_solder\insufficient_through_solder_0024.jpg,"(830, 278, 1295, 743)"
val,normal,E:\Xray\Xray\pcb_xray_annotation_workspace\bridge_roi_dataset\val\normal\5_3db1c18377_n00.jpg,E:\Xray\X光图片20260330\X光图片20260330\合格\1\通孔1\ap1\通孔2\5.jpg,"(2394, 223, 2859, 688)"
val,normal,E:\Xray\Xray\pcb_xray_annotation_workspace\bridge_roi_dataset\val\normal\5_3db1c18377_n01.jpg,E:\Xray\X光图片20260330\X光图片20260330\合格\1\通孔1\ap1\通孔2\5.jpg,"(636, 216, 1101, 681)"
val,normal,E:\Xray\Xray\pcb_xray_annotation_workspace\bridge_roi_dataset\val\normal\3_5f3a60a889_n00.jpg,E:\Xray\X光图片20260330\X光图片20260330\合格\4\3\3.jpg,"(673, 920, 1138, 1385)"
val,normal,E:\Xray\Xray\pcb_xray_annotation_workspace\bridge_roi_dataset\val\normal\3_5f3a60a889_n01.jpg,E:\Xray\X光图片20260330\X光图片20260330\合格\4\3\3.jpg,"(1908, 643, 2373, 1108)"
val,normal,E:\Xray\Xray\pcb_xray_annotation_workspace\bridge_roi_dataset\val\normal\3_f7f09edefa_n00.jpg,E:\Xray\X光图片20260330\X光图片20260330\合格\1\通孔1\ap1\通孔1\3.jpg,"(1665, 247, 2130, 712)"
val,normal,E:\Xray\Xray\pcb_xray_annotation_workspace\bridge_roi_dataset\val\normal\3_f7f09edefa_n01.jpg,E:\Xray\X光图片20260330\X光图片20260330\合格\1\通孔1\ap1\通孔1\3.jpg,"(2195, 733, 2660, 1198)"
val,normal,E:\Xray\Xray\pcb_xray_annotation_workspace\bridge_roi_dataset\val\normal\11_989f29567f_n00.jpg,E:\Xray\X光图片20260330\X光图片20260330\合格\1\表贴及连接器通孔1\AP7\74\11.jpg,"(850, 925, 1315, 1390)"
val,normal,E:\Xray\Xray\pcb_xray_annotation_workspace\bridge_roi_dataset\val\normal\11_989f29567f_n01.jpg,E:\Xray\X光图片20260330\X光图片20260330\合格\1\表贴及连接器通孔1\AP7\74\11.jpg,"(1262, 948, 1727, 1413)"
val,normal,E:\Xray\Xray\pcb_xray_annotation_workspace\bridge_roi_dataset\val\normal\12_82f05d8294_n00.jpg,E:\Xray\X光图片20260330\X光图片20260330\合格\1\表贴及连接器通孔\AP5\73\12.jpg,"(1085, 245, 1550, 710)"
val,normal,E:\Xray\Xray\pcb_xray_annotation_workspace\bridge_roi_dataset\val\normal\12_82f05d8294_n01.jpg,E:\Xray\X光图片20260330\X光图片20260330\合格\1\表贴及连接器通孔\AP5\73\12.jpg,"(370, 322, 835, 787)"
val,normal,E:\Xray\Xray\pcb_xray_annotation_workspace\bridge_roi_dataset\val\normal\insufficient_through_solder_0101_f82093bc08_n00.jpg,E:\Xray\Xray\pcb_xray_annotation_workspace\images\insufficient_through_solder\insufficient_through_solder_0101.jpg,"(311, 154, 776, 619)"
val,normal,E:\Xray\Xray\pcb_xray_annotation_workspace\bridge_roi_dataset\val\normal\insufficient_through_solder_0101_f82093bc08_n01.jpg,E:\Xray\Xray\pcb_xray_annotation_workspace\images\insufficient_through_solder\insufficient_through_solder_0101.jpg,"(41, 55, 506, 520)"
val,normal,E:\Xray\Xray\pcb_xray_annotation_workspace\bridge_roi_dataset\val\normal\7_4cd74209cc_n00.jpg,E:\Xray\X光图片20260330\X光图片20260330\合格\1\表贴及连接器通孔1\AP6\74\7.jpg,"(1342, 303, 1807, 768)"
val,normal,E:\Xray\Xray\pcb_xray_annotation_workspace\bridge_roi_dataset\val\normal\7_4cd74209cc_n01.jpg,E:\Xray\X光图片20260330\X光图片20260330\合格\1\表贴及连接器通孔1\AP6\74\7.jpg,"(373, 1456, 838, 1921)"
val,normal,E:\Xray\Xray\pcb_xray_annotation_workspace\bridge_roi_dataset\val\normal\2_11759a4f11_n00.jpg,E:\Xray\X光图片20260330\X光图片20260330\合格\2\5该文件夹里多为直插通孔类型\189\2.jpg,"(1016, 728, 1481, 1193)"
val,normal,E:\Xray\Xray\pcb_xray_annotation_workspace\bridge_roi_dataset\val\normal\2_11759a4f11_n01.jpg,E:\Xray\X光图片20260330\X光图片20260330\合格\2\5该文件夹里多为直插通孔类型\189\2.jpg,"(1623, 1051, 2088, 1516)"
val,normal,E:\Xray\Xray\pcb_xray_annotation_workspace\bridge_roi_dataset\val\normal\8_fbffda4584_n00.jpg,E:\Xray\X光图片20260330\X光图片20260330\合格\2\5该文件夹里多为直插通孔类型\190\8.jpg,"(200, 1386, 665, 1851)"
val,normal,E:\Xray\Xray\pcb_xray_annotation_workspace\bridge_roi_dataset\val\normal\8_fbffda4584_n01.jpg,E:\Xray\X光图片20260330\X光图片20260330\合格\2\5该文件夹里多为直插通孔类型\190\8.jpg,"(1224, 532, 1689, 997)"
val,normal,E:\Xray\Xray\pcb_xray_annotation_workspace\bridge_roi_dataset\val\normal\2_0a1c2872a3_n00.jpg,E:\Xray\X光图片20260330\X光图片20260330\合格\1\表贴及连接器通孔2\076\2.jpg,"(712, 63, 1177, 528)"
val,normal,E:\Xray\Xray\pcb_xray_annotation_workspace\bridge_roi_dataset\val\normal\2_0a1c2872a3_n01.jpg,E:\Xray\X光图片20260330\X光图片20260330\合格\1\表贴及连接器通孔2\076\2.jpg,"(1656, 926, 2121, 1391)"
val,normal,E:\Xray\Xray\pcb_xray_annotation_workspace\bridge_roi_dataset\val\normal\void_0040_194bf8a654_n00.jpg,E:\Xray\Xray\pcb_xray_annotation_workspace\images\void\void_0040.jpg,"(1138, 1126, 1603, 1591)"
val,normal,E:\Xray\Xray\pcb_xray_annotation_workspace\bridge_roi_dataset\val\normal\void_0040_194bf8a654_n01.jpg,E:\Xray\Xray\pcb_xray_annotation_workspace\images\void\void_0040.jpg,"(511, 193, 976, 658)"
val,normal,E:\Xray\Xray\pcb_xray_annotation_workspace\bridge_roi_dataset\val\normal\void_0084_433590c451_n00.jpg,E:\Xray\Xray\pcb_xray_annotation_workspace\images\void\void_0084.jpg,"(473, 26, 938, 491)"
val,normal,E:\Xray\Xray\pcb_xray_annotation_workspace\bridge_roi_dataset\val\normal\void_0084_433590c451_n01.jpg,E:\Xray\Xray\pcb_xray_annotation_workspace\images\void\void_0084.jpg,"(143, 31, 608, 496)"
val,normal,E:\Xray\Xray\pcb_xray_annotation_workspace\bridge_roi_dataset\val\normal\6_d6eb38b7c8_n00.jpg,E:\Xray\X光图片20260330\X光图片20260330\合格\2\5该文件夹里多为直插通孔类型\180\6.jpg,"(48, 126, 513, 591)"
val,normal,E:\Xray\Xray\pcb_xray_annotation_workspace\bridge_roi_dataset\val\normal\6_d6eb38b7c8_n01.jpg,E:\Xray\X光图片20260330\X光图片20260330\合格\2\5该文件夹里多为直插通孔类型\180\6.jpg,"(910, 267, 1375, 732)"
val,normal,E:\Xray\Xray\pcb_xray_annotation_workspace\bridge_roi_dataset\val\normal\通孔7_5d0b06f440_n00.jpg,E:\Xray\X光图片20260330\X光图片20260330\合格\3\1\27\通孔7.jpg,"(811, 820, 1276, 1285)"
val,normal,E:\Xray\Xray\pcb_xray_annotation_workspace\bridge_roi_dataset\val\normal\通孔7_5d0b06f440_n01.jpg,E:\Xray\X光图片20260330\X光图片20260330\合格\3\1\27\通孔7.jpg,"(1524, 1405, 1989, 1870)"
val,normal,E:\Xray\Xray\pcb_xray_annotation_workspace\bridge_roi_dataset\val\normal\11_ab17e587d8_n00.jpg,E:\Xray\X光图片20260330\X光图片20260330\合格\2\5该文件夹里多为直插通孔类型\183\11.jpg,"(2581, 1320, 3046, 1785)"
val,normal,E:\Xray\Xray\pcb_xray_annotation_workspace\bridge_roi_dataset\val\normal\11_ab17e587d8_n01.jpg,E:\Xray\X光图片20260330\X光图片20260330\合格\2\5该文件夹里多为直插通孔类型\183\11.jpg,"(344, 1192, 809, 1657)"
val,normal,E:\Xray\Xray\pcb_xray_annotation_workspace\bridge_roi_dataset\val\normal\通孔8_e2014ae209_n00.jpg,E:\Xray\X光图片20260330\X光图片20260330\合格\3\1\27\通孔8.jpg,"(2400, 530, 2865, 995)"
val,normal,E:\Xray\Xray\pcb_xray_annotation_workspace\bridge_roi_dataset\val\normal\通孔8_e2014ae209_n01.jpg,E:\Xray\X光图片20260330\X光图片20260330\合格\3\1\27\通孔8.jpg,"(307, 44, 772, 509)"
val,normal,E:\Xray\Xray\pcb_xray_annotation_workspace\bridge_roi_dataset\val\normal\insufficient_through_solder_0092_565e74fb73_n00.jpg,E:\Xray\Xray\pcb_xray_annotation_workspace\images\insufficient_through_solder\insufficient_through_solder_0092.jpg,"(66, 50, 531, 515)"
val,normal,E:\Xray\Xray\pcb_xray_annotation_workspace\bridge_roi_dataset\val\normal\insufficient_through_solder_0092_565e74fb73_n01.jpg,E:\Xray\Xray\pcb_xray_annotation_workspace\images\insufficient_through_solder\insufficient_through_solder_0092.jpg,"(454, 32, 919, 497)"
val,normal,E:\Xray\Xray\pcb_xray_annotation_workspace\bridge_roi_dataset\val\normal\10_77e0cae9e9_n00.jpg,E:\Xray\X光图片20260330\X光图片20260330\合格\2\4图片以表贴类型为主\105\10.jpg,"(376, 1656, 841, 2121)"
val,normal,E:\Xray\Xray\pcb_xray_annotation_workspace\bridge_roi_dataset\val\normal\10_77e0cae9e9_n01.jpg,E:\Xray\X光图片20260330\X光图片20260330\合格\2\4图片以表贴类型为主\105\10.jpg,"(1358, 250, 1823, 715)"
val,normal,E:\Xray\Xray\pcb_xray_annotation_workspace\bridge_roi_dataset\val\normal\8_11f5b2d6f6_n00.jpg,E:\Xray\X光图片20260330\X光图片20260330\合格\2\5该文件夹里多为直插通孔类型\192\8.jpg,"(174, 944, 639, 1409)"
val,normal,E:\Xray\Xray\pcb_xray_annotation_workspace\bridge_roi_dataset\val\normal\8_11f5b2d6f6_n01.jpg,E:\Xray\X光图片20260330\X光图片20260330\合格\2\5该文件夹里多为直插通孔类型\192\8.jpg,"(207, 344, 672, 809)"
val,normal,E:\Xray\Xray\pcb_xray_annotation_workspace\bridge_roi_dataset\val\normal\7_a87d5e89fe_n00.jpg,E:\Xray\X光图片20260330\X光图片20260330\合格\2\5该文件夹里多为直插通孔类型\194\7.jpg,"(2350, 887, 2815, 1352)"
val,normal,E:\Xray\Xray\pcb_xray_annotation_workspace\bridge_roi_dataset\val\normal\7_a87d5e89fe_n01.jpg,E:\Xray\X光图片20260330\X光图片20260330\合格\2\5该文件夹里多为直插通孔类型\194\7.jpg,"(1617, 1016, 2082, 1481)"
val,normal,E:\Xray\Xray\pcb_xray_annotation_workspace\bridge_roi_dataset\val\normal\insufficient_through_solder_0090_edd19b340a_n00.jpg,E:\Xray\Xray\pcb_xray_annotation_workspace\images\insufficient_through_solder\insufficient_through_solder_0090.jpg,"(30, 97, 495, 562)"
val,normal,E:\Xray\Xray\pcb_xray_annotation_workspace\bridge_roi_dataset\val\normal\insufficient_through_solder_0090_edd19b340a_n01.jpg,E:\Xray\Xray\pcb_xray_annotation_workspace\images\insufficient_through_solder\insufficient_through_solder_0090.jpg,"(436, 44, 901, 509)"
val,normal,E:\Xray\Xray\pcb_xray_annotation_workspace\bridge_roi_dataset\val\normal\2_c78a76f0e4_n00.jpg,E:\Xray\X光图片20260330\X光图片20260330\合格\2\4图片以表贴类型为主\103\2.jpg,"(1449, 439, 1914, 904)"
val,normal,E:\Xray\Xray\pcb_xray_annotation_workspace\bridge_roi_dataset\val\normal\2_c78a76f0e4_n01.jpg,E:\Xray\X光图片20260330\X光图片20260330\合格\2\4图片以表贴类型为主\103\2.jpg,"(766, 563, 1231, 1028)"
val,normal,E:\Xray\Xray\pcb_xray_annotation_workspace\bridge_roi_dataset\val\normal\3_4aea41723b_n00.jpg,E:\Xray\X光图片20260330\X光图片20260330\合格\1\表贴及连接器通孔2\076\3.jpg,"(1146, 913, 1611, 1378)"
val,normal,E:\Xray\Xray\pcb_xray_annotation_workspace\bridge_roi_dataset\val\normal\3_4aea41723b_n01.jpg,E:\Xray\X光图片20260330\X光图片20260330\合格\1\表贴及连接器通孔2\076\3.jpg,"(608, 70, 1073, 535)"
val,normal,E:\Xray\Xray\pcb_xray_annotation_workspace\bridge_roi_dataset\val\normal\2_74aae2f802_n00.jpg,E:\Xray\X光图片20260330\X光图片20260330\合格\2\4图片以表贴类型为主\105\2.jpg,"(2515, 1268, 2980, 1733)"
val,normal,E:\Xray\Xray\pcb_xray_annotation_workspace\bridge_roi_dataset\val\normal\2_74aae2f802_n01.jpg,E:\Xray\X光图片20260330\X光图片20260330\合格\2\4图片以表贴类型为主\105\2.jpg,"(2527, 503, 2992, 968)"
val,normal,E:\Xray\Xray\pcb_xray_annotation_workspace\bridge_roi_dataset\val\normal\7_1840b807f8_n00.jpg,E:\Xray\X光图片20260330\X光图片20260330\合格\1\表贴及连接器通孔2\076\7.jpg,"(2651, 604, 3116, 1069)"
val,normal,E:\Xray\Xray\pcb_xray_annotation_workspace\bridge_roi_dataset\val\normal\7_1840b807f8_n01.jpg,E:\Xray\X光图片20260330\X光图片20260330\合格\1\表贴及连接器通孔2\076\7.jpg,"(2043, 843, 2508, 1308)"
val,normal,E:\Xray\Xray\pcb_xray_annotation_workspace\bridge_roi_dataset\val\normal\11_d401a15b88_n00.jpg,E:\Xray\X光图片20260330\X光图片20260330\合格\2\5该文件夹里多为直插通孔类型\186\11.jpg,"(2255, 981, 2720, 1446)"
val,normal,E:\Xray\Xray\pcb_xray_annotation_workspace\bridge_roi_dataset\val\normal\11_d401a15b88_n01.jpg,E:\Xray\X光图片20260330\X光图片20260330\合格\2\5该文件夹里多为直插通孔类型\186\11.jpg,"(249, 179, 714, 644)"
val,normal,E:\Xray\Xray\pcb_xray_annotation_workspace\bridge_roi_dataset\val\normal\3_6989181ca8_n00.jpg,E:\Xray\X光图片20260330\X光图片20260330\合格\4\5\3.jpg,"(1145, 784, 1610, 1249)"
val,normal,E:\Xray\Xray\pcb_xray_annotation_workspace\bridge_roi_dataset\val\normal\3_6989181ca8_n01.jpg,E:\Xray\X光图片20260330\X光图片20260330\合格\4\5\3.jpg,"(562, 858, 1027, 1323)"
test,normal,E:\Xray\Xray\pcb_xray_annotation_workspace\bridge_roi_dataset\test\normal\3_b79582d3cc_n00.jpg,E:\Xray\X光图片20260330\X光图片20260330\合格\2\5该文件夹里多为直插通孔类型\180\3.jpg,"(816, 1316, 1281, 1781)"
test,normal,E:\Xray\Xray\pcb_xray_annotation_workspace\bridge_roi_dataset\test\normal\3_b79582d3cc_n01.jpg,E:\Xray\X光图片20260330\X光图片20260330\合格\2\5该文件夹里多为直插通孔类型\180\3.jpg,"(2153, 510, 2618, 975)"
test,normal,E:\Xray\Xray\pcb_xray_annotation_workspace\bridge_roi_dataset\test\normal\8_f56f8a20c4_n00.jpg,E:\Xray\X光图片20260330\X光图片20260330\合格\2\5该文件夹里多为直插通孔类型\189\8.jpg,"(2583, 1642, 3048, 2107)"
test,normal,E:\Xray\Xray\pcb_xray_annotation_workspace\bridge_roi_dataset\test\normal\8_f56f8a20c4_n01.jpg,E:\Xray\X光图片20260330\X光图片20260330\合格\2\5该文件夹里多为直插通孔类型\189\8.jpg,"(2226, 1627, 2691, 2092)"
test,normal,E:\Xray\Xray\pcb_xray_annotation_workspace\bridge_roi_dataset\test\normal\7_8fdf30ac0c_n00.jpg,E:\Xray\X光图片20260330\X光图片20260330\合格\4\6\7.jpg,"(79, 783, 544, 1248)"
test,normal,E:\Xray\Xray\pcb_xray_annotation_workspace\bridge_roi_dataset\test\normal\7_8fdf30ac0c_n01.jpg,E:\Xray\X光图片20260330\X光图片20260330\合格\4\6\7.jpg,"(1470, 982, 1935, 1447)"
test,normal,E:\Xray\Xray\pcb_xray_annotation_workspace\bridge_roi_dataset\test\normal\17_eacf42c85f_n00.jpg,E:\Xray\X光图片20260330\X光图片20260330\合格\2\3表贴，存在直插通孔\AP5\11\17.jpg,"(2230, 1600, 2695, 2065)"
test,normal,E:\Xray\Xray\pcb_xray_annotation_workspace\bridge_roi_dataset\test\normal\17_eacf42c85f_n01.jpg,E:\Xray\X光图片20260330\X光图片20260330\合格\2\3表贴，存在直插通孔\AP5\11\17.jpg,"(1985, 704, 2450, 1169)"
test,normal,E:\Xray\Xray\pcb_xray_annotation_workspace\bridge_roi_dataset\test\normal\4_4d5bd97a0e_n00.jpg,E:\Xray\X光图片20260330\X光图片20260330\合格\2\5该文件夹里多为直插通孔类型\173\4.jpg,"(2316, 1028, 2781, 1493)"
test,normal,E:\Xray\Xray\pcb_xray_annotation_workspace\bridge_roi_dataset\test\normal\4_4d5bd97a0e_n01.jpg,E:\Xray\X光图片20260330\X光图片20260330\合格\2\5该文件夹里多为直插通孔类型\173\4.jpg,"(1317, 795, 1782, 1260)"
test,normal,E:\Xray\Xray\pcb_xray_annotation_workspace\bridge_roi_dataset\test\normal\insufficient_through_solder_0063_e00c6ceef7_n00.jpg,E:\Xray\Xray\pcb_xray_annotation_workspace\images\insufficient_through_solder\insufficient_through_solder_0063.jpg,"(553, 368, 1018, 833)"
test,normal,E:\Xray\Xray\pcb_xray_annotation_workspace\bridge_roi_dataset\test\normal\insufficient_through_solder_0063_e00c6ceef7_n01.jpg,E:\Xray\Xray\pcb_xray_annotation_workspace\images\insufficient_through_solder\insufficient_through_solder_0063.jpg,"(53, 653, 518, 1118)"
test,normal,E:\Xray\Xray\pcb_xray_annotation_workspace\bridge_roi_dataset\test\normal\2_cf3b444d74_n00.jpg,E:\Xray\X光图片20260330\X光图片20260330\合格\2\5该文件夹里多为直插通孔类型\195\2.jpg,"(2445, 448, 2910, 913)"
test,normal,E:\Xray\Xray\pcb_xray_annotation_workspace\bridge_roi_dataset\test\normal\2_cf3b444d74_n01.jpg,E:\Xray\X光图片20260330\X光图片20260330\合格\2\5该文件夹里多为直插通孔类型\195\2.jpg,"(120, 1594, 585, 2059)"
test,normal,E:\Xray\Xray\pcb_xray_annotation_workspace\bridge_roi_dataset\test\normal\16_eac334fe4c_n00.jpg,E:\Xray\X光图片20260330\X光图片20260330\合格\2\3表贴，存在直插通孔\AP5\11\16.jpg,"(1150, 119, 1615, 584)"
test,normal,E:\Xray\Xray\pcb_xray_annotation_workspace\bridge_roi_dataset\test\normal\16_eac334fe4c_n01.jpg,E:\Xray\X光图片20260330\X光图片20260330\合格\2\3表贴，存在直插通孔\AP5\11\16.jpg,"(1932, 1084, 2397, 1549)"
test,normal,E:\Xray\Xray\pcb_xray_annotation_workspace\bridge_roi_dataset\test\normal\9_62670539e5_n00.jpg,E:\Xray\X光图片20260330\X光图片20260330\合格\1\表贴及连接器通孔\AP5\74\9.jpg,"(1464, 1570, 1929, 2035)"
test,normal,E:\Xray\Xray\pcb_xray_annotation_workspace\bridge_roi_dataset\test\normal\9_62670539e5_n01.jpg,E:\Xray\X光图片20260330\X光图片20260330\合格\1\表贴及连接器通孔\AP5\74\9.jpg,"(2392, 476, 2857, 941)"
test,normal,E:\Xray\Xray\pcb_xray_annotation_workspace\bridge_roi_dataset\test\normal\5_7eb9bafb29_n00.jpg,E:\Xray\X光图片20260330\X光图片20260330\合格\2\4图片以表贴类型为主\105\5.jpg,"(653, 205, 1118, 670)"
test,normal,E:\Xray\Xray\pcb_xray_annotation_workspace\bridge_roi_dataset\test\normal\5_7eb9bafb29_n01.jpg,E:\Xray\X光图片20260330\X光图片20260330\合格\2\4图片以表贴类型为主\105\5.jpg,"(1015, 1345, 1480, 1810)"
test,normal,E:\Xray\Xray\pcb_xray_annotation_workspace\bridge_roi_dataset\test\normal\8_ba6353fb00_n00.jpg,E:\Xray\X光图片20260330\X光图片20260330\合格\2\5该文件夹里多为直插通孔类型\180\8.jpg,"(987, 545, 1452, 1010)"
test,normal,E:\Xray\Xray\pcb_xray_annotation_workspace\bridge_roi_dataset\test\normal\8_ba6353fb00_n01.jpg,E:\Xray\X光图片20260330\X光图片20260330\合格\2\5该文件夹里多为直插通孔类型\180\8.jpg,"(2185, 1620, 2650, 2085)"
test,normal,E:\Xray\Xray\pcb_xray_annotation_workspace\bridge_roi_dataset\test\normal\5_c316753c79_n00.jpg,E:\Xray\X光图片20260330\X光图片20260330\合格\2\5该文件夹里多为直插通孔类型\173\5.jpg,"(229, 1564, 694, 2029)"
test,normal,E:\Xray\Xray\pcb_xray_annotation_workspace\bridge_roi_dataset\test\normal\5_c316753c79_n01.jpg,E:\Xray\X光图片20260330\X光图片20260330\合格\2\5该文件夹里多为直插通孔类型\173\5.jpg,"(898, 1179, 1363, 1644)"
test,normal,E:\Xray\Xray\pcb_xray_annotation_workspace\bridge_roi_dataset\test\normal\8_84b523ed75_n00.jpg,E:\Xray\X光图片20260330\X光图片20260330\合格\1\表贴及连接器通孔\AP4\73\8.jpg,"(1590, 726, 2055, 1191)"
test,normal,E:\Xray\Xray\pcb_xray_annotation_workspace\bridge_roi_dataset\test\normal\8_84b523ed75_n01.jpg,E:\Xray\X光图片20260330\X光图片20260330\合格\1\表贴及连接器通孔\AP4\73\8.jpg,"(711, 360, 1176, 825)"
test,normal,E:\Xray\Xray\pcb_xray_annotation_workspace\bridge_roi_dataset\test\normal\7_0fe7d9910d_n00.jpg,E:\Xray\X光图片20260330\X光图片20260330\合格\2\4图片以表贴类型为主\101\7.jpg,"(968, 1213, 1433, 1678)"
test,normal,E:\Xray\Xray\pcb_xray_annotation_workspace\bridge_roi_dataset\test\normal\7_0fe7d9910d_n01.jpg,E:\Xray\X光图片20260330\X光图片20260330\合格\2\4图片以表贴类型为主\101\7.jpg,"(1302, 1651, 1767, 2116)"
test,normal,E:\Xray\Xray\pcb_xray_annotation_workspace\bridge_roi_dataset\test\normal\1_d469d00d83_n00.jpg,E:\Xray\X光图片20260330\X光图片20260330\合格\1\表贴及连接器通孔\AP5\74\1.jpg,"(1469, 1211, 1934, 1676)"
test,normal,E:\Xray\Xray\pcb_xray_annotation_workspace\bridge_roi_dataset\test\normal\1_d469d00d83_n01.jpg,E:\Xray\X光图片20260330\X光图片20260330\合格\1\表贴及连接器通孔\AP5\74\1.jpg,"(115, 1440, 580, 1905)"
test,normal,E:\Xray\Xray\pcb_xray_annotation_workspace\bridge_roi_dataset\test\normal\void_0013_dd732584c1_n00.jpg,E:\Xray\Xray\pcb_xray_annotation_workspace\images\void\void_0013.jpg,"(1440, 1162, 1905, 1627)"
test,normal,E:\Xray\Xray\pcb_xray_annotation_workspace\bridge_roi_dataset\test\normal\void_0013_dd732584c1_n01.jpg,E:\Xray\Xray\pcb_xray_annotation_workspace\images\void\void_0013.jpg,"(2308, 291, 2773, 756)"
test,normal,E:\Xray\Xray\pcb_xray_annotation_workspace\bridge_roi_dataset\test\normal\void_0005_eedf1a53ba_n00.jpg,E:\Xray\Xray\pcb_xray_annotation_workspace\images\void\void_0005.jpg,"(2306, 385, 2771, 850)"
test,normal,E:\Xray\Xray\pcb_xray_annotation_workspace\bridge_roi_dataset\test\normal\void_0005_eedf1a53ba_n01.jpg,E:\Xray\Xray\pcb_xray_annotation_workspace\images\void\void_0005.jpg,"(2016, 1110, 2481, 1575)"
test,normal,E:\Xray\Xray\pcb_xray_annotation_workspace\bridge_roi_dataset\test\normal\13_e2e45c7057_n00.jpg,E:\Xray\X光图片20260330\X光图片20260330\合格\2\5该文件夹里多为直插通孔类型\174\13.jpg,"(1265, 359, 1730, 824)"
test,normal,E:\Xray\Xray\pcb_xray_annotation_workspace\bridge_roi_dataset\test\normal\13_e2e45c7057_n01.jpg,E:\Xray\X光图片20260330\X光图片20260330\合格\2\5该文件夹里多为直插通孔类型\174\13.jpg,"(2008, 77, 2473, 542)"
test,normal,E:\Xray\Xray\pcb_xray_annotation_workspace\bridge_roi_dataset\test\normal\insufficient_through_solder_0029_50dc3a69cc_n00.jpg,E:\Xray\Xray\pcb_xray_annotation_workspace\images\insufficient_through_solder\insufficient_through_solder_0029.jpg,"(369, 115, 834, 580)"
test,normal,E:\Xray\Xray\pcb_xray_annotation_workspace\bridge_roi_dataset\test\normal\insufficient_through_solder_0029_50dc3a69cc_n01.jpg,E:\Xray\Xray\pcb_xray_annotation_workspace\images\insufficient_through_solder\insufficient_through_solder_0029.jpg,"(952, 1232, 1417, 1697)"
test,normal,E:\Xray\Xray\pcb_xray_annotation_workspace\bridge_roi_dataset\test\normal\8_8518359b5b_n00.jpg,E:\Xray\X光图片20260330\X光图片20260330\合格\2\3表贴，存在直插通孔\AP5\11\8.jpg,"(896, 40, 1361, 505)"
test,normal,E:\Xray\Xray\pcb_xray_annotation_workspace\bridge_roi_dataset\test\normal\8_8518359b5b_n01.jpg,E:\Xray\X光图片20260330\X光图片20260330\合格\2\3表贴，存在直插通孔\AP5\11\8.jpg,"(2156, 978, 2621, 1443)"
test,normal,E:\Xray\Xray\pcb_xray_annotation_workspace\bridge_roi_dataset\test\normal\3_33c10b8e96_n00.jpg,E:\Xray\X光图片20260330\X光图片20260330\合格\2\5该文件夹里多为直插通孔类型\194\3.jpg,"(2, 679, 467, 1144)"
test,normal,E:\Xray\Xray\pcb_xray_annotation_workspace\bridge_roi_dataset\test\normal\3_33c10b8e96_n01.jpg,E:\Xray\X光图片20260330\X光图片20260330\合格\2\5该文件夹里多为直插通孔类型\194\3.jpg,"(2515, 412, 2980, 877)"
test,normal,E:\Xray\Xray\pcb_xray_annotation_workspace\bridge_roi_dataset\test\normal\insufficient_through_solder_0032_b1d1079379_n00.jpg,E:\Xray\Xray\pcb_xray_annotation_workspace\images\insufficient_through_solder\insufficient_through_solder_0032.jpg,"(534, 697, 999, 1162)"
test,normal,E:\Xray\Xray\pcb_xray_annotation_workspace\bridge_roi_dataset\test\normal\insufficient_through_solder_0032_b1d1079379_n01.jpg,E:\Xray\Xray\pcb_xray_annotation_workspace\images\insufficient_through_solder\insufficient_through_solder_0032.jpg,"(726, 1643, 1191, 2108)"
test,normal,E:\Xray\Xray\pcb_xray_annotation_workspace\bridge_roi_dataset\test\normal\8_236b5532e8_n00.jpg,E:\Xray\X光图片20260330\X光图片20260330\合格\4\4\8.jpg,"(1325, 121, 1790, 586)"
test,normal,E:\Xray\Xray\pcb_xray_annotation_workspace\bridge_roi_dataset\test\normal\8_236b5532e8_n01.jpg,E:\Xray\X光图片20260330\X光图片20260330\合格\4\4\8.jpg,"(89, 302, 554, 767)"
test,normal,E:\Xray\Xray\pcb_xray_annotation_workspace\bridge_roi_dataset\test\normal\7_092598e5b3_n00.jpg,E:\Xray\X光图片20260330\X光图片20260330\合格\2\4图片以表贴类型为主\105\7.jpg,"(2402, 1443, 2867, 1908)"
test,normal,E:\Xray\Xray\pcb_xray_annotation_workspace\bridge_roi_dataset\test\normal\7_092598e5b3_n01.jpg,E:\Xray\X光图片20260330\X光图片20260330\合格\2\4图片以表贴类型为主\105\7.jpg,"(580, 1585, 1045, 2050)"
test,normal,E:\Xray\Xray\pcb_xray_annotation_workspace\bridge_roi_dataset\test\normal\9_8b6de1e3b6_n00.jpg,E:\Xray\X光图片20260330\X光图片20260330\合格\2\5该文件夹里多为直插通孔类型\178\9.jpg,"(454, 1077, 919, 1542)"
test,normal,E:\Xray\Xray\pcb_xray_annotation_workspace\bridge_roi_dataset\test\normal\9_8b6de1e3b6_n01.jpg,E:\Xray\X光图片20260330\X光图片20260330\合格\2\5该文件夹里多为直插通孔类型\178\9.jpg,"(1494, 148, 1959, 613)"
test,normal,E:\Xray\Xray\pcb_xray_annotation_workspace\bridge_roi_dataset\test\normal\4_d582daba12_n00.jpg,E:\Xray\X光图片20260330\X光图片20260330\合格\2\5该文件夹里多为直插通孔类型\186\4.jpg,"(1530, 1442, 1995, 1907)"
test,normal,E:\Xray\Xray\pcb_xray_annotation_workspace\bridge_roi_dataset\test\normal\4_d582daba12_n01.jpg,E:\Xray\X光图片20260330\X光图片20260330\合格\2\5该文件夹里多为直插通孔类型\186\4.jpg,"(2712, 810, 3177, 1275)"
test,normal,E:\Xray\Xray\pcb_xray_annotation_workspace\bridge_roi_dataset\test\normal\4_46bd3dfc15_n00.jpg,E:\Xray\X光图片20260330\X光图片20260330\合格\1\通孔1\ap2\通孔1\4.jpg,"(2400, 206, 2865, 671)"
test,normal,E:\Xray\Xray\pcb_xray_annotation_workspace\bridge_roi_dataset\test\normal\4_46bd3dfc15_n01.jpg,E:\Xray\X光图片20260330\X光图片20260330\合格\1\通孔1\ap2\通孔1\4.jpg,"(1378, 618, 1843, 1083)"
test,normal,E:\Xray\Xray\pcb_xray_annotation_workspace\bridge_roi_dataset\test\normal\10_335efa12e4_n00.jpg,E:\Xray\X光图片20260330\X光图片20260330\合格\2\4图片以表贴类型为主\103\10.jpg,"(1321, 279, 1786, 744)"
test,normal,E:\Xray\Xray\pcb_xray_annotation_workspace\bridge_roi_dataset\test\normal\10_335efa12e4_n01.jpg,E:\Xray\X光图片20260330\X光图片20260330\合格\2\4图片以表贴类型为主\103\10.jpg,"(645, 1499, 1110, 1964)"
test,normal,E:\Xray\Xray\pcb_xray_annotation_workspace\bridge_roi_dataset\test\normal\insufficient_through_solder_0074_59181c2ade_n00.jpg,E:\Xray\Xray\pcb_xray_annotation_workspace\images\insufficient_through_solder\insufficient_through_solder_0074.jpg,"(894, 1309, 1359, 1774)"
test,normal,E:\Xray\Xray\pcb_xray_annotation_workspace\bridge_roi_dataset\test\normal\insufficient_through_solder_0074_59181c2ade_n01.jpg,E:\Xray\Xray\pcb_xray_annotation_workspace\images\insufficient_through_solder\insufficient_through_solder_0074.jpg,"(997, 649, 1462, 1114)"
test,normal,E:\Xray\Xray\pcb_xray_annotation_workspace\bridge_roi_dataset\test\normal\3_bc40e179bb_n00.jpg,E:\Xray\X光图片20260330\X光图片20260330\合格\2\5该文件夹里多为直插通孔类型\192\3.jpg,"(713, 1448, 1178, 1913)"
test,normal,E:\Xray\Xray\pcb_xray_annotation_workspace\bridge_roi_dataset\test\normal\3_bc40e179bb_n01.jpg,E:\Xray\X光图片20260330\X光图片20260330\合格\2\5该文件夹里多为直插通孔类型\192\3.jpg,"(2301, 1420, 2766, 1885)"
test,normal,E:\Xray\Xray\pcb_xray_annotation_workspace\bridge_roi_dataset\test\normal\2_1f2ad07ae8_n00.jpg,E:\Xray\X光图片20260330\X光图片20260330\合格\1\通孔1\ap2\通孔3\2.jpg,"(2513, 1611, 2978, 2076)"
test,normal,E:\Xray\Xray\pcb_xray_annotation_workspace\bridge_roi_dataset\test\normal\2_1f2ad07ae8_n01.jpg,E:\Xray\X光图片20260330\X光图片20260330\合格\1\通孔1\ap2\通孔3\2.jpg,"(1461, 457, 1926, 922)"
test,normal,E:\Xray\Xray\pcb_xray_annotation_workspace\bridge_roi_dataset\test\normal\void_0067_8b116db776_n00.jpg,E:\Xray\Xray\pcb_xray_annotation_workspace\images\void\void_0067.jpg,"(1363, 1206, 1828, 1671)"
test,normal,E:\Xray\Xray\pcb_xray_annotation_workspace\bridge_roi_dataset\test\normal\void_0067_8b116db776_n01.jpg,E:\Xray\Xray\pcb_xray_annotation_workspace\images\void\void_0067.jpg,"(1668, 359, 2133, 824)"
test,normal,E:\Xray\Xray\pcb_xray_annotation_workspace\bridge_roi_dataset\test\normal\9_0e63c380d5_n00.jpg,E:\Xray\X光图片20260330\X光图片20260330\合格\3\3\27\9.jpg,"(1549, 628, 2014, 1093)"
test,normal,E:\Xray\Xray\pcb_xray_annotation_workspace\bridge_roi_dataset\test\normal\9_0e63c380d5_n01.jpg,E:\Xray\X光图片20260330\X光图片20260330\合格\3\3\27\9.jpg,"(1206, 260, 1671, 725)"
test,normal,E:\Xray\Xray\pcb_xray_annotation_workspace\bridge_roi_dataset\test\normal\14_6bcbad165d_n00.jpg,E:\Xray\X光图片20260330\X光图片20260330\合格\1\表贴及连接器通孔1\AP6\73\14.jpg,"(727, 1492, 1192, 1957)"
test,normal,E:\Xray\Xray\pcb_xray_annotation_workspace\bridge_roi_dataset\test\normal\14_6bcbad165d_n01.jpg,E:\Xray\X光图片20260330\X光图片20260330\合格\1\表贴及连接器通孔1\AP6\73\14.jpg,"(7, 1437, 472, 1902)"
test,normal,E:\Xray\Xray\pcb_xray_annotation_workspace\bridge_roi_dataset\test\normal\8_bea384688c_n00.jpg,E:\Xray\X光图片20260330\X光图片20260330\合格\4\5\8.jpg,"(2346, 801, 2811, 1266)"
test,normal,E:\Xray\Xray\pcb_xray_annotation_workspace\bridge_roi_dataset\test\normal\8_bea384688c_n01.jpg,E:\Xray\X光图片20260330\X光图片20260330\合格\4\5\8.jpg,"(2324, 66, 2789, 531)"
test,normal,E:\Xray\Xray\pcb_xray_annotation_workspace\bridge_roi_dataset\test\normal\insufficient_through_solder_0027_b66e9c4f46_n00.jpg,E:\Xray\Xray\pcb_xray_annotation_workspace\images\insufficient_through_solder\insufficient_through_solder_0027.jpg,"(745, 1233, 1210, 1698)"
test,normal,E:\Xray\Xray\pcb_xray_annotation_workspace\bridge_roi_dataset\test\normal\insufficient_through_solder_0027_b66e9c4f46_n01.jpg,E:\Xray\Xray\pcb_xray_annotation_workspace\images\insufficient_through_solder\insufficient_through_solder_0027.jpg,"(1303, 1656, 1768, 2121)"
test,normal,E:\Xray\Xray\pcb_xray_annotation_workspace\bridge_roi_dataset\test\normal\insufficient_through_solder_0046_a10f059a97_n00.jpg,E:\Xray\Xray\pcb_xray_annotation_workspace\images\insufficient_through_solder\insufficient_through_solder_0046.jpg,"(2504, 452, 2969, 917)"
test,normal,E:\Xray\Xray\pcb_xray_annotation_workspace\bridge_roi_dataset\test\normal\insufficient_through_solder_0046_a10f059a97_n01.jpg,E:\Xray\Xray\pcb_xray_annotation_workspace\images\insufficient_through_solder\insufficient_through_solder_0046.jpg,"(2619, 1158, 3084, 1623)"
test,normal,E:\Xray\Xray\pcb_xray_annotation_workspace\bridge_roi_dataset\test\normal\4_05d1209de1_n00.jpg,E:\Xray\X光图片20260330\X光图片20260330\合格\2\4图片以表贴类型为主\105\4.jpg,"(426, 1016, 891, 1481)"
test,normal,E:\Xray\Xray\pcb_xray_annotation_workspace\bridge_roi_dataset\test\normal\4_05d1209de1_n01.jpg,E:\Xray\X光图片20260330\X光图片20260330\合格\2\4图片以表贴类型为主\105\4.jpg,"(576, 678, 1041, 1143)"
test,normal,E:\Xray\Xray\pcb_xray_annotation_workspace\bridge_roi_dataset\test\normal\insufficient_through_solder_0014_0052d99d91_n00.jpg,E:\Xray\Xray\pcb_xray_annotation_workspace\images\insufficient_through_solder\insufficient_through_solder_0014.jpg,"(318, 487, 783, 952)"
test,normal,E:\Xray\Xray\pcb_xray_annotation_workspace\bridge_roi_dataset\test\normal\insufficient_through_solder_0014_0052d99d91_n01.jpg,E:\Xray\Xray\pcb_xray_annotation_workspace\images\insufficient_through_solder\insufficient_through_solder_0014.jpg,"(1420, 654, 1885, 1119)"
test,normal,E:\Xray\Xray\pcb_xray_annotation_workspace\bridge_roi_dataset\test\normal\14_6f29b4c12a_n00.jpg,E:\Xray\X光图片20260330\X光图片20260330\合格\2\3表贴，存在直插通孔\AP5\11\14.jpg,"(687, 1302, 1152, 1767)"
test,normal,E:\Xray\Xray\pcb_xray_annotation_workspace\bridge_roi_dataset\test\normal\14_6f29b4c12a_n01.jpg,E:\Xray\X光图片20260330\X光图片20260330\合格\2\3表贴，存在直插通孔\AP5\11\14.jpg,"(363, 1451, 828, 1916)"
test,normal,E:\Xray\Xray\pcb_xray_annotation_workspace\bridge_roi_dataset\test\normal\8_514ddf8063_n00.jpg,E:\Xray\X光图片20260330\X光图片20260330\合格\2\5该文件夹里多为直插通孔类型\176\8.jpg,"(2617, 1493, 3082, 1958)"
test,normal,E:\Xray\Xray\pcb_xray_annotation_workspace\bridge_roi_dataset\test\normal\8_514ddf8063_n01.jpg,E:\Xray\X光图片20260330\X光图片20260330\合格\2\5该文件夹里多为直插通孔类型\176\8.jpg,"(1375, 914, 1840, 1379)"
test,normal,E:\Xray\Xray\pcb_xray_annotation_workspace\bridge_roi_dataset\test\normal\11_9b93df6d43_n00.jpg,E:\Xray\X光图片20260330\X光图片20260330\合格\2\5该文件夹里多为直插通孔类型\178\11.jpg,"(46, 543, 511, 1008)"
test,normal,E:\Xray\Xray\pcb_xray_annotation_workspace\bridge_roi_dataset\test\normal\11_9b93df6d43_n01.jpg,E:\Xray\X光图片20260330\X光图片20260330\合格\2\5该文件夹里多为直插通孔类型\178\11.jpg,"(858, 511, 1323, 976)"
test,normal,E:\Xray\Xray\pcb_xray_annotation_workspace\bridge_roi_dataset\test\normal\3_b5f281bdf7_n00.jpg,E:\Xray\X光图片20260330\X光图片20260330\合格\1\通孔1\ap2\通孔1\3.jpg,"(277, 717, 742, 1182)"
test,normal,E:\Xray\Xray\pcb_xray_annotation_workspace\bridge_roi_dataset\test\normal\3_b5f281bdf7_n01.jpg,E:\Xray\X光图片20260330\X光图片20260330\合格\1\通孔1\ap2\通孔1\3.jpg,"(1051, 1611, 1516, 2076)"
test,normal,E:\Xray\Xray\pcb_xray_annotation_workspace\bridge_roi_dataset\test\normal\6_a95b4a47e1_n00.jpg,E:\Xray\X光图片20260330\X光图片20260330\合格\2\5该文件夹里多为直插通孔类型\177\6.jpg,"(442, 1475, 907, 1940)"
test,normal,E:\Xray\Xray\pcb_xray_annotation_workspace\bridge_roi_dataset\test\normal\6_a95b4a47e1_n01.jpg,E:\Xray\X光图片20260330\X光图片20260330\合格\2\5该文件夹里多为直插通孔类型\177\6.jpg,"(5, 98, 470, 563)"
test,normal,E:\Xray\Xray\pcb_xray_annotation_workspace\bridge_roi_dataset\test\normal\3_c0e55f13d9_n00.jpg,E:\Xray\X光图片20260330\X光图片20260330\合格\4\4\3.jpg,"(1580, 897, 2045, 1362)"
test,normal,E:\Xray\Xray\pcb_xray_annotation_workspace\bridge_roi_dataset\test\normal\3_c0e55f13d9_n01.jpg,E:\Xray\X光图片20260330\X光图片20260330\合格\4\4\3.jpg,"(1718, 340, 2183, 805)"
test,normal,E:\Xray\Xray\pcb_xray_annotation_workspace\bridge_roi_dataset\test\normal\6_645e5f5685_n00.jpg,E:\Xray\X光图片20260330\X光图片20260330\合格\2\5该文件夹里多为直插通孔类型\185\6.jpg,"(1695, 1009, 2160, 1474)"
test,normal,E:\Xray\Xray\pcb_xray_annotation_workspace\bridge_roi_dataset\test\normal\6_645e5f5685_n01.jpg,E:\Xray\X光图片20260330\X光图片20260330\合格\2\5该文件夹里多为直插通孔类型\185\6.jpg,"(1551, 719, 2016, 1184)"
test,normal,E:\Xray\Xray\pcb_xray_annotation_workspace\bridge_roi_dataset\test\normal\void_0111_98f9fcdfec_n00.jpg,E:\Xray\Xray\pcb_xray_annotation_workspace\images\void\void_0111.jpg,"(384, 25, 849, 490)"
test,normal,E:\Xray\Xray\pcb_xray_annotation_workspace\bridge_roi_dataset\test\normal\void_0111_98f9fcdfec_n01.jpg,E:\Xray\Xray\pcb_xray_annotation_workspace\images\void\void_0111.jpg,"(490, 147, 955, 612)"
test,normal,E:\Xray\Xray\pcb_xray_annotation_workspace\bridge_roi_dataset\test\normal\void_0104_7b904f0813_n00.jpg,E:\Xray\Xray\pcb_xray_annotation_workspace\images\void\void_0104.jpg,"(1333, 461, 1798, 926)"
test,normal,E:\Xray\Xray\pcb_xray_annotation_workspace\bridge_roi_dataset\test\normal\void_0104_7b904f0813_n01.jpg,E:\Xray\Xray\pcb_xray_annotation_workspace\images\void\void_0104.jpg,"(333, 924, 798, 1389)"
test,normal,E:\Xray\Xray\pcb_xray_annotation_workspace\bridge_roi_dataset\test\normal\3_034cd6078f_n00.jpg,E:\Xray\X光图片20260330\X光图片20260330\合格\1\表贴及连接器通孔1\AP7\73\3.jpg,"(301, 1636, 766, 2101)"
test,normal,E:\Xray\Xray\pcb_xray_annotation_workspace\bridge_roi_dataset\test\normal\3_034cd6078f_n01.jpg,E:\Xray\X光图片20260330\X光图片20260330\合格\1\表贴及连接器通孔1\AP7\73\3.jpg,"(136, 603, 601, 1068)"
test,normal,E:\Xray\Xray\pcb_xray_annotation_workspace\bridge_roi_dataset\test\normal\连接器10_9a4b0ff9fd_n00.jpg,E:\Xray\X光图片20260330\X光图片20260330\合格\2\4图片以表贴类型为主\101\连接器10.jpg,"(82, 652, 547, 1117)"
test,normal,E:\Xray\Xray\pcb_xray_annotation_workspace\bridge_roi_dataset\test\normal\连接器10_9a4b0ff9fd_n01.jpg,E:\Xray\X光图片20260330\X光图片20260330\合格\2\4图片以表贴类型为主\101\连接器10.jpg,"(1069, 214, 1534, 679)"
test,normal,E:\Xray\Xray\pcb_xray_annotation_workspace\bridge_roi_dataset\test\normal\9_ee7fc99e14_n00.jpg,E:\Xray\X光图片20260330\X光图片20260330\合格\1\表贴及连接器通孔1\AP6\73\9.jpg,"(303, 700, 768, 1165)"
test,normal,E:\Xray\Xray\pcb_xray_annotation_workspace\bridge_roi_dataset\test\normal\9_ee7fc99e14_n01.jpg,E:\Xray\X光图片20260330\X光图片20260330\合格\1\表贴及连接器通孔1\AP6\73\9.jpg,"(696, 768, 1161, 1233)"
test,normal,E:\Xray\Xray\pcb_xray_annotation_workspace\bridge_roi_dataset\test\normal\4_35d1b9451c_n00.jpg,E:\Xray\X光图片20260330\X光图片20260330\合格\2\5该文件夹里多为直插通孔类型\171\4.jpg,"(659, 1499, 1124, 1964)"
test,normal,E:\Xray\Xray\pcb_xray_annotation_workspace\bridge_roi_dataset\test\normal\4_35d1b9451c_n01.jpg,E:\Xray\X光图片20260330\X光图片20260330\合格\2\5该文件夹里多为直插通孔类型\171\4.jpg,"(307, 1120, 772, 1585)"
test,normal,E:\Xray\Xray\pcb_xray_annotation_workspace\bridge_roi_dataset\test\normal\void_0010_ceff4d0e13_n00.jpg,E:\Xray\Xray\pcb_xray_annotation_workspace\images\void\void_0010.jpg,"(381, 692, 846, 1157)"
test,normal,E:\Xray\Xray\pcb_xray_annotation_workspace\bridge_roi_dataset\test\normal\void_0010_ceff4d0e13_n01.jpg,E:\Xray\Xray\pcb_xray_annotation_workspace\images\void\void_0010.jpg,"(2433, 1256, 2898, 1721)"
test,normal,E:\Xray\Xray\pcb_xray_annotation_workspace\bridge_roi_dataset\test\normal\6_6db278fc4b_n00.jpg,E:\Xray\X光图片20260330\X光图片20260330\合格\2\4图片以表贴类型为主\101\6.jpg,"(1977, 1442, 2442, 1907)"
test,normal,E:\Xray\Xray\pcb_xray_annotation_workspace\bridge_roi_dataset\test\normal\6_6db278fc4b_n01.jpg,E:\Xray\X光图片20260330\X光图片20260330\合格\2\4图片以表贴类型为主\101\6.jpg,"(126, 883, 591, 1348)"
test,normal,E:\Xray\Xray\pcb_xray_annotation_workspace\bridge_roi_dataset\test\normal\insufficient_through_solder_0005_ba3fa43c75_n00.jpg,E:\Xray\Xray\pcb_xray_annotation_workspace\images\insufficient_through_solder\insufficient_through_solder_0005.jpg,"(2677, 337, 3142, 802)"
test,normal,E:\Xray\Xray\pcb_xray_annotation_workspace\bridge_roi_dataset\test\normal\insufficient_through_solder_0005_ba3fa43c75_n01.jpg,E:\Xray\Xray\pcb_xray_annotation_workspace\images\insufficient_through_solder\insufficient_through_solder_0005.jpg,"(2487, 889, 2952, 1354)"
test,normal,E:\Xray\Xray\pcb_xray_annotation_workspace\bridge_roi_dataset\test\normal\10_8818ea3c40_n00.jpg,E:\Xray\X光图片20260330\X光图片20260330\合格\1\表贴及连接器通孔\AP5\73\10.jpg,"(643, 109, 1108, 574)"
test,normal,E:\Xray\Xray\pcb_xray_annotation_workspace\bridge_roi_dataset\test\normal\10_8818ea3c40_n01.jpg,E:\Xray\X光图片20260330\X光图片20260330\合格\1\表贴及连接器通孔\AP5\73\10.jpg,"(414, 678, 879, 1143)"
test,normal,E:\Xray\Xray\pcb_xray_annotation_workspace\bridge_roi_dataset\test\normal\12_4d8f9f2db0_n00.jpg,E:\Xray\X光图片20260330\X光图片20260330\合格\1\表贴及连接器通孔1\AP6\73\12.jpg,"(841, 389, 1306, 854)"
test,normal,E:\Xray\Xray\pcb_xray_annotation_workspace\bridge_roi_dataset\test\normal\12_4d8f9f2db0_n01.jpg,E:\Xray\X光图片20260330\X光图片20260330\合格\1\表贴及连接器通孔1\AP6\73\12.jpg,"(1676, 1427, 2141, 1892)"
test,normal,E:\Xray\Xray\pcb_xray_annotation_workspace\bridge_roi_dataset\test\normal\insufficient_through_solder_0049_944441caec_n00.jpg,E:\Xray\Xray\pcb_xray_annotation_workspace\images\insufficient_through_solder\insufficient_through_solder_0049.jpg,"(1134, 1106, 1599, 1571)"
test,normal,E:\Xray\Xray\pcb_xray_annotation_workspace\bridge_roi_dataset\test\normal\insufficient_through_solder_0049_944441caec_n01.jpg,E:\Xray\Xray\pcb_xray_annotation_workspace\images\insufficient_through_solder\insufficient_through_solder_0049.jpg,"(543, 576, 1008, 1041)"
test,normal,E:\Xray\Xray\pcb_xray_annotation_workspace\bridge_roi_dataset\test\normal\4_4e912becf8_n00.jpg,E:\Xray\X光图片20260330\X光图片20260330\合格\2\1多为直插通孔\40\4.jpg,"(1218, 486, 1683, 951)"
test,normal,E:\Xray\Xray\pcb_xray_annotation_workspace\bridge_roi_dataset\test\normal\4_4e912becf8_n01.jpg,E:\Xray\X光图片20260330\X光图片20260330\合格\2\1多为直插通孔\40\4.jpg,"(392, 101, 857, 566)"
test,normal,E:\Xray\Xray\pcb_xray_annotation_workspace\bridge_roi_dataset\test\normal\3_bde4079a72_n00.jpg,E:\Xray\X光图片20260330\X光图片20260330\合格\3\1\27\3.jpg,"(1609, 1170, 2074, 1635)"
test,normal,E:\Xray\Xray\pcb_xray_annotation_workspace\bridge_roi_dataset\test\normal\3_bde4079a72_n01.jpg,E:\Xray\X光图片20260330\X光图片20260330\合格\3\1\27\3.jpg,"(2251, 1005, 2716, 1470)"
test,normal,E:\Xray\Xray\pcb_xray_annotation_workspace\bridge_roi_dataset\test\normal\3_8e87d34ab3_n00.jpg,E:\Xray\X光图片20260330\X光图片20260330\合格\2\5该文件夹里多为直插通孔类型\177\3.jpg,"(629, 111, 1094, 576)"
test,normal,E:\Xray\Xray\pcb_xray_annotation_workspace\bridge_roi_dataset\test\normal\3_8e87d34ab3_n01.jpg,E:\Xray\X光图片20260330\X光图片20260330\合格\2\5该文件夹里多为直插通孔类型\177\3.jpg,"(1477, 7, 1942, 472)"
test,normal,E:\Xray\Xray\pcb_xray_annotation_workspace\bridge_roi_dataset\test\normal\2_4cf5b72dc7_n00.jpg,E:\Xray\X光图片20260330\X光图片20260330\合格\4\2\2.jpg,"(1751, 179, 2216, 644)"
test,normal,E:\Xray\Xray\pcb_xray_annotation_workspace\bridge_roi_dataset\test\normal\2_4cf5b72dc7_n01.jpg,E:\Xray\X光图片20260330\X光图片20260330\合格\4\2\2.jpg,"(1206, 1355, 1671, 1820)"
test,normal,E:\Xray\Xray\pcb_xray_annotation_workspace\bridge_roi_dataset\test\normal\4_df55665feb_n00.jpg,E:\Xray\X光图片20260330\X光图片20260330\合格\4\3\4.jpg,"(2560, 1229, 3025, 1694)"
test,normal,E:\Xray\Xray\pcb_xray_annotation_workspace\bridge_roi_dataset\test\normal\4_df55665feb_n01.jpg,E:\Xray\X光图片20260330\X光图片20260330\合格\4\3\4.jpg,"(1967, 408, 2432, 873)"
test,normal,E:\Xray\Xray\pcb_xray_annotation_workspace\bridge_roi_dataset\test\normal\void_0071_b0d5c15407_n00.jpg,E:\Xray\Xray\pcb_xray_annotation_workspace\images\void\void_0071.jpg,"(198, 52, 663, 517)"
test,normal,E:\Xray\Xray\pcb_xray_annotation_workspace\bridge_roi_dataset\test\normal\void_0071_b0d5c15407_n01.jpg,E:\Xray\Xray\pcb_xray_annotation_workspace\images\void\void_0071.jpg,"(423, 349, 888, 814)"
test,normal,E:\Xray\Xray\pcb_xray_annotation_workspace\bridge_roi_dataset\test\normal\8_3c14205310_n00.jpg,E:\Xray\X光图片20260330\X光图片20260330\合格\2\5该文件夹里多为直插通孔类型\171\8.jpg,"(2614, 597, 3079, 1062)"
test,normal,E:\Xray\Xray\pcb_xray_annotation_workspace\bridge_roi_dataset\test\normal\8_3c14205310_n01.jpg,E:\Xray\X光图片20260330\X光图片20260330\合格\2\5该文件夹里多为直插通孔类型\171\8.jpg,"(335, 969, 800, 1434)"
test,normal,E:\Xray\Xray\pcb_xray_annotation_workspace\bridge_roi_dataset\test\normal\1_541a3e6c0d_n00.jpg,E:\Xray\X光图片20260330\X光图片20260330\合格\2\5该文件夹里多为直插通孔类型\194\1.jpg,"(473, 631, 938, 1096)"
test,normal,E:\Xray\Xray\pcb_xray_annotation_workspace\bridge_roi_dataset\test\normal\1_541a3e6c0d_n01.jpg,E:\Xray\X光图片20260330\X光图片20260330\合格\2\5该文件夹里多为直插通孔类型\194\1.jpg,"(1628, 964, 2093, 1429)"
test,normal,E:\Xray\Xray\pcb_xray_annotation_workspace\bridge_roi_dataset\test\normal\8_26f0f92819_n00.jpg,E:\Xray\X光图片20260330\X光图片20260330\合格\1\表贴及连接器通孔1\AP6\73\8.jpg,"(2003, 1353, 2468, 1818)"
test,normal,E:\Xray\Xray\pcb_xray_annotation_workspace\bridge_roi_dataset\test\normal\8_26f0f92819_n01.jpg,E:\Xray\X光图片20260330\X光图片20260330\合格\1\表贴及连接器通孔1\AP6\73\8.jpg,"(1085, 186, 1550, 651)"
test,normal,E:\Xray\Xray\pcb_xray_annotation_workspace\bridge_roi_dataset\test\normal\8_985496bdc0_n00.jpg,E:\Xray\X光图片20260330\X光图片20260330\合格\2\5该文件夹里多为直插通孔类型\178\8.jpg,"(2629, 1114, 3094, 1579)"
test,normal,E:\Xray\Xray\pcb_xray_annotation_workspace\bridge_roi_dataset\test\normal\8_985496bdc0_n01.jpg,E:\Xray\X光图片20260330\X光图片20260330\合格\2\5该文件夹里多为直插通孔类型\178\8.jpg,"(1587, 378, 2052, 843)"
test,normal,E:\Xray\Xray\pcb_xray_annotation_workspace\bridge_roi_dataset\test\normal\4_6a8690007e_n00.jpg,E:\Xray\X光图片20260330\X光图片20260330\合格\1\表贴及连接器通孔2\073\4.jpg,"(1519, 781, 1984, 1246)"
test,normal,E:\Xray\Xray\pcb_xray_annotation_workspace\bridge_roi_dataset\test\normal\4_6a8690007e_n01.jpg,E:\Xray\X光图片20260330\X光图片20260330\合格\1\表贴及连接器通孔2\073\4.jpg,"(1513, 382, 1978, 847)"
test,normal,E:\Xray\Xray\pcb_xray_annotation_workspace\bridge_roi_dataset\test\normal\6_d052211d57_n00.jpg,E:\Xray\X光图片20260330\X光图片20260330\合格\2\5该文件夹里多为直插通孔类型\192\6.jpg,"(1825, 91, 2290, 556)"
test,normal,E:\Xray\Xray\pcb_xray_annotation_workspace\bridge_roi_dataset\test\normal\6_d052211d57_n01.jpg,E:\Xray\X光图片20260330\X光图片20260330\合格\2\5该文件夹里多为直插通孔类型\192\6.jpg,"(1078, 900, 1543, 1365)"
test,normal,E:\Xray\Xray\pcb_xray_annotation_workspace\bridge_roi_dataset\test\normal\12_02fa1ed1bc_n00.jpg,E:\Xray\X光图片20260330\X光图片20260330\合格\2\5该文件夹里多为直插通孔类型\186\12.jpg,"(1904, 539, 2369, 1004)"
test,normal,E:\Xray\Xray\pcb_xray_annotation_workspace\bridge_roi_dataset\test\normal\12_02fa1ed1bc_n01.jpg,E:\Xray\X光图片20260330\X光图片20260330\合格\2\5该文件夹里多为直插通孔类型\186\12.jpg,"(926, 550, 1391, 1015)"
test,normal,E:\Xray\Xray\pcb_xray_annotation_workspace\bridge_roi_dataset\test\normal\insufficient_through_solder_0075_1b332f33d0_n00.jpg,E:\Xray\Xray\pcb_xray_annotation_workspace\images\insufficient_through_solder\insufficient_through_solder_0075.jpg,"(1155, 126, 1620, 591)"
test,normal,E:\Xray\Xray\pcb_xray_annotation_workspace\bridge_roi_dataset\test\normal\insufficient_through_solder_0075_1b332f33d0_n01.jpg,E:\Xray\Xray\pcb_xray_annotation_workspace\images\insufficient_through_solder\insufficient_through_solder_0075.jpg,"(309, 198, 774, 663)"
test,normal,E:\Xray\Xray\pcb_xray_annotation_workspace\bridge_roi_dataset\test\normal\9_d90c9e5b8b_n00.jpg,E:\Xray\X光图片20260330\X光图片20260330\合格\1\表贴及连接器通孔\AP4\74\9.jpg,"(351, 1368, 816, 1833)"
test,normal,E:\Xray\Xray\pcb_xray_annotation_workspace\bridge_roi_dataset\test\normal\9_d90c9e5b8b_n01.jpg,E:\Xray\X光图片20260330\X光图片20260330\合格\1\表贴及连接器通孔\AP4\74\9.jpg,"(1408, 1655, 1873, 2120)"
test,normal,E:\Xray\Xray\pcb_xray_annotation_workspace\bridge_roi_dataset\test\normal\void_0046_6befad3a68_n00.jpg,E:\Xray\Xray\pcb_xray_annotation_workspace\images\void\void_0046.jpg,"(1108, 847, 1573, 1312)"
test,normal,E:\Xray\Xray\pcb_xray_annotation_workspace\bridge_roi_dataset\test\normal\void_0046_6befad3a68_n01.jpg,E:\Xray\Xray\pcb_xray_annotation_workspace\images\void\void_0046.jpg,"(1549, 1207, 2014, 1672)"
test,normal,E:\Xray\Xray\pcb_xray_annotation_workspace\bridge_roi_dataset\test\normal\11_05bb408600_n00.jpg,E:\Xray\X光图片20260330\X光图片20260330\合格\2\4图片以表贴类型为主\105\11.jpg,"(931, 1133, 1396, 1598)"
test,normal,E:\Xray\Xray\pcb_xray_annotation_workspace\bridge_roi_dataset\test\normal\11_05bb408600_n01.jpg,E:\Xray\X光图片20260330\X光图片20260330\合格\2\4图片以表贴类型为主\105\11.jpg,"(249, 792, 714, 1257)"
test,normal,E:\Xray\Xray\pcb_xray_annotation_workspace\bridge_roi_dataset\test\normal\4_a07ac19175_n00.jpg,E:\Xray\X光图片20260330\X光图片20260330\合格\3\3\27\4.jpg,"(2140, 857, 2605, 1322)"
test,normal,E:\Xray\Xray\pcb_xray_annotation_workspace\bridge_roi_dataset\test\normal\4_a07ac19175_n01.jpg,E:\Xray\X光图片20260330\X光图片20260330\合格\3\3\27\4.jpg,"(2193, 1407, 2658, 1872)"
test,normal,E:\Xray\Xray\pcb_xray_annotation_workspace\bridge_roi_dataset\test\normal\9_bc3fb7bd7e_n00.jpg,E:\Xray\X光图片20260330\X光图片20260330\合格\2\5该文件夹里多为直插通孔类型\175\9.jpg,"(1944, 1172, 2409, 1637)"
test,normal,E:\Xray\Xray\pcb_xray_annotation_workspace\bridge_roi_dataset\test\normal\9_bc3fb7bd7e_n01.jpg,E:\Xray\X光图片20260330\X光图片20260330\合格\2\5该文件夹里多为直插通孔类型\175\9.jpg,"(965, 975, 1430, 1440)"
test,normal,E:\Xray\Xray\pcb_xray_annotation_workspace\bridge_roi_dataset\test\normal\void_0090_025a597e6b_n00.jpg,E:\Xray\Xray\pcb_xray_annotation_workspace\images\void\void_0090.jpg,"(306, 20, 771, 485)"
test,normal,E:\Xray\Xray\pcb_xray_annotation_workspace\bridge_roi_dataset\test\normal\void_0090_025a597e6b_n01.jpg,E:\Xray\Xray\pcb_xray_annotation_workspace\images\void\void_0090.jpg,"(404, 8, 869, 473)"
test,normal,E:\Xray\Xray\pcb_xray_annotation_workspace\bridge_roi_dataset\test\normal\11_6fc7c3f7ce_n00.jpg,E:\Xray\X光图片20260330\X光图片20260330\合格\2\5该文件夹里多为直插通孔类型\177\11.jpg,"(2056, 1169, 2521, 1634)"
test,normal,E:\Xray\Xray\pcb_xray_annotation_workspace\bridge_roi_dataset\test\normal\11_6fc7c3f7ce_n01.jpg,E:\Xray\X光图片20260330\X光图片20260330\合格\2\5该文件夹里多为直插通孔类型\177\11.jpg,"(2116, 1639, 2581, 2104)"
test,normal,E:\Xray\Xray\pcb_xray_annotation_workspace\bridge_roi_dataset\test\normal\12_68695408c1_n00.jpg,E:\Xray\X光图片20260330\X光图片20260330\合格\1\表贴及连接器通孔1\AP7\73\12.jpg,"(2340, 1387, 2805, 1852)"
test,normal,E:\Xray\Xray\pcb_xray_annotation_workspace\bridge_roi_dataset\test\normal\12_68695408c1_n01.jpg,E:\Xray\X光图片20260330\X光图片20260330\合格\1\表贴及连接器通孔1\AP7\73\12.jpg,"(2540, 301, 3005, 766)"
test,normal,E:\Xray\Xray\pcb_xray_annotation_workspace\bridge_roi_dataset\test\normal\1_7de0f87fff_n00.jpg,E:\Xray\X光图片20260330\X光图片20260330\合格\2\5该文件夹里多为直插通孔类型\179\1.jpg,"(492, 1550, 957, 2015)"
test,normal,E:\Xray\Xray\pcb_xray_annotation_workspace\bridge_roi_dataset\test\normal\1_7de0f87fff_n01.jpg,E:\Xray\X光图片20260330\X光图片20260330\合格\2\5该文件夹里多为直插通孔类型\179\1.jpg,"(1839, 354, 2304, 819)"
test,normal,E:\Xray\Xray\pcb_xray_annotation_workspace\bridge_roi_dataset\test\normal\8_9540db8921_n00.jpg,E:\Xray\X光图片20260330\X光图片20260330\合格\1\表贴及连接器通孔1\AP6\74\8.jpg,"(684, 433, 1149, 898)"
test,normal,E:\Xray\Xray\pcb_xray_annotation_workspace\bridge_roi_dataset\test\normal\8_9540db8921_n01.jpg,E:\Xray\X光图片20260330\X光图片20260330\合格\1\表贴及连接器通孔1\AP6\74\8.jpg,"(789, 258, 1254, 723)"
test,normal,E:\Xray\Xray\pcb_xray_annotation_workspace\bridge_roi_dataset\test\normal\4_63842ddbab_n00.jpg,E:\Xray\X光图片20260330\X光图片20260330\合格\1\表贴及连接器通孔1\AP7\73\4.jpg,"(174, 867, 639, 1332)"
test,normal,E:\Xray\Xray\pcb_xray_annotation_workspace\bridge_roi_dataset\test\normal\4_63842ddbab_n01.jpg,E:\Xray\X光图片20260330\X光图片20260330\合格\1\表贴及连接器通孔1\AP7\73\4.jpg,"(320, 1399, 785, 1864)"
test,normal,E:\Xray\Xray\pcb_xray_annotation_workspace\bridge_roi_dataset\test\normal\12_ac75300419_n00.jpg,E:\Xray\X光图片20260330\X光图片20260330\合格\2\5该文件夹里多为直插通孔类型\175\12.jpg,"(1783, 413, 2248, 878)"
test,normal,E:\Xray\Xray\pcb_xray_annotation_workspace\bridge_roi_dataset\test\normal\12_ac75300419_n01.jpg,E:\Xray\X光图片20260330\X光图片20260330\合格\2\5该文件夹里多为直插通孔类型\175\12.jpg,"(2569, 302, 3034, 767)"
test,normal,E:\Xray\Xray\pcb_xray_annotation_workspace\bridge_roi_dataset\test\normal\insufficient_through_solder_0109_ff332a8808_n00.jpg,E:\Xray\Xray\pcb_xray_annotation_workspace\images\insufficient_through_solder\insufficient_through_solder_0109.jpg,"(264, 81, 729, 546)"
test,normal,E:\Xray\Xray\pcb_xray_annotation_workspace\bridge_roi_dataset\test\normal\insufficient_through_solder_0109_ff332a8808_n01.jpg,E:\Xray\Xray\pcb_xray_annotation_workspace\images\insufficient_through_solder\insufficient_through_solder_0109.jpg,"(68, 22, 533, 487)"
test,normal,E:\Xray\Xray\pcb_xray_annotation_workspace\bridge_roi_dataset\test\normal\4_6b8743c820_n00.jpg,E:\Xray\X光图片20260330\X光图片20260330\合格\2\3表贴，存在直插通孔\AP5\11\4.jpg,"(1589, 1139, 2054, 1604)"
test,normal,E:\Xray\Xray\pcb_xray_annotation_workspace\bridge_roi_dataset\test\normal\4_6b8743c820_n01.jpg,E:\Xray\X光图片20260330\X光图片20260330\合格\2\3表贴，存在直插通孔\AP5\11\4.jpg,"(1627, 1130, 2092, 1595)"
test,normal,E:\Xray\Xray\pcb_xray_annotation_workspace\bridge_roi_dataset\test\normal\1_f2cd567529_n00.jpg,E:\Xray\X光图片20260330\X光图片20260330\合格\1\通孔1\ap1\通孔2\1.jpg,"(1335, 565, 1800, 1030)"
test,normal,E:\Xray\Xray\pcb_xray_annotation_workspace\bridge_roi_dataset\test\normal\1_f2cd567529_n01.jpg,E:\Xray\X光图片20260330\X光图片20260330\合格\1\通孔1\ap1\通孔2\1.jpg,"(2128, 938, 2593, 1403)"
test,normal,E:\Xray\Xray\pcb_xray_annotation_workspace\bridge_roi_dataset\test\normal\5_d033802faf_n00.jpg,E:\Xray\X光图片20260330\X光图片20260330\合格\2\4图片以表贴类型为主\106\5.jpg,"(50, 1610, 515, 2075)"
test,normal,E:\Xray\Xray\pcb_xray_annotation_workspace\bridge_roi_dataset\test\normal\5_d033802faf_n01.jpg,E:\Xray\X光图片20260330\X光图片20260330\合格\2\4图片以表贴类型为主\106\5.jpg,"(2552, 1203, 3017, 1668)"
test,normal,E:\Xray\Xray\pcb_xray_annotation_workspace\bridge_roi_dataset\test\normal\5_55b98d37a6_n00.jpg,E:\Xray\X光图片20260330\X光图片20260330\合格\2\5该文件夹里多为直插通孔类型\175\5.jpg,"(2140, 1600, 2605, 2065)"
test,normal,E:\Xray\Xray\pcb_xray_annotation_workspace\bridge_roi_dataset\test\normal\5_55b98d37a6_n01.jpg,E:\Xray\X光图片20260330\X光图片20260330\合格\2\5该文件夹里多为直插通孔类型\175\5.jpg,"(1718, 230, 2183, 695)"
